timestamp,ref_id,rho,level,R_m,n_neighbors
1.0,SD05,0.012732395447351627,1,5000.0,1
1.0,LNI204,0.012732395447351627,1,5000.0,1
2.0,SD05,0.012732395447351627,1,5000.0,1
2.0,LNI204,0.012732395447351627,1,5000.0,1
3.0,SD05,0.012732395447351627,1,5000.0,1
3.0,LNI204,0.012732395447351627,1,5000.0,1
4.0,SD05,0.012732395447351627,1,5000.0,1
4.0,LNI204,0.012732395447351627,1,5000.0,1
5.0,SD05,0.012732395447351627,1,5000.0,1
5.0,LNI204,0.012732395447351627,1,5000.0,1
6.0,SD05,0.012732395447351627,1,5000.0,1
6.0,LNI204,0.012732395447351627,1,5000.0,1
7.0,SD05,0.012732395447351627,1,5000.0,1
7.0,LNI204,0.012732395447351627,1,5000.0,1
8.0,SD05,0.012732395447351627,1,5000.0,1
8.0,LNI204,0.012732395447351627,1,5000.0,1
9.0,SD05,0.012732395447351627,1,5000.0,1
9.0,LNI204,0.012732395447351627,1,5000.0,1
10.0,SD05,0.012732395447351627,1,5000.0,1
10.0,LNI204,0.012732395447351627,1,5000.0,1
11.0,SD05,0.012732395447351627,1,5000.0,1
11.0,LNI204,0.012732395447351627,1,5000.0,1
12.0,SD05,0.012732395447351627,1,5000.0,1
12.0,LNI204,0.012732395447351627,1,5000.0,1
13.0,SD05,0.012732395447351627,1,5000.0,1
13.0,LNI204,0.012732395447351627,1,5000.0,1
14.0,SD05,0.012732395447351627,1,5000.0,1
14.0,LNI204,0.012732395447351627,1,5000.0,1
15.0,SD05,0.012732395447351627,1,5000.0,1
15.0,LNI204,0.012732395447351627,1,5000.0,1
16.0,SD05,0.012732395447351627,1,5000.0,1
16.0,LNI204,0.012732395447351627,1,5000.0,1
17.0,SD05,0.012732395447351627,1,5000.0,1
17.0,LNI204,0.012732395447351627,1,5000.0,1
18.0,SD05,0.012732395447351627,1,5000.0,1
18.0,LNI204,0.012732395447351627,1,5000.0,1
19.0,SD05,0.012732395447351627,1,5000.0,1
19.0,LNI204,0.012732395447351627,1,5000.0,1
20.0,SD05,0.012732395447351627,1,5000.0,1
20.0,LNI204,0.012732395447351627,1,5000.0,1
21.0,SD05,0.012732395447351627,1,5000.0,1
21.0,LNI204,0.012732395447351627,1,5000.0,1
22.0,SD05,0.012732395447351627,1,5000.0,1
22.0,LNI204,0.012732395447351627,1,5000.0,1
23.0,SD05,0.012732395447351627,1,5000.0,1
23.0,LNI204,0.012732395447351627,1,5000.0,1
24.0,SD05,0.012732395447351627,1,5000.0,1
24.0,LNI204,0.012732395447351627,1,5000.0,1
25.0,SD05,0.012732395447351627,1,5000.0,1
25.0,LNI204,0.012732395447351627,1,5000.0,1
26.0,SD05,0.012732395447351627,1,5000.0,1
26.0,LNI204,0.012732395447351627,1,5000.0,1
27.0,SD05,0.012732395447351627,1,5000.0,1
27.0,LNI204,0.012732395447351627,1,5000.0,1
28.0,SD05,0.012732395447351627,1,5000.0,1
28.0,LNI204,0.012732395447351627,1,5000.0,1
29.0,SD05,0.012732395447351627,1,5000.0,1
29.0,LNI204,0.012732395447351627,1,5000.0,1
30.0,SD05,0.012732395447351627,1,5000.0,1
30.0,LNI204,0.012732395447351627,1,5000.0,1
31.0,SD05,0.012732395447351627,1,5000.0,1
31.0,LNI204,0.012732395447351627,1,5000.0,1
32.0,SD05,0.012732395447351627,1,5000.0,1
32.0,LNI204,0.012732395447351627,1,5000.0,1
33.0,SD05,0.012732395447351627,1,5000.0,1
33.0,LNI204,0.012732395447351627,1,5000.0,1
34.0,SD05,0.012732395447351627,1,5000.0,1
34.0,LNI204,0.012732395447351627,1,5000.0,1
35.0,SD05,0.012732395447351627,1,5000.0,1
35.0,LNI204,0.012732395447351627,1,5000.0,1
36.0,SD05,0.012732395447351627,1,5000.0,1
36.0,LNI204,0.012732395447351627,1,5000.0,1
37.0,SD05,0.012732395447351627,1,5000.0,1
37.0,LNI204,0.012732395447351627,1,5000.0,1
38.0,SD05,0.012732395447351627,1,5000.0,1
38.0,LNI204,0.012732395447351627,1,5000.0,1
39.0,SD05,0.012732395447351627,1,5000.0,1
39.0,LNI204,0.012732395447351627,1,5000.0,1
40.0,SD05,0.012732395447351627,1,5000.0,1
40.0,LNI204,0.012732395447351627,1,5000.0,1
41.0,SD05,0.012732395447351627,1,5000.0,1
41.0,LNI204,0.012732395447351627,1,5000.0,1
42.0,SD05,0.012732395447351627,1,5000.0,1
42.0,LNI204,0.012732395447351627,1,5000.0,1
43.0,SD05,0.012732395447351627,1,5000.0,1
43.0,LNI204,0.012732395447351627,1,5000.0,1
44.0,SD05,0.012732395447351627,1,5000.0,1
44.0,LNI204,0.012732395447351627,1,5000.0,1
45.0,SD05,0.012732395447351627,1,5000.0,1
45.0,LNI204,0.012732395447351627,1,5000.0,1
46.0,SD05,0.012732395447351627,1,5000.0,1
46.0,LNI204,0.012732395447351627,1,5000.0,1
47.0,SD05,0.012732395447351627,1,5000.0,1
47.0,LNI204,0.012732395447351627,1,5000.0,1
48.0,SD05,0.012732395447351627,1,5000.0,1
48.0,LNI204,0.012732395447351627,1,5000.0,1
49.0,SD05,0.012732395447351627,1,5000.0,1
49.0,LNI204,0.012732395447351627,1,5000.0,1
50.0,SD05,0.012732395447351627,1,5000.0,1
50.0,LNI204,0.012732395447351627,1,5000.0,1
51.0,SD05,0.012732395447351627,1,5000.0,1
51.0,LNI204,0.012732395447351627,1,5000.0,1
52.0,SD05,0.012732395447351627,1,5000.0,1
52.0,LNI204,0.012732395447351627,1,5000.0,1
53.0,SD05,0.012732395447351627,1,5000.0,1
53.0,LNI204,0.012732395447351627,1,5000.0,1
54.0,SD05,0.012732395447351627,1,5000.0,1
54.0,LNI204,0.012732395447351627,1,5000.0,1
55.0,SD05,0.012732395447351627,1,5000.0,1
55.0,LNI204,0.012732395447351627,1,5000.0,1
56.0,SD05,0.012732395447351627,1,5000.0,1
56.0,LNI204,0.012732395447351627,1,5000.0,1
57.0,SD05,0.012732395447351627,1,5000.0,1
57.0,LNI204,0.012732395447351627,1,5000.0,1
58.0,SD05,0.012732395447351627,1,5000.0,1
58.0,LNI204,0.012732395447351627,1,5000.0,1
59.0,SD05,0.012732395447351627,1,5000.0,1
59.0,LNI204,0.012732395447351627,1,5000.0,1
60.0,SD05,0.012732395447351627,1,5000.0,1
60.0,LNI204,0.012732395447351627,1,5000.0,1
61.0,SD05,0.012732395447351627,1,5000.0,1
61.0,LNI204,0.012732395447351627,1,5000.0,1
62.0,SD05,0.012732395447351627,1,5000.0,1
62.0,LNI204,0.012732395447351627,1,5000.0,1
63.0,SD05,0.012732395447351627,1,5000.0,1
63.0,LNI204,0.012732395447351627,1,5000.0,1
64.0,SD05,0.012732395447351627,1,5000.0,1
64.0,LNI204,0.012732395447351627,1,5000.0,1
65.0,SD05,0.012732395447351627,1,5000.0,1
65.0,LNI204,0.012732395447351627,1,5000.0,1
66.0,SD05,0.012732395447351627,1,5000.0,1
66.0,LNI204,0.012732395447351627,1,5000.0,1
67.0,SD05,0.012732395447351627,1,5000.0,1
67.0,LNI204,0.012732395447351627,1,5000.0,1
68.0,SD05,0.012732395447351627,1,5000.0,1
68.0,LNI204,0.012732395447351627,1,5000.0,1
69.0,SD05,0.012732395447351627,1,5000.0,1
69.0,LNI204,0.012732395447351627,1,5000.0,1
70.0,SD05,0.012732395447351627,1,5000.0,1
70.0,LNI204,0.012732395447351627,1,5000.0,1
71.0,SD05,0.012732395447351627,1,5000.0,1
71.0,LNI204,0.012732395447351627,1,5000.0,1
72.0,SD05,0.012732395447351627,1,5000.0,1
72.0,LNI204,0.012732395447351627,1,5000.0,1
73.0,SD05,0.012732395447351627,1,5000.0,1
73.0,LNI204,0.012732395447351627,1,5000.0,1
74.0,SD05,0.012732395447351627,1,5000.0,1
74.0,LNI204,0.012732395447351627,1,5000.0,1
75.0,SD05,0.012732395447351627,1,5000.0,1
75.0,LNI204,0.012732395447351627,1,5000.0,1
76.0,SD05,0.012732395447351627,1,5000.0,1
76.0,LNI204,0.012732395447351627,1,5000.0,1
77.0,SD05,0.012732395447351627,1,5000.0,1
77.0,LNI204,0.012732395447351627,1,5000.0,1
78.0,SD05,0.012732395447351627,1,5000.0,1
78.0,LNI204,0.012732395447351627,1,5000.0,1
79.0,SD05,0.012732395447351627,1,5000.0,1
79.0,LNI204,0.012732395447351627,1,5000.0,1
80.0,SD05,0.012732395447351627,1,5000.0,1
80.0,LNI204,0.012732395447351627,1,5000.0,1
81.0,SD05,0.012732395447351627,1,5000.0,1
81.0,LNI204,0.012732395447351627,1,5000.0,1
82.0,SD05,0.012732395447351627,1,5000.0,1
82.0,LNI204,0.012732395447351627,1,5000.0,1
83.0,SD05,0.012732395447351627,1,5000.0,1
83.0,LNI204,0.012732395447351627,1,5000.0,1
84.0,SD05,0.012732395447351627,1,5000.0,1
84.0,LNI204,0.012732395447351627,1,5000.0,1
85.0,SD05,0.012732395447351627,1,5000.0,1
85.0,LNI204,0.012732395447351627,1,5000.0,1
86.0,SD05,0.012732395447351627,1,5000.0,1
86.0,LNI204,0.012732395447351627,1,5000.0,1
87.0,SD05,0.012732395447351627,1,5000.0,1
87.0,LNI204,0.012732395447351627,1,5000.0,1
88.0,SD05,0.012732395447351627,1,5000.0,1
88.0,LNI204,0.012732395447351627,1,5000.0,1
89.0,SD05,0.012732395447351627,1,5000.0,1
89.0,LNI204,0.012732395447351627,1,5000.0,1
90.0,SD05,0.012732395447351627,1,5000.0,1
90.0,LNI204,0.012732395447351627,1,5000.0,1
91.0,SD05,0.012732395447351627,1,5000.0,1
91.0,LNI204,0.012732395447351627,1,5000.0,1
92.0,SD05,0.012732395447351627,1,5000.0,1
92.0,LNI204,0.012732395447351627,1,5000.0,1
93.0,SD05,0.012732395447351627,1,5000.0,1
93.0,LNI204,0.012732395447351627,1,5000.0,1
94.0,SD05,0.012732395447351627,1,5000.0,1
94.0,LNI204,0.012732395447351627,1,5000.0,1
95.0,SD05,0.012732395447351627,1,5000.0,1
95.0,LNI204,0.012732395447351627,1,5000.0,1
96.0,SD05,0.012732395447351627,1,5000.0,1
96.0,LNI204,0.012732395447351627,1,5000.0,1
97.0,SD05,0.012732395447351627,1,5000.0,1
97.0,LNI204,0.012732395447351627,1,5000.0,1
98.0,SD05,0.012732395447351627,1,5000.0,1
98.0,LNI204,0.012732395447351627,1,5000.0,1
99.0,SD05,0.012732395447351627,1,5000.0,1
99.0,LNI204,0.012732395447351627,1,5000.0,1
100.0,SD05,0.012732395447351627,1,5000.0,1
100.0,LNI204,0.012732395447351627,1,5000.0,1
101.0,SD05,0.012732395447351627,1,5000.0,1
101.0,LNI204,0.012732395447351627,1,5000.0,1
102.0,SD05,0.012732395447351627,1,5000.0,1
102.0,LNI204,0.012732395447351627,1,5000.0,1
103.0,SD05,0.012732395447351627,1,5000.0,1
103.0,LNI204,0.012732395447351627,1,5000.0,1
104.0,SD05,0.012732395447351627,1,5000.0,1
104.0,LNI204,0.012732395447351627,1,5000.0,1
105.0,SD05,0.012732395447351627,1,5000.0,1
105.0,LNI204,0.012732395447351627,1,5000.0,1
106.0,SD05,0.012732395447351627,1,5000.0,1
106.0,LNI204,0.012732395447351627,1,5000.0,1
107.0,SD05,0.012732395447351627,1,5000.0,1
107.0,LNI204,0.012732395447351627,1,5000.0,1
108.0,SD05,0.012732395447351627,1,5000.0,1
108.0,LNI204,0.012732395447351627,1,5000.0,1
109.0,SD05,0.012732395447351627,1,5000.0,1
109.0,LNI204,0.012732395447351627,1,5000.0,1
110.0,SD05,0.012732395447351627,1,5000.0,1
110.0,LNI204,0.012732395447351627,1,5000.0,1
111.0,SD05,0.012732395447351627,1,5000.0,1
111.0,LNI204,0.012732395447351627,1,5000.0,1
112.0,SD05,0.012732395447351627,1,5000.0,1
112.0,LNI204,0.012732395447351627,1,5000.0,1
113.0,SD05,0.012732395447351627,1,5000.0,1
113.0,LNI204,0.012732395447351627,1,5000.0,1
114.0,SD05,0.012732395447351627,1,5000.0,1
114.0,LNI204,0.012732395447351627,1,5000.0,1
115.0,SD05,0.012732395447351627,1,5000.0,1
115.0,LNI204,0.012732395447351627,1,5000.0,1
116.0,SD05,0.012732395447351627,1,5000.0,1
116.0,LNI204,0.012732395447351627,1,5000.0,1
117.0,SD05,0.012732395447351627,1,5000.0,1
117.0,LNI204,0.012732395447351627,1,5000.0,1
118.0,SD05,0.012732395447351627,1,5000.0,1
118.0,LNI204,0.012732395447351627,1,5000.0,1
119.0,SD05,0.012732395447351627,1,5000.0,1
119.0,LNI204,0.012732395447351627,1,5000.0,1
120.0,SD05,0.012732395447351627,1,5000.0,1
120.0,LNI204,0.012732395447351627,1,5000.0,1
121.0,SD05,0.012732395447351627,1,5000.0,1
121.0,LNI204,0.012732395447351627,1,5000.0,1
122.0,SD05,0.012732395447351627,1,5000.0,1
122.0,LNI204,0.012732395447351627,1,5000.0,1
123.0,SD05,0.012732395447351627,1,5000.0,1
123.0,LNI204,0.012732395447351627,1,5000.0,1
124.0,SD05,0.012732395447351627,1,5000.0,1
124.0,LNI204,0.012732395447351627,1,5000.0,1
125.0,SD05,0.012732395447351627,1,5000.0,1
125.0,LNI204,0.012732395447351627,1,5000.0,1
126.0,SD05,0.012732395447351627,1,5000.0,1
126.0,LNI204,0.012732395447351627,1,5000.0,1
127.0,SD05,0.012732395447351627,1,5000.0,1
127.0,LNI204,0.012732395447351627,1,5000.0,1
128.0,SD05,0.012732395447351627,1,5000.0,1
128.0,LNI204,0.012732395447351627,1,5000.0,1
129.0,SD05,0.012732395447351627,1,5000.0,1
129.0,LNI204,0.012732395447351627,1,5000.0,1
130.0,SD05,0.012732395447351627,1,5000.0,1
130.0,LNI204,0.012732395447351627,1,5000.0,1
131.0,SD05,0.012732395447351627,1,5000.0,1
131.0,LNI204,0.012732395447351627,1,5000.0,1
132.0,SD05,0.012732395447351627,1,5000.0,1
132.0,LNI204,0.012732395447351627,1,5000.0,1
133.0,SD05,0.012732395447351627,1,5000.0,1
133.0,LNI204,0.012732395447351627,1,5000.0,1
134.0,SD05,0.012732395447351627,1,5000.0,1
134.0,LNI204,0.012732395447351627,1,5000.0,1
135.0,SD05,0.012732395447351627,1,5000.0,1
135.0,LNI204,0.012732395447351627,1,5000.0,1
136.0,SD05,0.012732395447351627,1,5000.0,1
136.0,LNI204,0.012732395447351627,1,5000.0,1
137.0,SD05,0.012732395447351627,1,5000.0,1
137.0,LNI204,0.012732395447351627,1,5000.0,1
138.0,SD05,0.012732395447351627,1,5000.0,1
138.0,LNI204,0.012732395447351627,1,5000.0,1
139.0,SD05,0.012732395447351627,1,5000.0,1
139.0,LNI204,0.012732395447351627,1,5000.0,1
140.0,SD05,0.012732395447351627,1,5000.0,1
140.0,LNI204,0.012732395447351627,1,5000.0,1
141.0,SD05,0.012732395447351627,1,5000.0,1
141.0,LNI204,0.012732395447351627,1,5000.0,1
142.0,SD05,0.012732395447351627,1,5000.0,1
142.0,LNI204,0.012732395447351627,1,5000.0,1
143.0,SD05,0.012732395447351627,1,5000.0,1
143.0,LNI204,0.012732395447351627,1,5000.0,1
144.0,SD05,0.012732395447351627,1,5000.0,1
144.0,LNI204,0.012732395447351627,1,5000.0,1
145.0,SD05,0.012732395447351627,1,5000.0,1
145.0,LNI204,0.012732395447351627,1,5000.0,1
146.0,SD05,0.012732395447351627,1,5000.0,1
146.0,LNI204,0.012732395447351627,1,5000.0,1
147.0,SD05,0.012732395447351627,1,5000.0,1
147.0,LNI204,0.012732395447351627,1,5000.0,1
148.0,SD05,0.012732395447351627,1,5000.0,1
148.0,LNI204,0.012732395447351627,1,5000.0,1
149.0,SD05,0.012732395447351627,1,5000.0,1
149.0,LNI204,0.012732395447351627,1,5000.0,1
150.0,SD05,0.012732395447351627,1,5000.0,1
150.0,LNI204,0.012732395447351627,1,5000.0,1
151.0,SD05,0.012732395447351627,1,5000.0,1
151.0,LNI204,0.012732395447351627,1,5000.0,1
152.0,SD05,0.012732395447351627,1,5000.0,1
152.0,LNI204,0.012732395447351627,1,5000.0,1
153.0,SD05,0.012732395447351627,1,5000.0,1
153.0,LNI204,0.012732395447351627,1,5000.0,1
154.0,SD05,0.012732395447351627,1,5000.0,1
154.0,LNI204,0.012732395447351627,1,5000.0,1
155.0,SD05,0.012732395447351627,1,5000.0,1
155.0,LNI204,0.012732395447351627,1,5000.0,1
156.0,SD05,0.012732395447351627,1,5000.0,1
156.0,LNI204,0.012732395447351627,1,5000.0,1
157.0,SD05,0.012732395447351627,1,5000.0,1
157.0,LNI204,0.012732395447351627,1,5000.0,1
158.0,SD05,0.012732395447351627,1,5000.0,1
158.0,LNI204,0.012732395447351627,1,5000.0,1
159.0,SD05,0.012732395447351627,1,5000.0,1
159.0,LNI204,0.012732395447351627,1,5000.0,1
160.0,SD05,0.012732395447351627,1,5000.0,1
160.0,LNI204,0.012732395447351627,1,5000.0,1
161.0,SD05,0.012732395447351627,1,5000.0,1
161.0,LNI204,0.012732395447351627,1,5000.0,1
162.0,SD05,0.012732395447351627,1,5000.0,1
162.0,LNI204,0.012732395447351627,1,5000.0,1
163.0,SD05,0.012732395447351627,1,5000.0,1
163.0,LNI204,0.012732395447351627,1,5000.0,1
164.0,SD05,0.012732395447351627,1,5000.0,1
164.0,LNI204,0.012732395447351627,1,5000.0,1
165.0,SD05,0.012732395447351627,1,5000.0,1
165.0,LNI204,0.012732395447351627,1,5000.0,1
166.0,SD05,0.012732395447351627,1,5000.0,1
166.0,LNI204,0.012732395447351627,1,5000.0,1
167.0,SD05,0.012732395447351627,1,5000.0,1
167.0,LNI204,0.012732395447351627,1,5000.0,1
168.0,SD05,0.012732395447351627,1,5000.0,1
168.0,LNI204,0.012732395447351627,1,5000.0,1
169.0,SD05,0.012732395447351627,1,5000.0,1
169.0,LNI204,0.012732395447351627,1,5000.0,1
170.0,SD05,0.012732395447351627,1,5000.0,1
170.0,LNI204,0.012732395447351627,1,5000.0,1
171.0,SD05,0.012732395447351627,1,5000.0,1
171.0,LNI204,0.012732395447351627,1,5000.0,1
172.0,SD05,0.012732395447351627,1,5000.0,1
172.0,LNI204,0.012732395447351627,1,5000.0,1
173.0,SD05,0.012732395447351627,1,5000.0,1
173.0,LNI204,0.012732395447351627,1,5000.0,1
174.0,SD05,0.012732395447351627,1,5000.0,1
174.0,LNI204,0.012732395447351627,1,5000.0,1
175.0,SD05,0.012732395447351627,1,5000.0,1
175.0,LNI204,0.012732395447351627,1,5000.0,1
176.0,SD05,0.012732395447351627,1,5000.0,1
176.0,LNI204,0.012732395447351627,1,5000.0,1
177.0,SD05,0.012732395447351627,1,5000.0,1
177.0,LNI204,0.012732395447351627,1,5000.0,1
178.0,SD05,0.012732395447351627,1,5000.0,1
178.0,LNI204,0.012732395447351627,1,5000.0,1
179.0,SD05,0.012732395447351627,1,5000.0,1
179.0,LNI204,0.012732395447351627,1,5000.0,1
180.0,SD05,0.012732395447351627,1,5000.0,1
180.0,LNI204,0.012732395447351627,1,5000.0,1
181.0,SD05,0.012732395447351627,1,5000.0,1
181.0,LNI204,0.012732395447351627,1,5000.0,1
182.0,SD05,0.012732395447351627,1,5000.0,1
182.0,LNI204,0.012732395447351627,1,5000.0,1
183.0,SD05,0.012732395447351627,1,5000.0,1
183.0,LNI204,0.012732395447351627,1,5000.0,1
184.0,SD05,0.012732395447351627,1,5000.0,1
184.0,LNI204,0.012732395447351627,1,5000.0,1
185.0,SD05,0.012732395447351627,1,5000.0,1
185.0,LNI204,0.012732395447351627,1,5000.0,1
186.0,SD05,0.012732395447351627,1,5000.0,1
186.0,LNI204,0.012732395447351627,1,5000.0,1
187.0,SD05,0.012732395447351627,1,5000.0,1
187.0,LNI204,0.012732395447351627,1,5000.0,1
188.0,SD05,0.012732395447351627,1,5000.0,1
188.0,LNI204,0.012732395447351627,1,5000.0,1
189.0,SD05,0.012732395447351627,1,5000.0,1
189.0,LNI204,0.012732395447351627,1,5000.0,1
190.0,SD05,0.012732395447351627,1,5000.0,1
190.0,LNI204,0.012732395447351627,1,5000.0,1
191.0,SD05,0.012732395447351627,1,5000.0,1
191.0,LNI204,0.012732395447351627,1,5000.0,1
192.0,SD05,0.012732395447351627,1,5000.0,1
192.0,LNI204,0.012732395447351627,1,5000.0,1
193.0,SD05,0.012732395447351627,1,5000.0,1
193.0,LNI204,0.012732395447351627,1,5000.0,1
194.0,SD05,0.012732395447351627,1,5000.0,1
194.0,LNI204,0.012732395447351627,1,5000.0,1
195.0,SD05,0.012732395447351627,1,5000.0,1
195.0,LNI204,0.012732395447351627,1,5000.0,1
196.0,SD05,0.012732395447351627,1,5000.0,1
196.0,LNI204,0.012732395447351627,1,5000.0,1
197.0,SD05,0.012732395447351627,1,5000.0,1
197.0,LNI204,0.012732395447351627,1,5000.0,1
198.0,SD05,0.012732395447351627,1,5000.0,1
198.0,LNI204,0.012732395447351627,1,5000.0,1
199.0,SD05,0.012732395447351627,1,5000.0,1
199.0,LNI204,0.012732395447351627,1,5000.0,1
200.0,SD05,0.012732395447351627,1,5000.0,1
200.0,LNI204,0.012732395447351627,1,5000.0,1
201.0,SD05,0.012732395447351627,1,5000.0,1
201.0,LNI204,0.012732395447351627,1,5000.0,1
202.0,SD05,0.012732395447351627,1,5000.0,1
202.0,LNI204,0.012732395447351627,1,5000.0,1
203.0,SD05,0.012732395447351627,1,5000.0,1
203.0,LNI204,0.012732395447351627,1,5000.0,1
204.0,SD05,0.012732395447351627,1,5000.0,1
204.0,LNI204,0.012732395447351627,1,5000.0,1
205.0,SD05,0.012732395447351627,1,5000.0,1
205.0,LNI204,0.012732395447351627,1,5000.0,1
206.0,SD05,0.012732395447351627,1,5000.0,1
206.0,LNI204,0.012732395447351627,1,5000.0,1
207.0,SD05,0.012732395447351627,1,5000.0,1
207.0,LNI204,0.012732395447351627,1,5000.0,1
208.0,SD05,0.012732395447351627,1,5000.0,1
208.0,LNI204,0.012732395447351627,1,5000.0,1
209.0,SD05,0.012732395447351627,1,5000.0,1
209.0,LNI204,0.012732395447351627,1,5000.0,1
210.0,SD05,0.012732395447351627,1,5000.0,1
210.0,LNI204,0.012732395447351627,1,5000.0,1
211.0,SD05,0.012732395447351627,1,5000.0,1
211.0,LNI204,0.012732395447351627,1,5000.0,1
212.0,SD05,0.012732395447351627,1,5000.0,1
212.0,LNI204,0.012732395447351627,1,5000.0,1
213.0,SD05,0.012732395447351627,1,5000.0,1
213.0,LNI204,0.012732395447351627,1,5000.0,1
214.0,SD05,0.012732395447351627,1,5000.0,1
214.0,LNI204,0.012732395447351627,1,5000.0,1
215.0,SD05,0.012732395447351627,1,5000.0,1
215.0,LNI204,0.012732395447351627,1,5000.0,1
216.0,SD05,0.012732395447351627,1,5000.0,1
216.0,LNI204,0.012732395447351627,1,5000.0,1
217.0,SD05,0.012732395447351627,1,5000.0,1
217.0,LNI204,0.012732395447351627,1,5000.0,1
218.0,SD05,0.012732395447351627,1,5000.0,1
218.0,LNI204,0.012732395447351627,1,5000.0,1
219.0,SD05,0.012732395447351627,1,5000.0,1
219.0,LNI204,0.012732395447351627,1,5000.0,1
220.0,SD05,0.012732395447351627,1,5000.0,1
220.0,LNI204,0.012732395447351627,1,5000.0,1
221.0,SD05,0.012732395447351627,1,5000.0,1
221.0,LNI204,0.012732395447351627,1,5000.0,1
222.0,SD05,0.012732395447351627,1,5000.0,1
222.0,LNI204,0.012732395447351627,1,5000.0,1
223.0,SD05,0.012732395447351627,1,5000.0,1
223.0,LNI204,0.012732395447351627,1,5000.0,1
224.0,SD05,0.012732395447351627,1,5000.0,1
224.0,LNI204,0.012732395447351627,1,5000.0,1
225.0,SD05,0.012732395447351627,1,5000.0,1
225.0,LNI204,0.012732395447351627,1,5000.0,1
226.0,SD05,0.012732395447351627,1,5000.0,1
226.0,LNI204,0.012732395447351627,1,5000.0,1
227.0,SD05,0.012732395447351627,1,5000.0,1
227.0,LNI204,0.012732395447351627,1,5000.0,1
228.0,SD05,0.012732395447351627,1,5000.0,1
228.0,LNI204,0.012732395447351627,1,5000.0,1
229.0,SD05,0.012732395447351627,1,5000.0,1
229.0,LNI204,0.012732395447351627,1,5000.0,1
230.0,SD05,0.012732395447351627,1,5000.0,1
230.0,LNI204,0.012732395447351627,1,5000.0,1
231.0,SD05,0.012732395447351627,1,5000.0,1
231.0,LNI204,0.012732395447351627,1,5000.0,1
232.0,SD05,0.012732395447351627,1,5000.0,1
232.0,LNI204,0.012732395447351627,1,5000.0,1
233.0,SD05,0.012732395447351627,1,5000.0,1
233.0,LNI204,0.012732395447351627,1,5000.0,1
234.0,SD05,0.012732395447351627,1,5000.0,1
234.0,LNI204,0.012732395447351627,1,5000.0,1
235.0,SD05,0.012732395447351627,1,5000.0,1
235.0,LNI204,0.012732395447351627,1,5000.0,1
236.0,SD05,0.012732395447351627,1,5000.0,1
236.0,LNI204,0.012732395447351627,1,5000.0,1
237.0,SD05,0.012732395447351627,1,5000.0,1
237.0,LNI204,0.012732395447351627,1,5000.0,1
238.0,SD05,0.012732395447351627,1,5000.0,1
238.0,LNI204,0.012732395447351627,1,5000.0,1
239.0,SD05,0.012732395447351627,1,5000.0,1
239.0,LNI204,0.012732395447351627,1,5000.0,1
240.0,SD05,0.012732395447351627,1,5000.0,1
240.0,LNI204,0.012732395447351627,1,5000.0,1
241.0,SD05,0.012732395447351627,1,5000.0,1
241.0,LNI204,0.012732395447351627,1,5000.0,1
242.0,SD05,0.012732395447351627,1,5000.0,1
242.0,LNI204,0.012732395447351627,1,5000.0,1
243.0,SD05,0.012732395447351627,1,5000.0,1
243.0,LNI204,0.012732395447351627,1,5000.0,1
244.0,SD05,0.012732395447351627,1,5000.0,1
244.0,LNI204,0.012732395447351627,1,5000.0,1
245.0,SD05,0.012732395447351627,1,5000.0,1
245.0,LNI204,0.012732395447351627,1,5000.0,1
246.0,SD05,0.012732395447351627,1,5000.0,1
246.0,LNI204,0.012732395447351627,1,5000.0,1
247.0,SD05,0.012732395447351627,1,5000.0,1
247.0,LNI204,0.012732395447351627,1,5000.0,1
248.0,SD05,0.012732395447351627,1,5000.0,1
248.0,LNI204,0.012732395447351627,1,5000.0,1
249.0,SD05,0.012732395447351627,1,5000.0,1
249.0,LNI204,0.012732395447351627,1,5000.0,1
250.0,SD05,0.012732395447351627,1,5000.0,1
250.0,LNI204,0.012732395447351627,1,5000.0,1
251.0,SD05,0.012732395447351627,1,5000.0,1
251.0,LNI204,0.012732395447351627,1,5000.0,1
252.0,SD05,0.012732395447351627,1,5000.0,1
252.0,LNI204,0.012732395447351627,1,5000.0,1
253.0,SD05,0.012732395447351627,1,5000.0,1
253.0,LNI204,0.012732395447351627,1,5000.0,1
254.0,SD05,0.012732395447351627,1,5000.0,1
254.0,LNI204,0.012732395447351627,1,5000.0,1
255.0,SD05,0.012732395447351627,1,5000.0,1
255.0,LNI204,0.012732395447351627,1,5000.0,1
256.0,SD05,0.012732395447351627,1,5000.0,1
256.0,LNI204,0.012732395447351627,1,5000.0,1
257.0,SD05,0.012732395447351627,1,5000.0,1
257.0,LNI204,0.012732395447351627,1,5000.0,1
258.0,SD05,0.012732395447351627,1,5000.0,1
258.0,LNI204,0.012732395447351627,1,5000.0,1
259.0,SD05,0.012732395447351627,1,5000.0,1
259.0,LNI204,0.012732395447351627,1,5000.0,1
260.0,SD05,0.012732395447351627,1,5000.0,1
260.0,LNI204,0.012732395447351627,1,5000.0,1
261.0,SD05,0.012732395447351627,1,5000.0,1
261.0,LNI204,0.012732395447351627,1,5000.0,1
262.0,SD05,0.012732395447351627,1,5000.0,1
262.0,LNI204,0.012732395447351627,1,5000.0,1
263.0,SD05,0.012732395447351627,1,5000.0,1
263.0,LNI204,0.012732395447351627,1,5000.0,1
264.0,SD05,0.012732395447351627,1,5000.0,1
264.0,LNI204,0.012732395447351627,1,5000.0,1
265.0,SD05,0.012732395447351627,1,5000.0,1
265.0,LNI204,0.012732395447351627,1,5000.0,1
266.0,SD05,0.012732395447351627,1,5000.0,1
266.0,LNI204,0.012732395447351627,1,5000.0,1
267.0,SD05,0.012732395447351627,1,5000.0,1
267.0,LNI204,0.012732395447351627,1,5000.0,1
268.0,SD05,0.012732395447351627,1,5000.0,1
268.0,LNI204,0.012732395447351627,1,5000.0,1
269.0,SD05,0.012732395447351627,1,5000.0,1
269.0,LNI204,0.012732395447351627,1,5000.0,1
270.0,SD05,0.012732395447351627,1,5000.0,1
270.0,LNI204,0.012732395447351627,1,5000.0,1
271.0,SD05,0.012732395447351627,1,5000.0,1
271.0,LNI204,0.012732395447351627,1,5000.0,1
272.0,SD05,0.012732395447351627,1,5000.0,1
272.0,LNI204,0.012732395447351627,1,5000.0,1
273.0,SD05,0.012732395447351627,1,5000.0,1
273.0,LNI204,0.012732395447351627,1,5000.0,1
274.0,SD05,0.012732395447351627,1,5000.0,1
274.0,LNI204,0.012732395447351627,1,5000.0,1
275.0,SD05,0.012732395447351627,1,5000.0,1
275.0,LNI204,0.012732395447351627,1,5000.0,1
276.0,SD05,0.012732395447351627,1,5000.0,1
276.0,LNI204,0.012732395447351627,1,5000.0,1
277.0,SD05,0.012732395447351627,1,5000.0,1
277.0,LNI204,0.012732395447351627,1,5000.0,1
278.0,SD05,0.012732395447351627,1,5000.0,1
278.0,LNI204,0.012732395447351627,1,5000.0,1
279.0,SD05,0.012732395447351627,1,5000.0,1
279.0,LNI204,0.012732395447351627,1,5000.0,1
280.0,SD05,0.012732395447351627,1,5000.0,1
280.0,LNI204,0.012732395447351627,1,5000.0,1
281.0,SD05,0.012732395447351627,1,5000.0,1
281.0,LNI204,0.012732395447351627,1,5000.0,1
282.0,SD05,0.012732395447351627,1,5000.0,1
282.0,LNI204,0.012732395447351627,1,5000.0,1
283.0,SD05,0.012732395447351627,1,5000.0,1
283.0,LNI204,0.012732395447351627,1,5000.0,1
284.0,SD05,0.012732395447351627,1,5000.0,1
284.0,LNI204,0.012732395447351627,1,5000.0,1
285.0,SD05,0.012732395447351627,1,5000.0,1
285.0,LNI204,0.012732395447351627,1,5000.0,1
286.0,SD05,0.012732395447351627,1,5000.0,1
286.0,LNI204,0.012732395447351627,1,5000.0,1
287.0,SD05,0.012732395447351627,1,5000.0,1
287.0,LNI204,0.012732395447351627,1,5000.0,1
288.0,SD05,0.012732395447351627,1,5000.0,1
288.0,LNI204,0.012732395447351627,1,5000.0,1
289.0,SD05,0.012732395447351627,1,5000.0,1
289.0,LNI204,0.012732395447351627,1,5000.0,1
290.0,SD05,0.012732395447351627,1,5000.0,1
290.0,LNI204,0.012732395447351627,1,5000.0,1
291.0,SD05,0.012732395447351627,1,5000.0,1
291.0,LNI204,0.012732395447351627,1,5000.0,1
292.0,SD05,0.012732395447351627,1,5000.0,1
292.0,LNI204,0.012732395447351627,1,5000.0,1
293.0,SD05,0.012732395447351627,1,5000.0,1
293.0,LNI204,0.012732395447351627,1,5000.0,1
294.0,SD05,0.012732395447351627,1,5000.0,1
294.0,LNI204,0.012732395447351627,1,5000.0,1
295.0,SD05,0.012732395447351627,1,5000.0,1
295.0,LNI204,0.012732395447351627,1,5000.0,1
296.0,SD05,0.012732395447351627,1,5000.0,1
296.0,LNI204,0.012732395447351627,1,5000.0,1
297.0,SD05,0.012732395447351627,1,5000.0,1
297.0,LNI204,0.012732395447351627,1,5000.0,1
298.0,SD05,0.012732395447351627,1,5000.0,1
298.0,LNI204,0.012732395447351627,1,5000.0,1
299.0,SD05,0.012732395447351627,1,5000.0,1
299.0,LNI204,0.012732395447351627,1,5000.0,1
300.0,SD05,0.012732395447351627,1,5000.0,1
300.0,LNI204,0.012732395447351627,1,5000.0,1
301.0,SD05,0.03819718634205488,1,5000.0,3
301.0,LNI204,0.03819718634205488,1,5000.0,3
301.0,BTK702,0.03819718634205488,1,5000.0,3
301.0,CTV855,0.03819718634205488,1,5000.0,3
302.0,SD05,0.03819718634205488,1,5000.0,3
302.0,LNI204,0.03819718634205488,1,5000.0,3
302.0,BTK702,0.03819718634205488,1,5000.0,3
302.0,CTV855,0.03819718634205488,1,5000.0,3
303.0,SD05,0.03819718634205488,1,5000.0,3
303.0,LNI204,0.03819718634205488,1,5000.0,3
303.0,BTK702,0.03819718634205488,1,5000.0,3
303.0,CTV855,0.03819718634205488,1,5000.0,3
304.0,SD05,0.03819718634205488,1,5000.0,3
304.0,LNI204,0.03819718634205488,1,5000.0,3
304.0,BTK702,0.03819718634205488,1,5000.0,3
304.0,CTV855,0.03819718634205488,1,5000.0,3
305.0,SD05,0.03819718634205488,1,5000.0,3
305.0,LNI204,0.03819718634205488,1,5000.0,3
305.0,BTK702,0.03819718634205488,1,5000.0,3
305.0,CTV855,0.03819718634205488,1,5000.0,3
306.0,SD05,0.03819718634205488,1,5000.0,3
306.0,LNI204,0.03819718634205488,1,5000.0,3
306.0,BTK702,0.03819718634205488,1,5000.0,3
306.0,CTV855,0.03819718634205488,1,5000.0,3
307.0,SD05,0.03819718634205488,1,5000.0,3
307.0,LNI204,0.03819718634205488,1,5000.0,3
307.0,BTK702,0.03819718634205488,1,5000.0,3
307.0,CTV855,0.03819718634205488,1,5000.0,3
308.0,SD05,0.03819718634205488,1,5000.0,3
308.0,LNI204,0.03819718634205488,1,5000.0,3
308.0,BTK702,0.03819718634205488,1,5000.0,3
308.0,CTV855,0.03819718634205488,1,5000.0,3
309.0,SD05,0.03819718634205488,1,5000.0,3
309.0,LNI204,0.03819718634205488,1,5000.0,3
309.0,BTK702,0.03819718634205488,1,5000.0,3
309.0,CTV855,0.03819718634205488,1,5000.0,3
310.0,SD05,0.03819718634205488,1,5000.0,3
310.0,LNI204,0.03819718634205488,1,5000.0,3
310.0,BTK702,0.03819718634205488,1,5000.0,3
310.0,CTV855,0.03819718634205488,1,5000.0,3
311.0,SD05,0.03819718634205488,1,5000.0,3
311.0,LNI204,0.03819718634205488,1,5000.0,3
311.0,BTK702,0.03819718634205488,1,5000.0,3
311.0,CTV855,0.03819718634205488,1,5000.0,3
312.0,SD05,0.03819718634205488,1,5000.0,3
312.0,LNI204,0.03819718634205488,1,5000.0,3
312.0,BTK702,0.03819718634205488,1,5000.0,3
312.0,CTV855,0.03819718634205488,1,5000.0,3
313.0,SD05,0.03819718634205488,1,5000.0,3
313.0,LNI204,0.03819718634205488,1,5000.0,3
313.0,BTK702,0.03819718634205488,1,5000.0,3
313.0,CTV855,0.03819718634205488,1,5000.0,3
314.0,SD05,0.03819718634205488,1,5000.0,3
314.0,LNI204,0.03819718634205488,1,5000.0,3
314.0,BTK702,0.03819718634205488,1,5000.0,3
314.0,CTV855,0.03819718634205488,1,5000.0,3
315.0,SD05,0.03819718634205488,1,5000.0,3
315.0,LNI204,0.03819718634205488,1,5000.0,3
315.0,BTK702,0.03819718634205488,1,5000.0,3
315.0,CTV855,0.03819718634205488,1,5000.0,3
316.0,SD05,0.03819718634205488,1,5000.0,3
316.0,LNI204,0.03819718634205488,1,5000.0,3
316.0,BTK702,0.03819718634205488,1,5000.0,3
316.0,CTV855,0.03819718634205488,1,5000.0,3
317.0,SD05,0.03819718634205488,1,5000.0,3
317.0,LNI204,0.03819718634205488,1,5000.0,3
317.0,BTK702,0.03819718634205488,1,5000.0,3
317.0,CTV855,0.03819718634205488,1,5000.0,3
318.0,SD05,0.03819718634205488,1,5000.0,3
318.0,LNI204,0.03819718634205488,1,5000.0,3
318.0,BTK702,0.03819718634205488,1,5000.0,3
318.0,CTV855,0.03819718634205488,1,5000.0,3
319.0,SD05,0.03819718634205488,1,5000.0,3
319.0,LNI204,0.03819718634205488,1,5000.0,3
319.0,BTK702,0.03819718634205488,1,5000.0,3
319.0,CTV855,0.03819718634205488,1,5000.0,3
320.0,SD05,0.03819718634205488,1,5000.0,3
320.0,LNI204,0.03819718634205488,1,5000.0,3
320.0,BTK702,0.03819718634205488,1,5000.0,3
320.0,CTV855,0.03819718634205488,1,5000.0,3
321.0,SD05,0.03819718634205488,1,5000.0,3
321.0,LNI204,0.03819718634205488,1,5000.0,3
321.0,BTK702,0.03819718634205488,1,5000.0,3
321.0,CTV855,0.03819718634205488,1,5000.0,3
322.0,SD05,0.03819718634205488,1,5000.0,3
322.0,LNI204,0.03819718634205488,1,5000.0,3
322.0,BTK702,0.03819718634205488,1,5000.0,3
322.0,CTV855,0.03819718634205488,1,5000.0,3
323.0,SD05,0.03819718634205488,1,5000.0,3
323.0,LNI204,0.03819718634205488,1,5000.0,3
323.0,BTK702,0.03819718634205488,1,5000.0,3
323.0,CTV855,0.03819718634205488,1,5000.0,3
324.0,SD05,0.03819718634205488,1,5000.0,3
324.0,LNI204,0.03819718634205488,1,5000.0,3
324.0,BTK702,0.03819718634205488,1,5000.0,3
324.0,CTV855,0.03819718634205488,1,5000.0,3
325.0,SD05,0.03819718634205488,1,5000.0,3
325.0,LNI204,0.03819718634205488,1,5000.0,3
325.0,BTK702,0.03819718634205488,1,5000.0,3
325.0,CTV855,0.03819718634205488,1,5000.0,3
326.0,SD05,0.03819718634205488,1,5000.0,3
326.0,LNI204,0.03819718634205488,1,5000.0,3
326.0,BTK702,0.03819718634205488,1,5000.0,3
326.0,CTV855,0.03819718634205488,1,5000.0,3
327.0,SD05,0.03819718634205488,1,5000.0,3
327.0,LNI204,0.03819718634205488,1,5000.0,3
327.0,BTK702,0.03819718634205488,1,5000.0,3
327.0,CTV855,0.03819718634205488,1,5000.0,3
328.0,SD05,0.03819718634205488,1,5000.0,3
328.0,LNI204,0.03819718634205488,1,5000.0,3
328.0,BTK702,0.03819718634205488,1,5000.0,3
328.0,CTV855,0.03819718634205488,1,5000.0,3
329.0,SD05,0.03819718634205488,1,5000.0,3
329.0,LNI204,0.03819718634205488,1,5000.0,3
329.0,BTK702,0.03819718634205488,1,5000.0,3
329.0,CTV855,0.03819718634205488,1,5000.0,3
330.0,SD05,0.03819718634205488,1,5000.0,3
330.0,LNI204,0.03819718634205488,1,5000.0,3
330.0,BTK702,0.03819718634205488,1,5000.0,3
330.0,CTV855,0.03819718634205488,1,5000.0,3
331.0,SD05,0.03819718634205488,1,5000.0,3
331.0,LNI204,0.03819718634205488,1,5000.0,3
331.0,BTK702,0.03819718634205488,1,5000.0,3
331.0,CTV855,0.03819718634205488,1,5000.0,3
332.0,SD05,0.03819718634205488,1,5000.0,3
332.0,LNI204,0.03819718634205488,1,5000.0,3
332.0,BTK702,0.03819718634205488,1,5000.0,3
332.0,CTV855,0.03819718634205488,1,5000.0,3
333.0,SD05,0.03819718634205488,1,5000.0,3
333.0,LNI204,0.03819718634205488,1,5000.0,3
333.0,BTK702,0.03819718634205488,1,5000.0,3
333.0,CTV855,0.03819718634205488,1,5000.0,3
334.0,SD05,0.03819718634205488,1,5000.0,3
334.0,LNI204,0.03819718634205488,1,5000.0,3
334.0,BTK702,0.03819718634205488,1,5000.0,3
334.0,CTV855,0.03819718634205488,1,5000.0,3
335.0,SD05,0.03819718634205488,1,5000.0,3
335.0,LNI204,0.03819718634205488,1,5000.0,3
335.0,BTK702,0.03819718634205488,1,5000.0,3
335.0,CTV855,0.03819718634205488,1,5000.0,3
336.0,SD05,0.03819718634205488,1,5000.0,3
336.0,LNI204,0.03819718634205488,1,5000.0,3
336.0,BTK702,0.03819718634205488,1,5000.0,3
336.0,CTV855,0.03819718634205488,1,5000.0,3
337.0,SD05,0.03819718634205488,1,5000.0,3
337.0,LNI204,0.03819718634205488,1,5000.0,3
337.0,BTK702,0.03819718634205488,1,5000.0,3
337.0,CTV855,0.03819718634205488,1,5000.0,3
338.0,SD05,0.03819718634205488,1,5000.0,3
338.0,LNI204,0.03819718634205488,1,5000.0,3
338.0,BTK702,0.03819718634205488,1,5000.0,3
338.0,CTV855,0.03819718634205488,1,5000.0,3
339.0,SD05,0.03819718634205488,1,5000.0,3
339.0,LNI204,0.03819718634205488,1,5000.0,3
339.0,BTK702,0.03819718634205488,1,5000.0,3
339.0,CTV855,0.03819718634205488,1,5000.0,3
340.0,SD05,0.03819718634205488,1,5000.0,3
340.0,LNI204,0.03819718634205488,1,5000.0,3
340.0,BTK702,0.03819718634205488,1,5000.0,3
340.0,CTV855,0.03819718634205488,1,5000.0,3
341.0,SD05,0.03819718634205488,1,5000.0,3
341.0,LNI204,0.03819718634205488,1,5000.0,3
341.0,BTK702,0.03819718634205488,1,5000.0,3
341.0,CTV855,0.03819718634205488,1,5000.0,3
342.0,SD05,0.03819718634205488,1,5000.0,3
342.0,LNI204,0.03819718634205488,1,5000.0,3
342.0,BTK702,0.03819718634205488,1,5000.0,3
342.0,CTV855,0.03819718634205488,1,5000.0,3
343.0,SD05,0.03819718634205488,1,5000.0,3
343.0,LNI204,0.03819718634205488,1,5000.0,3
343.0,BTK702,0.03819718634205488,1,5000.0,3
343.0,CTV855,0.03819718634205488,1,5000.0,3
344.0,SD05,0.03819718634205488,1,5000.0,3
344.0,LNI204,0.03819718634205488,1,5000.0,3
344.0,BTK702,0.03819718634205488,1,5000.0,3
344.0,CTV855,0.03819718634205488,1,5000.0,3
345.0,SD05,0.03819718634205488,1,5000.0,3
345.0,LNI204,0.03819718634205488,1,5000.0,3
345.0,BTK702,0.03819718634205488,1,5000.0,3
345.0,CTV855,0.03819718634205488,1,5000.0,3
346.0,SD05,0.03819718634205488,1,5000.0,3
346.0,LNI204,0.03819718634205488,1,5000.0,3
346.0,BTK702,0.03819718634205488,1,5000.0,3
346.0,CTV855,0.03819718634205488,1,5000.0,3
347.0,SD05,0.03819718634205488,1,5000.0,3
347.0,LNI204,0.03819718634205488,1,5000.0,3
347.0,BTK702,0.03819718634205488,1,5000.0,3
347.0,CTV855,0.03819718634205488,1,5000.0,3
348.0,SD05,0.03819718634205488,1,5000.0,3
348.0,LNI204,0.03819718634205488,1,5000.0,3
348.0,BTK702,0.03819718634205488,1,5000.0,3
348.0,CTV855,0.03819718634205488,1,5000.0,3
349.0,SD05,0.03819718634205488,1,5000.0,3
349.0,LNI204,0.03819718634205488,1,5000.0,3
349.0,BTK702,0.03819718634205488,1,5000.0,3
349.0,CTV855,0.03819718634205488,1,5000.0,3
350.0,SD05,0.03819718634205488,1,5000.0,3
350.0,LNI204,0.03819718634205488,1,5000.0,3
350.0,BTK702,0.03819718634205488,1,5000.0,3
350.0,CTV855,0.03819718634205488,1,5000.0,3
351.0,SD05,0.03819718634205488,1,5000.0,3
351.0,LNI204,0.03819718634205488,1,5000.0,3
351.0,BTK702,0.03819718634205488,1,5000.0,3
351.0,CTV855,0.03819718634205488,1,5000.0,3
352.0,SD05,0.03819718634205488,1,5000.0,3
352.0,LNI204,0.03819718634205488,1,5000.0,3
352.0,BTK702,0.03819718634205488,1,5000.0,3
352.0,CTV855,0.03819718634205488,1,5000.0,3
353.0,SD05,0.03819718634205488,1,5000.0,3
353.0,LNI204,0.03819718634205488,1,5000.0,3
353.0,BTK702,0.03819718634205488,1,5000.0,3
353.0,CTV855,0.03819718634205488,1,5000.0,3
354.0,SD05,0.03819718634205488,1,5000.0,3
354.0,LNI204,0.03819718634205488,1,5000.0,3
354.0,BTK702,0.03819718634205488,1,5000.0,3
354.0,CTV855,0.03819718634205488,1,5000.0,3
355.0,SD05,0.03819718634205488,1,5000.0,3
355.0,LNI204,0.03819718634205488,1,5000.0,3
355.0,BTK702,0.03819718634205488,1,5000.0,3
355.0,CTV855,0.03819718634205488,1,5000.0,3
356.0,SD05,0.03819718634205488,1,5000.0,3
356.0,LNI204,0.03819718634205488,1,5000.0,3
356.0,BTK702,0.03819718634205488,1,5000.0,3
356.0,CTV855,0.03819718634205488,1,5000.0,3
357.0,SD05,0.03819718634205488,1,5000.0,3
357.0,LNI204,0.03819718634205488,1,5000.0,3
357.0,BTK702,0.03819718634205488,1,5000.0,3
357.0,CTV855,0.03819718634205488,1,5000.0,3
358.0,SD05,0.03819718634205488,1,5000.0,3
358.0,LNI204,0.03819718634205488,1,5000.0,3
358.0,BTK702,0.03819718634205488,1,5000.0,3
358.0,CTV855,0.03819718634205488,1,5000.0,3
359.0,SD05,0.03819718634205488,1,5000.0,3
359.0,LNI204,0.03819718634205488,1,5000.0,3
359.0,BTK702,0.03819718634205488,1,5000.0,3
359.0,CTV855,0.03819718634205488,1,5000.0,3
360.0,SD05,0.03819718634205488,1,5000.0,3
360.0,LNI204,0.03819718634205488,1,5000.0,3
360.0,BTK702,0.03819718634205488,1,5000.0,3
360.0,CTV855,0.03819718634205488,1,5000.0,3
361.0,SD05,0.03819718634205488,1,5000.0,3
361.0,LNI204,0.03819718634205488,1,5000.0,3
361.0,BTK702,0.03819718634205488,1,5000.0,3
361.0,CTV855,0.03819718634205488,1,5000.0,3
362.0,SD05,0.03819718634205488,1,5000.0,3
362.0,LNI204,0.03819718634205488,1,5000.0,3
362.0,BTK702,0.03819718634205488,1,5000.0,3
362.0,CTV855,0.03819718634205488,1,5000.0,3
363.0,SD05,0.03819718634205488,1,5000.0,3
363.0,LNI204,0.03819718634205488,1,5000.0,3
363.0,BTK702,0.03819718634205488,1,5000.0,3
363.0,CTV855,0.03819718634205488,1,5000.0,3
364.0,SD05,0.03819718634205488,1,5000.0,3
364.0,LNI204,0.03819718634205488,1,5000.0,3
364.0,BTK702,0.03819718634205488,1,5000.0,3
364.0,CTV855,0.03819718634205488,1,5000.0,3
365.0,SD05,0.03819718634205488,1,5000.0,3
365.0,LNI204,0.03819718634205488,1,5000.0,3
365.0,BTK702,0.03819718634205488,1,5000.0,3
365.0,CTV855,0.03819718634205488,1,5000.0,3
366.0,SD05,0.03819718634205488,1,5000.0,3
366.0,LNI204,0.03819718634205488,1,5000.0,3
366.0,BTK702,0.03819718634205488,1,5000.0,3
366.0,CTV855,0.03819718634205488,1,5000.0,3
367.0,SD05,0.03819718634205488,1,5000.0,3
367.0,LNI204,0.03819718634205488,1,5000.0,3
367.0,BTK702,0.03819718634205488,1,5000.0,3
367.0,CTV855,0.03819718634205488,1,5000.0,3
368.0,SD05,0.03819718634205488,1,5000.0,3
368.0,LNI204,0.03819718634205488,1,5000.0,3
368.0,BTK702,0.03819718634205488,1,5000.0,3
368.0,CTV855,0.03819718634205488,1,5000.0,3
369.0,SD05,0.03819718634205488,1,5000.0,3
369.0,LNI204,0.03819718634205488,1,5000.0,3
369.0,BTK702,0.03819718634205488,1,5000.0,3
369.0,CTV855,0.03819718634205488,1,5000.0,3
370.0,SD05,0.03819718634205488,1,5000.0,3
370.0,LNI204,0.03819718634205488,1,5000.0,3
370.0,BTK702,0.03819718634205488,1,5000.0,3
370.0,CTV855,0.03819718634205488,1,5000.0,3
371.0,SD05,0.03819718634205488,1,5000.0,3
371.0,LNI204,0.03819718634205488,1,5000.0,3
371.0,BTK702,0.03819718634205488,1,5000.0,3
371.0,CTV855,0.03819718634205488,1,5000.0,3
372.0,SD05,0.03819718634205488,1,5000.0,3
372.0,LNI204,0.03819718634205488,1,5000.0,3
372.0,BTK702,0.03819718634205488,1,5000.0,3
372.0,CTV855,0.03819718634205488,1,5000.0,3
373.0,SD05,0.03819718634205488,1,5000.0,3
373.0,LNI204,0.03819718634205488,1,5000.0,3
373.0,BTK702,0.03819718634205488,1,5000.0,3
373.0,CTV855,0.03819718634205488,1,5000.0,3
374.0,SD05,0.03819718634205488,1,5000.0,3
374.0,LNI204,0.03819718634205488,1,5000.0,3
374.0,BTK702,0.03819718634205488,1,5000.0,3
374.0,CTV855,0.03819718634205488,1,5000.0,3
375.0,SD05,0.03819718634205488,1,5000.0,3
375.0,LNI204,0.03819718634205488,1,5000.0,3
375.0,BTK702,0.03819718634205488,1,5000.0,3
375.0,CTV855,0.03819718634205488,1,5000.0,3
376.0,SD05,0.03819718634205488,1,5000.0,3
376.0,LNI204,0.03819718634205488,1,5000.0,3
376.0,BTK702,0.03819718634205488,1,5000.0,3
376.0,CTV855,0.03819718634205488,1,5000.0,3
377.0,SD05,0.03819718634205488,1,5000.0,3
377.0,LNI204,0.03819718634205488,1,5000.0,3
377.0,BTK702,0.03819718634205488,1,5000.0,3
377.0,CTV855,0.03819718634205488,1,5000.0,3
378.0,SD05,0.03819718634205488,1,5000.0,3
378.0,LNI204,0.03819718634205488,1,5000.0,3
378.0,BTK702,0.03819718634205488,1,5000.0,3
378.0,CTV855,0.03819718634205488,1,5000.0,3
379.0,SD05,0.03819718634205488,1,5000.0,3
379.0,LNI204,0.03819718634205488,1,5000.0,3
379.0,BTK702,0.03819718634205488,1,5000.0,3
379.0,CTV855,0.03819718634205488,1,5000.0,3
380.0,SD05,0.03819718634205488,1,5000.0,3
380.0,LNI204,0.03819718634205488,1,5000.0,3
380.0,BTK702,0.03819718634205488,1,5000.0,3
380.0,CTV855,0.03819718634205488,1,5000.0,3
381.0,SD05,0.03819718634205488,1,5000.0,3
381.0,LNI204,0.03819718634205488,1,5000.0,3
381.0,BTK702,0.03819718634205488,1,5000.0,3
381.0,CTV855,0.03819718634205488,1,5000.0,3
382.0,SD05,0.03819718634205488,1,5000.0,3
382.0,LNI204,0.03819718634205488,1,5000.0,3
382.0,BTK702,0.03819718634205488,1,5000.0,3
382.0,CTV855,0.03819718634205488,1,5000.0,3
383.0,SD05,0.03819718634205488,1,5000.0,3
383.0,LNI204,0.03819718634205488,1,5000.0,3
383.0,BTK702,0.03819718634205488,1,5000.0,3
383.0,CTV855,0.03819718634205488,1,5000.0,3
384.0,SD05,0.03819718634205488,1,5000.0,3
384.0,LNI204,0.03819718634205488,1,5000.0,3
384.0,BTK702,0.03819718634205488,1,5000.0,3
384.0,CTV855,0.03819718634205488,1,5000.0,3
385.0,SD05,0.03819718634205488,1,5000.0,3
385.0,LNI204,0.03819718634205488,1,5000.0,3
385.0,BTK702,0.03819718634205488,1,5000.0,3
385.0,CTV855,0.03819718634205488,1,5000.0,3
386.0,SD05,0.03819718634205488,1,5000.0,3
386.0,LNI204,0.03819718634205488,1,5000.0,3
386.0,BTK702,0.03819718634205488,1,5000.0,3
386.0,CTV855,0.03819718634205488,1,5000.0,3
387.0,SD05,0.03819718634205488,1,5000.0,3
387.0,LNI204,0.03819718634205488,1,5000.0,3
387.0,BTK702,0.03819718634205488,1,5000.0,3
387.0,CTV855,0.03819718634205488,1,5000.0,3
388.0,SD05,0.03819718634205488,1,5000.0,3
388.0,LNI204,0.03819718634205488,1,5000.0,3
388.0,BTK702,0.03819718634205488,1,5000.0,3
388.0,CTV855,0.03819718634205488,1,5000.0,3
389.0,SD05,0.03819718634205488,1,5000.0,3
389.0,LNI204,0.03819718634205488,1,5000.0,3
389.0,BTK702,0.03819718634205488,1,5000.0,3
389.0,CTV855,0.03819718634205488,1,5000.0,3
390.0,SD05,0.03819718634205488,1,5000.0,3
390.0,LNI204,0.03819718634205488,1,5000.0,3
390.0,BTK702,0.03819718634205488,1,5000.0,3
390.0,CTV855,0.03819718634205488,1,5000.0,3
391.0,SD05,0.03819718634205488,1,5000.0,3
391.0,LNI204,0.03819718634205488,1,5000.0,3
391.0,BTK702,0.03819718634205488,1,5000.0,3
391.0,CTV855,0.03819718634205488,1,5000.0,3
392.0,SD05,0.03819718634205488,1,5000.0,3
392.0,LNI204,0.03819718634205488,1,5000.0,3
392.0,BTK702,0.03819718634205488,1,5000.0,3
392.0,CTV855,0.03819718634205488,1,5000.0,3
393.0,SD05,0.03819718634205488,1,5000.0,3
393.0,LNI204,0.03819718634205488,1,5000.0,3
393.0,BTK702,0.03819718634205488,1,5000.0,3
393.0,CTV855,0.03819718634205488,1,5000.0,3
394.0,SD05,0.03819718634205488,1,5000.0,3
394.0,LNI204,0.03819718634205488,1,5000.0,3
394.0,BTK702,0.03819718634205488,1,5000.0,3
394.0,CTV855,0.03819718634205488,1,5000.0,3
395.0,SD05,0.03819718634205488,1,5000.0,3
395.0,LNI204,0.03819718634205488,1,5000.0,3
395.0,BTK702,0.03819718634205488,1,5000.0,3
395.0,CTV855,0.03819718634205488,1,5000.0,3
396.0,SD05,0.03819718634205488,1,5000.0,3
396.0,LNI204,0.03819718634205488,1,5000.0,3
396.0,BTK702,0.03819718634205488,1,5000.0,3
396.0,CTV855,0.03819718634205488,1,5000.0,3
397.0,SD05,0.03819718634205488,1,5000.0,3
397.0,LNI204,0.03819718634205488,1,5000.0,3
397.0,BTK702,0.03819718634205488,1,5000.0,3
397.0,CTV855,0.03819718634205488,1,5000.0,3
398.0,SD05,0.03819718634205488,1,5000.0,3
398.0,LNI204,0.03819718634205488,1,5000.0,3
398.0,BTK702,0.03819718634205488,1,5000.0,3
398.0,CTV855,0.03819718634205488,1,5000.0,3
399.0,SD05,0.03819718634205488,1,5000.0,3
399.0,LNI204,0.03819718634205488,1,5000.0,3
399.0,BTK702,0.03819718634205488,1,5000.0,3
399.0,CTV855,0.03819718634205488,1,5000.0,3
400.0,SD05,0.03819718634205488,1,5000.0,3
400.0,LNI204,0.03819718634205488,1,5000.0,3
400.0,BTK702,0.03819718634205488,1,5000.0,3
400.0,CTV855,0.03819718634205488,1,5000.0,3
401.0,SD05,0.03819718634205488,1,5000.0,3
401.0,LNI204,0.03819718634205488,1,5000.0,3
401.0,BTK702,0.03819718634205488,1,5000.0,3
401.0,CTV855,0.03819718634205488,1,5000.0,3
402.0,SD05,0.03819718634205488,1,5000.0,3
402.0,LNI204,0.03819718634205488,1,5000.0,3
402.0,BTK702,0.03819718634205488,1,5000.0,3
402.0,CTV855,0.03819718634205488,1,5000.0,3
403.0,SD05,0.03819718634205488,1,5000.0,3
403.0,LNI204,0.03819718634205488,1,5000.0,3
403.0,BTK702,0.03819718634205488,1,5000.0,3
403.0,CTV855,0.03819718634205488,1,5000.0,3
404.0,SD05,0.03819718634205488,1,5000.0,3
404.0,LNI204,0.03819718634205488,1,5000.0,3
404.0,BTK702,0.03819718634205488,1,5000.0,3
404.0,CTV855,0.03819718634205488,1,5000.0,3
405.0,SD05,0.03819718634205488,1,5000.0,3
405.0,LNI204,0.03819718634205488,1,5000.0,3
405.0,BTK702,0.03819718634205488,1,5000.0,3
405.0,CTV855,0.03819718634205488,1,5000.0,3
406.0,SD05,0.03819718634205488,1,5000.0,3
406.0,LNI204,0.03819718634205488,1,5000.0,3
406.0,BTK702,0.03819718634205488,1,5000.0,3
406.0,CTV855,0.03819718634205488,1,5000.0,3
407.0,SD05,0.03819718634205488,1,5000.0,3
407.0,LNI204,0.03819718634205488,1,5000.0,3
407.0,BTK702,0.03819718634205488,1,5000.0,3
407.0,CTV855,0.03819718634205488,1,5000.0,3
408.0,SD05,0.03819718634205488,1,5000.0,3
408.0,LNI204,0.03819718634205488,1,5000.0,3
408.0,BTK702,0.03819718634205488,1,5000.0,3
408.0,CTV855,0.03819718634205488,1,5000.0,3
409.0,SD05,0.03819718634205488,1,5000.0,3
409.0,LNI204,0.03819718634205488,1,5000.0,3
409.0,BTK702,0.03819718634205488,1,5000.0,3
409.0,CTV855,0.03819718634205488,1,5000.0,3
410.0,SD05,0.03819718634205488,1,5000.0,3
410.0,LNI204,0.03819718634205488,1,5000.0,3
410.0,BTK702,0.03819718634205488,1,5000.0,3
410.0,CTV855,0.03819718634205488,1,5000.0,3
411.0,SD05,0.03819718634205488,1,5000.0,3
411.0,LNI204,0.03819718634205488,1,5000.0,3
411.0,BTK702,0.03819718634205488,1,5000.0,3
411.0,CTV855,0.03819718634205488,1,5000.0,3
412.0,SD05,0.03819718634205488,1,5000.0,3
412.0,LNI204,0.03819718634205488,1,5000.0,3
412.0,BTK702,0.03819718634205488,1,5000.0,3
412.0,CTV855,0.03819718634205488,1,5000.0,3
413.0,SD05,0.03819718634205488,1,5000.0,3
413.0,LNI204,0.03819718634205488,1,5000.0,3
413.0,BTK702,0.03819718634205488,1,5000.0,3
413.0,CTV855,0.03819718634205488,1,5000.0,3
414.0,SD05,0.03819718634205488,1,5000.0,3
414.0,LNI204,0.03819718634205488,1,5000.0,3
414.0,BTK702,0.03819718634205488,1,5000.0,3
414.0,CTV855,0.03819718634205488,1,5000.0,3
415.0,SD05,0.03819718634205488,1,5000.0,3
415.0,LNI204,0.03819718634205488,1,5000.0,3
415.0,BTK702,0.03819718634205488,1,5000.0,3
415.0,CTV855,0.03819718634205488,1,5000.0,3
416.0,SD05,0.03819718634205488,1,5000.0,3
416.0,LNI204,0.03819718634205488,1,5000.0,3
416.0,BTK702,0.03819718634205488,1,5000.0,3
416.0,CTV855,0.03819718634205488,1,5000.0,3
417.0,SD05,0.03819718634205488,1,5000.0,3
417.0,LNI204,0.03819718634205488,1,5000.0,3
417.0,BTK702,0.03819718634205488,1,5000.0,3
417.0,CTV855,0.03819718634205488,1,5000.0,3
418.0,SD05,0.03819718634205488,1,5000.0,3
418.0,LNI204,0.03819718634205488,1,5000.0,3
418.0,BTK702,0.03819718634205488,1,5000.0,3
418.0,CTV855,0.03819718634205488,1,5000.0,3
419.0,SD05,0.03819718634205488,1,5000.0,3
419.0,LNI204,0.03819718634205488,1,5000.0,3
419.0,BTK702,0.03819718634205488,1,5000.0,3
419.0,CTV855,0.03819718634205488,1,5000.0,3
420.0,SD05,0.03819718634205488,1,5000.0,3
420.0,LNI204,0.03819718634205488,1,5000.0,3
420.0,BTK702,0.03819718634205488,1,5000.0,3
420.0,CTV855,0.03819718634205488,1,5000.0,3
421.0,SD05,0.03819718634205488,1,5000.0,3
421.0,LNI204,0.03819718634205488,1,5000.0,3
421.0,BTK702,0.03819718634205488,1,5000.0,3
421.0,CTV855,0.03819718634205488,1,5000.0,3
422.0,SD05,0.03819718634205488,1,5000.0,3
422.0,LNI204,0.03819718634205488,1,5000.0,3
422.0,BTK702,0.03819718634205488,1,5000.0,3
422.0,CTV855,0.03819718634205488,1,5000.0,3
423.0,SD05,0.03819718634205488,1,5000.0,3
423.0,LNI204,0.03819718634205488,1,5000.0,3
423.0,BTK702,0.03819718634205488,1,5000.0,3
423.0,CTV855,0.03819718634205488,1,5000.0,3
424.0,SD05,0.03819718634205488,1,5000.0,3
424.0,LNI204,0.03819718634205488,1,5000.0,3
424.0,BTK702,0.03819718634205488,1,5000.0,3
424.0,CTV855,0.03819718634205488,1,5000.0,3
425.0,SD05,0.03819718634205488,1,5000.0,3
425.0,LNI204,0.03819718634205488,1,5000.0,3
425.0,BTK702,0.03819718634205488,1,5000.0,3
425.0,CTV855,0.03819718634205488,1,5000.0,3
426.0,SD05,0.03819718634205488,1,5000.0,3
426.0,LNI204,0.03819718634205488,1,5000.0,3
426.0,BTK702,0.03819718634205488,1,5000.0,3
426.0,CTV855,0.03819718634205488,1,5000.0,3
427.0,SD05,0.03819718634205488,1,5000.0,3
427.0,LNI204,0.03819718634205488,1,5000.0,3
427.0,BTK702,0.03819718634205488,1,5000.0,3
427.0,CTV855,0.03819718634205488,1,5000.0,3
428.0,SD05,0.03819718634205488,1,5000.0,3
428.0,LNI204,0.03819718634205488,1,5000.0,3
428.0,BTK702,0.03819718634205488,1,5000.0,3
428.0,CTV855,0.03819718634205488,1,5000.0,3
429.0,SD05,0.03819718634205488,1,5000.0,3
429.0,LNI204,0.03819718634205488,1,5000.0,3
429.0,BTK702,0.03819718634205488,1,5000.0,3
429.0,CTV855,0.03819718634205488,1,5000.0,3
430.0,SD05,0.03819718634205488,1,5000.0,3
430.0,LNI204,0.03819718634205488,1,5000.0,3
430.0,BTK702,0.03819718634205488,1,5000.0,3
430.0,CTV855,0.03819718634205488,1,5000.0,3
431.0,SD05,0.03819718634205488,1,5000.0,3
431.0,LNI204,0.03819718634205488,1,5000.0,3
431.0,BTK702,0.03819718634205488,1,5000.0,3
431.0,CTV855,0.03819718634205488,1,5000.0,3
432.0,SD05,0.03819718634205488,1,5000.0,3
432.0,LNI204,0.03819718634205488,1,5000.0,3
432.0,BTK702,0.03819718634205488,1,5000.0,3
432.0,CTV855,0.03819718634205488,1,5000.0,3
433.0,SD05,0.03819718634205488,1,5000.0,3
433.0,LNI204,0.03819718634205488,1,5000.0,3
433.0,BTK702,0.03819718634205488,1,5000.0,3
433.0,CTV855,0.03819718634205488,1,5000.0,3
434.0,SD05,0.03819718634205488,1,5000.0,3
434.0,LNI204,0.03819718634205488,1,5000.0,3
434.0,BTK702,0.03819718634205488,1,5000.0,3
434.0,CTV855,0.03819718634205488,1,5000.0,3
435.0,SD05,0.03819718634205488,1,5000.0,3
435.0,LNI204,0.03819718634205488,1,5000.0,3
435.0,BTK702,0.03819718634205488,1,5000.0,3
435.0,CTV855,0.03819718634205488,1,5000.0,3
436.0,SD05,0.03819718634205488,1,5000.0,3
436.0,LNI204,0.03819718634205488,1,5000.0,3
436.0,BTK702,0.03819718634205488,1,5000.0,3
436.0,CTV855,0.03819718634205488,1,5000.0,3
437.0,SD05,0.03819718634205488,1,5000.0,3
437.0,LNI204,0.03819718634205488,1,5000.0,3
437.0,BTK702,0.03819718634205488,1,5000.0,3
437.0,CTV855,0.03819718634205488,1,5000.0,3
438.0,SD05,0.03819718634205488,1,5000.0,3
438.0,LNI204,0.03819718634205488,1,5000.0,3
438.0,BTK702,0.03819718634205488,1,5000.0,3
438.0,CTV855,0.03819718634205488,1,5000.0,3
439.0,SD05,0.03819718634205488,1,5000.0,3
439.0,LNI204,0.03819718634205488,1,5000.0,3
439.0,BTK702,0.03819718634205488,1,5000.0,3
439.0,CTV855,0.03819718634205488,1,5000.0,3
440.0,SD05,0.03819718634205488,1,5000.0,3
440.0,LNI204,0.03819718634205488,1,5000.0,3
440.0,BTK702,0.03819718634205488,1,5000.0,3
440.0,CTV855,0.03819718634205488,1,5000.0,3
441.0,SD05,0.03819718634205488,1,5000.0,3
441.0,LNI204,0.03819718634205488,1,5000.0,3
441.0,BTK702,0.03819718634205488,1,5000.0,3
441.0,CTV855,0.03819718634205488,1,5000.0,3
442.0,SD05,0.03819718634205488,1,5000.0,3
442.0,LNI204,0.03819718634205488,1,5000.0,3
442.0,BTK702,0.03819718634205488,1,5000.0,3
442.0,CTV855,0.03819718634205488,1,5000.0,3
443.0,SD05,0.03819718634205488,1,5000.0,3
443.0,LNI204,0.03819718634205488,1,5000.0,3
443.0,BTK702,0.03819718634205488,1,5000.0,3
443.0,CTV855,0.03819718634205488,1,5000.0,3
444.0,SD05,0.03819718634205488,1,5000.0,3
444.0,LNI204,0.03819718634205488,1,5000.0,3
444.0,BTK702,0.03819718634205488,1,5000.0,3
444.0,CTV855,0.03819718634205488,1,5000.0,3
445.0,SD05,0.03819718634205488,1,5000.0,3
445.0,LNI204,0.03819718634205488,1,5000.0,3
445.0,BTK702,0.03819718634205488,1,5000.0,3
445.0,CTV855,0.03819718634205488,1,5000.0,3
446.0,SD05,0.03819718634205488,1,5000.0,3
446.0,LNI204,0.03819718634205488,1,5000.0,3
446.0,BTK702,0.03819718634205488,1,5000.0,3
446.0,CTV855,0.03819718634205488,1,5000.0,3
447.0,SD05,0.03819718634205488,1,5000.0,3
447.0,LNI204,0.03819718634205488,1,5000.0,3
447.0,BTK702,0.03819718634205488,1,5000.0,3
447.0,CTV855,0.03819718634205488,1,5000.0,3
448.0,SD05,0.03819718634205488,1,5000.0,3
448.0,LNI204,0.03819718634205488,1,5000.0,3
448.0,BTK702,0.03819718634205488,1,5000.0,3
448.0,CTV855,0.03819718634205488,1,5000.0,3
449.0,SD05,0.03819718634205488,1,5000.0,3
449.0,LNI204,0.03819718634205488,1,5000.0,3
449.0,BTK702,0.03819718634205488,1,5000.0,3
449.0,CTV855,0.03819718634205488,1,5000.0,3
450.0,SD05,0.03819718634205488,1,5000.0,3
450.0,LNI204,0.03819718634205488,1,5000.0,3
450.0,BTK702,0.03819718634205488,1,5000.0,3
450.0,CTV855,0.03819718634205488,1,5000.0,3
451.0,SD05,0.03819718634205488,1,5000.0,3
451.0,LNI204,0.03819718634205488,1,5000.0,3
451.0,BTK702,0.03819718634205488,1,5000.0,3
451.0,CTV855,0.03819718634205488,1,5000.0,3
452.0,SD05,0.03819718634205488,1,5000.0,3
452.0,LNI204,0.03819718634205488,1,5000.0,3
452.0,BTK702,0.03819718634205488,1,5000.0,3
452.0,CTV855,0.03819718634205488,1,5000.0,3
453.0,SD05,0.03819718634205488,1,5000.0,3
453.0,LNI204,0.03819718634205488,1,5000.0,3
453.0,BTK702,0.03819718634205488,1,5000.0,3
453.0,CTV855,0.03819718634205488,1,5000.0,3
454.0,SD05,0.03819718634205488,1,5000.0,3
454.0,LNI204,0.03819718634205488,1,5000.0,3
454.0,BTK702,0.03819718634205488,1,5000.0,3
454.0,CTV855,0.03819718634205488,1,5000.0,3
455.0,SD05,0.03819718634205488,1,5000.0,3
455.0,LNI204,0.03819718634205488,1,5000.0,3
455.0,BTK702,0.03819718634205488,1,5000.0,3
455.0,CTV855,0.03819718634205488,1,5000.0,3
456.0,SD05,0.03819718634205488,1,5000.0,3
456.0,LNI204,0.03819718634205488,1,5000.0,3
456.0,BTK702,0.03819718634205488,1,5000.0,3
456.0,CTV855,0.03819718634205488,1,5000.0,3
457.0,SD05,0.03819718634205488,1,5000.0,3
457.0,LNI204,0.03819718634205488,1,5000.0,3
457.0,BTK702,0.03819718634205488,1,5000.0,3
457.0,CTV855,0.03819718634205488,1,5000.0,3
458.0,SD05,0.03819718634205488,1,5000.0,3
458.0,LNI204,0.03819718634205488,1,5000.0,3
458.0,BTK702,0.03819718634205488,1,5000.0,3
458.0,CTV855,0.03819718634205488,1,5000.0,3
459.0,SD05,0.03819718634205488,1,5000.0,3
459.0,LNI204,0.03819718634205488,1,5000.0,3
459.0,BTK702,0.03819718634205488,1,5000.0,3
459.0,CTV855,0.03819718634205488,1,5000.0,3
460.0,SD05,0.03819718634205488,1,5000.0,3
460.0,LNI204,0.03819718634205488,1,5000.0,3
460.0,BTK702,0.03819718634205488,1,5000.0,3
460.0,CTV855,0.03819718634205488,1,5000.0,3
461.0,SD05,0.03819718634205488,1,5000.0,3
461.0,LNI204,0.03819718634205488,1,5000.0,3
461.0,BTK702,0.03819718634205488,1,5000.0,3
461.0,CTV855,0.03819718634205488,1,5000.0,3
462.0,SD05,0.03819718634205488,1,5000.0,3
462.0,LNI204,0.03819718634205488,1,5000.0,3
462.0,BTK702,0.03819718634205488,1,5000.0,3
462.0,CTV855,0.03819718634205488,1,5000.0,3
463.0,SD05,0.03819718634205488,1,5000.0,3
463.0,LNI204,0.03819718634205488,1,5000.0,3
463.0,BTK702,0.03819718634205488,1,5000.0,3
463.0,CTV855,0.03819718634205488,1,5000.0,3
464.0,SD05,0.03819718634205488,1,5000.0,3
464.0,LNI204,0.03819718634205488,1,5000.0,3
464.0,BTK702,0.03819718634205488,1,5000.0,3
464.0,CTV855,0.03819718634205488,1,5000.0,3
465.0,SD05,0.03819718634205488,1,5000.0,3
465.0,LNI204,0.03819718634205488,1,5000.0,3
465.0,BTK702,0.03819718634205488,1,5000.0,3
465.0,CTV855,0.03819718634205488,1,5000.0,3
466.0,SD05,0.03819718634205488,1,5000.0,3
466.0,LNI204,0.03819718634205488,1,5000.0,3
466.0,BTK702,0.03819718634205488,1,5000.0,3
466.0,CTV855,0.03819718634205488,1,5000.0,3
467.0,SD05,0.03819718634205488,1,5000.0,3
467.0,LNI204,0.03819718634205488,1,5000.0,3
467.0,BTK702,0.03819718634205488,1,5000.0,3
467.0,CTV855,0.03819718634205488,1,5000.0,3
468.0,SD05,0.03819718634205488,1,5000.0,3
468.0,LNI204,0.03819718634205488,1,5000.0,3
468.0,BTK702,0.03819718634205488,1,5000.0,3
468.0,CTV855,0.03819718634205488,1,5000.0,3
469.0,SD05,0.03819718634205488,1,5000.0,3
469.0,LNI204,0.03819718634205488,1,5000.0,3
469.0,BTK702,0.03819718634205488,1,5000.0,3
469.0,CTV855,0.03819718634205488,1,5000.0,3
470.0,SD05,0.03819718634205488,1,5000.0,3
470.0,LNI204,0.03819718634205488,1,5000.0,3
470.0,BTK702,0.03819718634205488,1,5000.0,3
470.0,CTV855,0.03819718634205488,1,5000.0,3
471.0,SD05,0.03819718634205488,1,5000.0,3
471.0,LNI204,0.03819718634205488,1,5000.0,3
471.0,BTK702,0.03819718634205488,1,5000.0,3
471.0,CTV855,0.03819718634205488,1,5000.0,3
472.0,SD05,0.03819718634205488,1,5000.0,3
472.0,LNI204,0.03819718634205488,1,5000.0,3
472.0,BTK702,0.03819718634205488,1,5000.0,3
472.0,CTV855,0.03819718634205488,1,5000.0,3
473.0,SD05,0.03819718634205488,1,5000.0,3
473.0,LNI204,0.03819718634205488,1,5000.0,3
473.0,BTK702,0.03819718634205488,1,5000.0,3
473.0,CTV855,0.03819718634205488,1,5000.0,3
474.0,SD05,0.03819718634205488,1,5000.0,3
474.0,LNI204,0.03819718634205488,1,5000.0,3
474.0,BTK702,0.03819718634205488,1,5000.0,3
474.0,CTV855,0.03819718634205488,1,5000.0,3
475.0,SD05,0.03819718634205488,1,5000.0,3
475.0,LNI204,0.03819718634205488,1,5000.0,3
475.0,BTK702,0.03819718634205488,1,5000.0,3
475.0,CTV855,0.03819718634205488,1,5000.0,3
476.0,SD05,0.03819718634205488,1,5000.0,3
476.0,LNI204,0.03819718634205488,1,5000.0,3
476.0,BTK702,0.03819718634205488,1,5000.0,3
476.0,CTV855,0.03819718634205488,1,5000.0,3
477.0,SD05,0.03819718634205488,1,5000.0,3
477.0,LNI204,0.03819718634205488,1,5000.0,3
477.0,BTK702,0.03819718634205488,1,5000.0,3
477.0,CTV855,0.03819718634205488,1,5000.0,3
478.0,SD05,0.03819718634205488,1,5000.0,3
478.0,LNI204,0.03819718634205488,1,5000.0,3
478.0,BTK702,0.03819718634205488,1,5000.0,3
478.0,CTV855,0.03819718634205488,1,5000.0,3
479.0,SD05,0.03819718634205488,1,5000.0,3
479.0,LNI204,0.03819718634205488,1,5000.0,3
479.0,BTK702,0.03819718634205488,1,5000.0,3
479.0,CTV855,0.03819718634205488,1,5000.0,3
480.0,SD05,0.03819718634205488,1,5000.0,3
480.0,LNI204,0.03819718634205488,1,5000.0,3
480.0,BTK702,0.03819718634205488,1,5000.0,3
480.0,CTV855,0.03819718634205488,1,5000.0,3
481.0,SD05,0.03819718634205488,1,5000.0,3
481.0,LNI204,0.03819718634205488,1,5000.0,3
481.0,BTK702,0.03819718634205488,1,5000.0,3
481.0,CTV855,0.03819718634205488,1,5000.0,3
482.0,SD05,0.03819718634205488,1,5000.0,3
482.0,LNI204,0.03819718634205488,1,5000.0,3
482.0,BTK702,0.03819718634205488,1,5000.0,3
482.0,CTV855,0.03819718634205488,1,5000.0,3
483.0,SD05,0.03819718634205488,1,5000.0,3
483.0,LNI204,0.03819718634205488,1,5000.0,3
483.0,BTK702,0.03819718634205488,1,5000.0,3
483.0,CTV855,0.03819718634205488,1,5000.0,3
484.0,SD05,0.03819718634205488,1,5000.0,3
484.0,LNI204,0.03819718634205488,1,5000.0,3
484.0,BTK702,0.03819718634205488,1,5000.0,3
484.0,CTV855,0.03819718634205488,1,5000.0,3
485.0,SD05,0.03819718634205488,1,5000.0,3
485.0,LNI204,0.03819718634205488,1,5000.0,3
485.0,BTK702,0.03819718634205488,1,5000.0,3
485.0,CTV855,0.03819718634205488,1,5000.0,3
486.0,SD05,0.03819718634205488,1,5000.0,3
486.0,LNI204,0.03819718634205488,1,5000.0,3
486.0,BTK702,0.03819718634205488,1,5000.0,3
486.0,CTV855,0.03819718634205488,1,5000.0,3
487.0,SD05,0.03819718634205488,1,5000.0,3
487.0,LNI204,0.03819718634205488,1,5000.0,3
487.0,BTK702,0.03819718634205488,1,5000.0,3
487.0,CTV855,0.03819718634205488,1,5000.0,3
488.0,SD05,0.03819718634205488,1,5000.0,3
488.0,LNI204,0.03819718634205488,1,5000.0,3
488.0,BTK702,0.03819718634205488,1,5000.0,3
488.0,CTV855,0.03819718634205488,1,5000.0,3
489.0,SD05,0.03819718634205488,1,5000.0,3
489.0,LNI204,0.03819718634205488,1,5000.0,3
489.0,BTK702,0.03819718634205488,1,5000.0,3
489.0,CTV855,0.03819718634205488,1,5000.0,3
490.0,SD05,0.03819718634205488,1,5000.0,3
490.0,LNI204,0.03819718634205488,1,5000.0,3
490.0,BTK702,0.03819718634205488,1,5000.0,3
490.0,CTV855,0.03819718634205488,1,5000.0,3
491.0,SD05,0.03819718634205488,1,5000.0,3
491.0,LNI204,0.03819718634205488,1,5000.0,3
491.0,BTK702,0.03819718634205488,1,5000.0,3
491.0,CTV855,0.03819718634205488,1,5000.0,3
492.0,SD05,0.03819718634205488,1,5000.0,3
492.0,LNI204,0.03819718634205488,1,5000.0,3
492.0,BTK702,0.03819718634205488,1,5000.0,3
492.0,CTV855,0.03819718634205488,1,5000.0,3
493.0,SD05,0.03819718634205488,1,5000.0,3
493.0,LNI204,0.03819718634205488,1,5000.0,3
493.0,BTK702,0.03819718634205488,1,5000.0,3
493.0,CTV855,0.03819718634205488,1,5000.0,3
494.0,SD05,0.03819718634205488,1,5000.0,3
494.0,LNI204,0.03819718634205488,1,5000.0,3
494.0,BTK702,0.03819718634205488,1,5000.0,3
494.0,CTV855,0.03819718634205488,1,5000.0,3
495.0,SD05,0.03819718634205488,1,5000.0,3
495.0,LNI204,0.03819718634205488,1,5000.0,3
495.0,BTK702,0.03819718634205488,1,5000.0,3
495.0,CTV855,0.03819718634205488,1,5000.0,3
496.0,SD05,0.03819718634205488,1,5000.0,3
496.0,LNI204,0.03819718634205488,1,5000.0,3
496.0,BTK702,0.03819718634205488,1,5000.0,3
496.0,CTV855,0.03819718634205488,1,5000.0,3
497.0,SD05,0.03819718634205488,1,5000.0,3
497.0,LNI204,0.03819718634205488,1,5000.0,3
497.0,BTK702,0.03819718634205488,1,5000.0,3
497.0,CTV855,0.03819718634205488,1,5000.0,3
498.0,SD05,0.03819718634205488,1,5000.0,3
498.0,LNI204,0.03819718634205488,1,5000.0,3
498.0,BTK702,0.03819718634205488,1,5000.0,3
498.0,CTV855,0.03819718634205488,1,5000.0,3
499.0,SD05,0.03819718634205488,1,5000.0,3
499.0,LNI204,0.03819718634205488,1,5000.0,3
499.0,BTK702,0.03819718634205488,1,5000.0,3
499.0,CTV855,0.03819718634205488,1,5000.0,3
500.0,SD05,0.03819718634205488,1,5000.0,3
500.0,LNI204,0.03819718634205488,1,5000.0,3
500.0,BTK702,0.03819718634205488,1,5000.0,3
500.0,CTV855,0.03819718634205488,1,5000.0,3
501.0,SD05,0.03819718634205488,1,5000.0,3
501.0,LNI204,0.03819718634205488,1,5000.0,3
501.0,BTK702,0.03819718634205488,1,5000.0,3
501.0,CTV855,0.03819718634205488,1,5000.0,3
502.0,SD05,0.03819718634205488,1,5000.0,3
502.0,LNI204,0.03819718634205488,1,5000.0,3
502.0,BTK702,0.03819718634205488,1,5000.0,3
502.0,CTV855,0.03819718634205488,1,5000.0,3
503.0,SD05,0.03819718634205488,1,5000.0,3
503.0,LNI204,0.03819718634205488,1,5000.0,3
503.0,BTK702,0.03819718634205488,1,5000.0,3
503.0,CTV855,0.03819718634205488,1,5000.0,3
504.0,SD05,0.03819718634205488,1,5000.0,3
504.0,LNI204,0.03819718634205488,1,5000.0,3
504.0,BTK702,0.03819718634205488,1,5000.0,3
504.0,CTV855,0.03819718634205488,1,5000.0,3
505.0,SD05,0.03819718634205488,1,5000.0,3
505.0,LNI204,0.03819718634205488,1,5000.0,3
505.0,BTK702,0.03819718634205488,1,5000.0,3
505.0,CTV855,0.03819718634205488,1,5000.0,3
506.0,SD05,0.03819718634205488,1,5000.0,3
506.0,LNI204,0.03819718634205488,1,5000.0,3
506.0,BTK702,0.03819718634205488,1,5000.0,3
506.0,CTV855,0.03819718634205488,1,5000.0,3
507.0,SD05,0.03819718634205488,1,5000.0,3
507.0,LNI204,0.03819718634205488,1,5000.0,3
507.0,BTK702,0.03819718634205488,1,5000.0,3
507.0,CTV855,0.03819718634205488,1,5000.0,3
508.0,SD05,0.03819718634205488,1,5000.0,3
508.0,LNI204,0.03819718634205488,1,5000.0,3
508.0,BTK702,0.03819718634205488,1,5000.0,3
508.0,CTV855,0.03819718634205488,1,5000.0,3
509.0,SD05,0.03819718634205488,1,5000.0,3
509.0,LNI204,0.03819718634205488,1,5000.0,3
509.0,BTK702,0.03819718634205488,1,5000.0,3
509.0,CTV855,0.03819718634205488,1,5000.0,3
510.0,SD05,0.03819718634205488,1,5000.0,3
510.0,LNI204,0.03819718634205488,1,5000.0,3
510.0,BTK702,0.03819718634205488,1,5000.0,3
510.0,CTV855,0.03819718634205488,1,5000.0,3
511.0,SD05,0.03819718634205488,1,5000.0,3
511.0,LNI204,0.03819718634205488,1,5000.0,3
511.0,BTK702,0.03819718634205488,1,5000.0,3
511.0,CTV855,0.03819718634205488,1,5000.0,3
512.0,SD05,0.03819718634205488,1,5000.0,3
512.0,LNI204,0.03819718634205488,1,5000.0,3
512.0,BTK702,0.03819718634205488,1,5000.0,3
512.0,CTV855,0.03819718634205488,1,5000.0,3
513.0,SD05,0.03819718634205488,1,5000.0,3
513.0,LNI204,0.03819718634205488,1,5000.0,3
513.0,BTK702,0.03819718634205488,1,5000.0,3
513.0,CTV855,0.03819718634205488,1,5000.0,3
514.0,SD05,0.03819718634205488,1,5000.0,3
514.0,LNI204,0.03819718634205488,1,5000.0,3
514.0,BTK702,0.03819718634205488,1,5000.0,3
514.0,CTV855,0.03819718634205488,1,5000.0,3
515.0,SD05,0.03819718634205488,1,5000.0,3
515.0,LNI204,0.03819718634205488,1,5000.0,3
515.0,BTK702,0.03819718634205488,1,5000.0,3
515.0,CTV855,0.03819718634205488,1,5000.0,3
516.0,SD05,0.03819718634205488,1,5000.0,3
516.0,LNI204,0.03819718634205488,1,5000.0,3
516.0,BTK702,0.03819718634205488,1,5000.0,3
516.0,CTV855,0.03819718634205488,1,5000.0,3
517.0,SD05,0.03819718634205488,1,5000.0,3
517.0,LNI204,0.03819718634205488,1,5000.0,3
517.0,BTK702,0.03819718634205488,1,5000.0,3
517.0,CTV855,0.03819718634205488,1,5000.0,3
518.0,SD05,0.03819718634205488,1,5000.0,3
518.0,LNI204,0.03819718634205488,1,5000.0,3
518.0,BTK702,0.03819718634205488,1,5000.0,3
518.0,CTV855,0.03819718634205488,1,5000.0,3
519.0,SD05,0.03819718634205488,1,5000.0,3
519.0,LNI204,0.03819718634205488,1,5000.0,3
519.0,BTK702,0.03819718634205488,1,5000.0,3
519.0,CTV855,0.03819718634205488,1,5000.0,3
520.0,SD05,0.03819718634205488,1,5000.0,3
520.0,LNI204,0.03819718634205488,1,5000.0,3
520.0,BTK702,0.03819718634205488,1,5000.0,3
520.0,CTV855,0.03819718634205488,1,5000.0,3
521.0,SD05,0.03819718634205488,1,5000.0,3
521.0,LNI204,0.03819718634205488,1,5000.0,3
521.0,BTK702,0.03819718634205488,1,5000.0,3
521.0,CTV855,0.03819718634205488,1,5000.0,3
522.0,SD05,0.03819718634205488,1,5000.0,3
522.0,LNI204,0.03819718634205488,1,5000.0,3
522.0,BTK702,0.03819718634205488,1,5000.0,3
522.0,CTV855,0.03819718634205488,1,5000.0,3
523.0,SD05,0.03819718634205488,1,5000.0,3
523.0,LNI204,0.03819718634205488,1,5000.0,3
523.0,BTK702,0.03819718634205488,1,5000.0,3
523.0,CTV855,0.03819718634205488,1,5000.0,3
524.0,SD05,0.03819718634205488,1,5000.0,3
524.0,LNI204,0.03819718634205488,1,5000.0,3
524.0,BTK702,0.03819718634205488,1,5000.0,3
524.0,CTV855,0.03819718634205488,1,5000.0,3
525.0,SD05,0.03819718634205488,1,5000.0,3
525.0,LNI204,0.03819718634205488,1,5000.0,3
525.0,BTK702,0.03819718634205488,1,5000.0,3
525.0,CTV855,0.03819718634205488,1,5000.0,3
526.0,SD05,0.03819718634205488,1,5000.0,3
526.0,LNI204,0.03819718634205488,1,5000.0,3
526.0,BTK702,0.03819718634205488,1,5000.0,3
526.0,CTV855,0.03819718634205488,1,5000.0,3
527.0,SD05,0.03819718634205488,1,5000.0,3
527.0,LNI204,0.03819718634205488,1,5000.0,3
527.0,BTK702,0.03819718634205488,1,5000.0,3
527.0,CTV855,0.03819718634205488,1,5000.0,3
528.0,SD05,0.03819718634205488,1,5000.0,3
528.0,LNI204,0.03819718634205488,1,5000.0,3
528.0,BTK702,0.03819718634205488,1,5000.0,3
528.0,CTV855,0.03819718634205488,1,5000.0,3
529.0,SD05,0.03819718634205488,1,5000.0,3
529.0,LNI204,0.03819718634205488,1,5000.0,3
529.0,BTK702,0.03819718634205488,1,5000.0,3
529.0,CTV855,0.03819718634205488,1,5000.0,3
530.0,SD05,0.03819718634205488,1,5000.0,3
530.0,LNI204,0.03819718634205488,1,5000.0,3
530.0,BTK702,0.03819718634205488,1,5000.0,3
530.0,CTV855,0.03819718634205488,1,5000.0,3
531.0,SD05,0.03819718634205488,1,5000.0,3
531.0,LNI204,0.03819718634205488,1,5000.0,3
531.0,BTK702,0.03819718634205488,1,5000.0,3
531.0,CTV855,0.03819718634205488,1,5000.0,3
532.0,SD05,0.03819718634205488,1,5000.0,3
532.0,LNI204,0.03819718634205488,1,5000.0,3
532.0,BTK702,0.03819718634205488,1,5000.0,3
532.0,CTV855,0.03819718634205488,1,5000.0,3
533.0,SD05,0.03819718634205488,1,5000.0,3
533.0,LNI204,0.038296688775413715,1,4993.500276888633,3
533.0,BTK702,0.03819718634205488,1,5000.0,3
533.0,CTV855,0.03819718634205488,1,5000.0,3
534.0,SD05,0.03819718634205488,1,5000.0,3
534.0,LNI204,0.03915412774961771,1,4938.521107125399,3
534.0,BTK702,0.03819718634205488,1,5000.0,3
534.0,CTV855,0.03819718634205488,1,5000.0,3
535.0,SD05,0.03819718634205488,1,5000.0,3
535.0,LNI204,0.040038272481639665,1,4883.689291273467,3
535.0,BTK702,0.03819718634205488,1,5000.0,3
535.0,CTV855,0.03819718634205488,1,5000.0,3
536.0,SD05,0.03819718634205488,1,5000.0,3
536.0,LNI204,0.040950121972177525,1,4829.009849141479,3
536.0,BTK702,0.03819718634205488,1,5000.0,3
536.0,CTV855,0.03819718634205488,1,5000.0,3
537.0,SD05,0.03819718634205488,1,5000.0,3
537.0,LNI204,0.04189071439592441,1,4774.488016208228,3
537.0,BTK702,0.03819718634205488,1,5000.0,3
537.0,CTV855,0.03819718634205488,1,5000.0,3
538.0,SD05,0.03819718634205488,1,5000.0,3
538.0,LNI204,0.042861128282525855,1,4720.129254414236,3
538.0,BTK702,0.03819718634205488,1,5000.0,3
538.0,CTV855,0.03819718634205488,1,5000.0,3
539.0,SD05,0.03819718634205488,1,5000.0,3
539.0,LNI204,0.043862483661524086,1,4665.939263507577,3
539.0,BTK702,0.03819718634205488,1,5000.0,3
539.0,CTV855,0.03819718634205488,1,5000.0,3
540.0,SD05,0.03819718634205488,1,5000.0,3
540.0,LNI204,0.044895943156192476,1,4611.923992998094,3
540.0,BTK702,0.03819718634205488,1,5000.0,3
540.0,CTV855,0.03819718634205488,1,5000.0,3
541.0,SD05,0.03819718634205488,1,5000.0,3
541.0,LNI204,0.04596271300852981,1,4558.08965477941,3
541.0,BTK702,0.03819718634205488,1,5000.0,3
541.0,CTV855,0.03819718634205488,1,5000.0,3
542.0,SD05,0.03819718634205488,1,5000.0,3
542.0,LNI204,0.04706404401684431,1,4504.4427363792465,3
542.0,BTK702,0.03819718634205488,1,5000.0,3
542.0,CTV855,0.03819718634205488,1,5000.0,3
543.0,SD05,0.03819718634205488,1,5000.0,3
543.0,LNI204,0.04820123236077176,1,4450.9900149779405,3
543.0,BTK702,0.03819718634205488,1,5000.0,3
543.0,CTV855,0.03819718634205488,1,5000.0,3
544.0,SD05,0.03819718634205488,1,5000.0,3
544.0,LNI204,0.04937562028961522,1,4397.738572103203,3
544.0,BTK702,0.03819718634205488,1,5000.0,3
544.0,CTV855,0.03819718634205488,1,5000.0,3
545.0,SD05,0.03819718634205488,1,5000.0,3
545.0,LNI204,0.050588596641439575,2,4344.695809134573,3
545.0,BTK702,0.03819718634205488,1,5000.0,3
545.0,CTV855,0.03819718634205488,1,5000.0,3
546.0,SD05,0.03819718634205488,1,5000.0,3
546.0,LNI204,0.05184159715854261,2,4291.869463614333,3
546.0,BTK702,0.03819718634205488,1,5000.0,3
546.0,CTV855,0.03819718634205488,1,5000.0,3
547.0,SD05,0.03819718634205488,1,5000.0,3
547.0,LNI204,0.053136104559395915,2,4239.26762639042,3
547.0,BTK702,0.03819718634205488,1,5000.0,3
547.0,CTV855,0.03819718634205488,1,5000.0,3
548.0,SD05,0.03819718634205488,1,5000.0,3
548.0,LNI204,0.05447364832077341,2,4186.89875964717,3
548.0,BTK702,0.03819718634205488,1,5000.0,3
548.0,CTV855,0.03819718634205488,1,5000.0,3
549.0,SD05,0.03819718634205488,1,5000.0,3
549.0,LNI204,0.0558558041185575,2,4134.77171583314,3
549.0,BTK702,0.03819718634205488,1,5000.0,3
549.0,CTV855,0.03819718634205488,1,5000.0,3
550.0,SD05,0.03819718634205488,1,5000.0,3
550.0,LNI204,0.05728419286764056,2,4082.895757538367,3
550.0,BTK702,0.03819718634205488,1,5000.0,3
550.0,CTV855,0.03819718634205488,1,5000.0,3
551.0,SD05,0.03819718634205488,1,5000.0,3
551.0,LNI204,0.05876047929406189,2,4031.280578348818,3
551.0,BTK702,0.03819718634205488,1,5000.0,3
551.0,CTV855,0.03819718634205488,1,5000.0,3
552.0,SD05,0.03819718634205488,1,5000.0,3
552.0,LNI204,0.06028636996418667,2,3979.9363246951552,3
552.0,BTK702,0.03819718634205488,1,5000.0,3
552.0,CTV855,0.03819718634205488,1,5000.0,3
553.0,SD05,0.03819718634205488,1,5000.0,3
553.0,LNI204,0.061863610685842535,2,3928.8736187265563,3
553.0,BTK702,0.03819718634205488,1,5000.0,3
553.0,CTV855,0.03819718634205488,1,5000.0,3
554.0,SD05,0.03819718634205488,1,5000.0,3
554.0,LNI204,0.06349398318630675,2,3878.103582224623,3
554.0,BTK702,0.03819718634205488,1,5000.0,3
554.0,CTV855,0.03819718634205488,1,5000.0,3
555.0,SD05,0.03819718634205488,1,5000.0,3
555.0,LNI204,0.0651793009599141,2,3827.637861594094,3
555.0,BTK702,0.03819718634205488,1,5000.0,3
555.0,CTV855,0.03819718634205488,1,5000.0,3
556.0,SD05,0.03819718634205488,1,5000.0,3
556.0,LNI204,0.06692140416811747,2,3777.4886538909795,3
556.0,BTK702,0.03819718634205488,1,5000.0,3
556.0,CTV855,0.03819718634205488,1,5000.0,3
557.0,SD05,0.03819718634205488,1,5000.0,3
557.0,LNI204,0.06872215345877039,2,3727.6687339362793,3
557.0,BTK702,0.03819718634205488,1,5000.0,3
557.0,CTV855,0.03819718634205488,1,5000.0,3
558.0,SD05,0.03819718634205488,1,5000.0,3
558.0,LNI204,0.07058342255953312,2,3678.191482487617,3
558.0,BTK702,0.03819718634205488,1,5000.0,3
558.0,CTV855,0.03819718634205488,1,5000.0,3
559.0,SD05,0.03819718634205488,1,5000.0,3
559.0,LNI204,0.0725070894864081,2,3629.070915416762,3
559.0,BTK702,0.03819718634205488,1,5000.0,3
559.0,CTV855,0.03819718634205488,1,5000.0,3
560.0,SD05,0.03819718634205488,1,5000.0,3
560.0,LNI204,0.07449502619086791,2,3580.3217138943746,3
560.0,BTK702,0.03819718634205488,1,5000.0,3
560.0,CTV855,0.03819718634205488,1,5000.0,3
561.0,SD05,0.03819718634205488,1,5000.0,3
561.0,LNI204,0.07654908645483897,2,3531.9592555276367,3
561.0,BTK702,0.03819718634205488,1,5000.0,3
561.0,CTV855,0.03819718634205488,1,5000.0,3
562.0,SD05,0.03819718634205488,1,5000.0,3
562.0,LNI204,0.07867109183018559,2,3483.999646315299,3
562.0,BTK702,0.03819718634205488,1,5000.0,3
562.0,CTV855,0.03819718634205488,1,5000.0,3
563.0,SD05,0.03819718634205488,1,5000.0,3
563.0,LNI204,0.08086281539946141,2,3436.459753387007,3
563.0,BTK702,0.03819718634205488,1,5000.0,3
563.0,CTV855,0.03819718634205488,1,5000.0,3
564.0,SD05,0.03819718634205488,1,5000.0,3
564.0,LNI204,0.08312596312474835,2,3389.357238369919,3
564.0,BTK702,0.03819718634205488,1,5000.0,3
564.0,CTV855,0.03819718634205488,1,5000.0,3
565.0,SD05,0.03819718634205488,1,5000.0,3
565.0,LNI204,0.08546215253811737,2,3342.7105912301245,3
565.0,BTK702,0.03819718634205488,1,5000.0,3
565.0,CTV855,0.03819718634205488,1,5000.0,3
566.0,SD05,0.03819718634205488,1,5000.0,3
566.0,LNI204,0.0878728885205278,2,3296.5391643539124,3
566.0,BTK702,0.03819718634205488,1,5000.0,3
566.0,CTV855,0.03819718634205488,1,5000.0,3
567.0,SD05,0.03819718634205488,1,5000.0,3
567.0,LNI204,0.09035953590505527,2,3250.863206709855,3
567.0,BTK702,0.03819718634205488,1,5000.0,3
567.0,CTV855,0.03819718634205488,1,5000.0,3
568.0,SD05,0.03819718634205488,1,5000.0,3
568.0,LNI204,0.0929123130551687,2,3205.8932346508996,3
568.0,BTK702,0.03819718634205488,1,5000.0,3
568.0,CTV855,0.03819718634205488,1,5000.0,3
569.0,SD05,0.03819718634205488,1,5000.0,3
569.0,LNI204,0.0945858759762855,2,3177.4047897092205,3
569.0,BTK702,0.03819718634205488,1,5000.0,3
569.0,CTV855,0.03819718634205488,1,5000.0,3
570.0,SD05,0.03819718634205488,1,5000.0,3
570.0,LNI204,0.09628339788771177,2,3149.270658011993,3
570.0,BTK702,0.03819718634205488,1,5000.0,3
570.0,CTV855,0.03819718634205488,1,5000.0,3
571.0,SD05,0.03819718634205488,1,5000.0,3
571.0,LNI204,0.09800417716412259,2,3121.5004196476734,3
571.0,BTK702,0.03819718634205488,1,5000.0,3
571.0,CTV855,0.03819718634205488,1,5000.0,3
572.0,SD05,0.03819718634205488,1,5000.0,3
572.0,LNI204,0.09974740437998479,2,3094.103872461115,3
572.0,BTK702,0.03819718634205488,1,5000.0,3
572.0,CTV855,0.03819718634205488,1,5000.0,3
573.0,SD05,0.03819718634205488,1,5000.0,3
573.0,LNI204,0.10151215564656688,2,3067.0910301573813,3
573.0,BTK702,0.03819718634205488,1,5000.0,3
573.0,CTV855,0.03819718634205488,1,5000.0,3
574.0,SD05,0.03819718634205488,1,5000.0,3
574.0,LNI204,0.1032973859252043,2,3040.4721195037628,3
574.0,BTK702,0.03819718634205488,1,5000.0,3
574.0,CTV855,0.03819718634205488,1,5000.0,3
575.0,SD05,0.03819718634205488,1,5000.0,3
575.0,LNI204,0.10510192236214218,2,3014.257576724134,3
575.0,BTK702,0.03819718634205488,1,5000.0,3
575.0,CTV855,0.03819718634205488,1,5000.0,3
576.0,SD05,0.03819718634205488,1,5000.0,3
576.0,LNI204,0.10692445771825529,2,2988.4580428676677,3
576.0,BTK702,0.03819718634205488,1,5000.0,3
576.0,CTV855,0.03819718634205488,1,5000.0,3
577.0,SD05,0.03819718634205488,1,5000.0,3
577.0,LNI204,0.10594369394571182,2,3002.258860994569,3
577.0,BTK702,0.03819718634205488,1,5000.0,3
577.0,CTV855,0.03819718634205488,1,5000.0,3
578.0,SD05,0.03819718634205488,1,5000.0,3
578.0,LNI204,0.10253411301473093,2,3051.7679070439813,3
578.0,BTK702,0.03819718634205488,1,5000.0,3
578.0,CTV855,0.03819718634205488,1,5000.0,3
579.0,SD05,0.03819718634205488,1,5000.0,3
579.0,LNI204,0.09928635310790261,2,3101.279522620157,3
579.0,BTK702,0.03819718634205488,1,5000.0,3
579.0,CTV855,0.03819718634205488,1,5000.0,3
580.0,SD05,0.03819718634205488,1,5000.0,3
580.0,LNI204,0.0961903436744016,2,3150.793586676423,3
580.0,BTK702,0.03819718634205488,1,5000.0,3
580.0,CTV855,0.03819718634205488,1,5000.0,3
581.0,SD05,0.03819718634205488,1,5000.0,3
581.0,LNI204,0.09323678480302189,2,3200.3099856349518,3
581.0,BTK702,0.03959267509891318,1,4911.094240011605,3
581.0,CTV855,0.03819718634205488,1,5000.0,3
582.0,SD05,0.03819718634205488,1,5000.0,3
582.0,LNI204,0.09041707758624522,2,3249.828612858233,3
582.0,BTK702,0.041129135753716885,1,4818.489302251242,3
582.0,CTV855,0.03819718634205488,1,5000.0,3
583.0,SD05,0.03819718634205488,1,5000.0,3
583.0,LNI204,0.08772326171454965,2,3299.3493680842425,3
583.0,BTK702,0.042756745626943794,1,4725.8874017765465,3
583.0,CTV855,0.03819718634205488,1,5000.0,3
584.0,SD05,0.03819718634205488,1,5000.0,3
584.0,LNI204,0.08514795944784727,2,3348.872156979565,3
584.0,BTK702,0.04448285503239923,1,4633.288724050718,3
584.0,CTV855,0.03819718634205488,1,5000.0,3
585.0,SD05,0.03819718634205488,1,5000.0,3
585.0,LNI204,0.08268432523466607,2,3398.3968907291055,3
585.0,BTK702,0.046315569913439526,1,4540.693469641621,3
585.0,CTV855,0.03819718634205488,1,5000.0,3
586.0,SD05,0.03819718634205488,1,5000.0,3
586.0,LNI204,0.0803260003414539,2,3447.9234855887194,3
586.0,BTK702,0.04826384694576986,1,4448.101855827255,3
586.0,CTV855,0.03819718634205488,1,5000.0,3
587.0,SD05,0.03819718634205488,1,5000.0,3
587.0,LNI204,0.07806707192321233,2,3497.451862566903,3
587.0,BTK702,0.05033760289429153,2,4355.514118340218,3
587.0,CTV855,0.03819718634205488,1,5000.0,3
588.0,SD05,0.03819718634205488,1,5000.0,3
588.0,LNI204,0.07590203605262152,2,3546.9819470810767,3
588.0,BTK702,0.052547840714223734,2,4262.930513400726,3
588.0,CTV855,0.03819718634205488,1,5000.0,3
589.0,SD05,0.03819718634205488,1,5000.0,3
589.0,LNI204,0.07382576427339936,2,3596.513668654998,3
589.0,BTK702,0.054906795392706674,2,4170.351319948779,3
589.0,CTV855,0.03819718634205488,1,5000.0,3
590.0,SD05,0.03819718634205488,1,5000.0,3
590.0,LNI204,0.07183347330019467,2,3646.04696063571,3
590.0,BTK702,0.05742810313706861,2,4077.7768422366266,3
590.0,CTV855,0.03819718634205488,1,5000.0,3
591.0,SD05,0.03819718634205488,1,5000.0,3
591.0,LNI204,0.06992069753049879,2,3695.581759952455,3
591.0,BTK702,0.060126998277762925,2,3985.207412799878,3
591.0,CTV855,0.03819718634205488,1,5000.0,3
592.0,SD05,0.03819718634205488,1,5000.0,3
592.0,LNI204,0.06808326407674875,2,3745.118006853328,3
592.0,BTK702,0.06302054319681982,2,3892.6433957656477,3
592.0,CTV855,0.03819718634205488,1,5000.0,3
593.0,SD05,0.03819718634205488,1,5000.0,3
593.0,LNI204,0.06631727005444743,2,3794.655644720908,3
593.0,BTK702,0.06612789775572245,2,3800.085190732601,3
593.0,CTV855,0.03819718634205488,1,5000.0,3
594.0,SD05,0.038206572245351254,1,4999.385807254124,3
594.0,LNI204,0.06461906190072463,2,3844.1946198425308,3
594.0,BTK702,0.06947063616972832,2,3707.5332371523023,3
594.0,CTV855,0.038204107098858076,1,4999.547099069663,3
595.0,SD05,0.0384040907824258,1,4986.512903506096,3
595.0,LNI204,0.06298521651510793,2,3893.734881238669,3
595.0,BTK702,0.07307312110713732,2,3614.988019466568,3
595.0,CTV855,0.038401619207303825,1,4986.673369955075,3
596.0,SD05,0.03860314498741409,1,4973.6399987105315,3
596.0,LNI204,0.06141252404295656,2,3943.276380501464,3
596.0,BTK702,0.07696294712787055,2,3522.450072992116,3
596.0,CTV855,0.03860066695038539,1,4973.79964188849,3
597.0,SD05,0.038803750821088084,1,4960.767092866231,3
597.0,LNI204,0.05989797214092043,2,3992.819071616346,3
597.0,BTK702,0.08117146852740222,2,3429.9199907614643,3
597.0,CTV855,0.03880126628861561,1,4960.92591486888,3
598.0,SD05,0.0390059244521604,1,4947.894185969306,3
598.0,LNI204,0.05843873157891903,2,4042.3629108178984,3
598.0,BTK702,0.08573443043382355,2,3337.398431529201,3
598.0,CTV855,0.03900343339044539,1,4948.052188892521,3
599.0,SD05,0.03920968226043944,1,4935.021278019763,3
599.0,LNI204,0.057032143050778576,2,4091.907856471532,3
599.0,BTK702,0.09069272687359886,2,3244.886129119397,3
599.0,CTV855,0.03920718463541858,1,4935.17846395959,3
600.0,SD05,0.039415040840104235,1,4922.148369024033,3
600.0,LNI204,0.05567570508052674,2,4141.453868924668,3
600.0,BTK702,0.09609331581715391,2,3152.383903415413,3
600.0,CTV855,0.03941253661744701,1,4922.3047400766845,3
601.0,SD05,0.03962201700331957,1,4909.275458980082,3
601.0,LNI204,0.05436706291959511,2,4191.000910401571,3
601.0,BTK702,0.10199032942612557,2,3059.892673346892,3
601.0,CTV855,0.039619506148425354,1,4909.431017241939,3
602.0,SD05,0.039830627783582165,1,4896.402547883563,3
602.0,LNI204,0.05310399834442624,2,4240.548944896878,3
602.0,BTK702,0.10844642850434685,2,2967.4134723053376,3
602.0,CTV855,0.039828110261577426,1,4896.557295451175,3
603.0,SD05,0.040040890439138034,1,4883.529635733234,3
603.0,LNI204,0.05188442027216805,2,4290.097938061079,3
603.0,BTK702,0.11553446441903262,2,2874.947466485293,3
603.0,CTV855,0.04003836621487351,1,4883.6835747033165,3
604.0,SD05,0.0402528224564601,1,4870.656722536397,3
604.0,LNI204,0.05070635611959,2,4339.647857109948,3
604.0,BTK702,0.12333953076422179,2,2782.495976950862,3
604.0,CTV855,0.04025029149450781,1,4870.809855005834,3
605.0,SD05,0.040466441554189346,1,4857.783808290238,3
605.0,LNI204,0.04956794383880046,1,4389.198670755652,3
605.0,BTK702,0.13196151263386557,2,2690.06050612097,3
605.0,CTV855,0.04046390381883962,1,4857.936136356083,3
606.0,SD05,0.04068176568669467,1,4844.910892990778,3
606.0,LNI204,0.04846742457151911,1,4438.750349085023,3
606.0,BTK702,0.1415182760431286,2,2597.6427700043064,3
606.0,CTV855,0.04067922114195321,1,4845.062418750251,3
607.0,SD05,0.04089881304767389,1,4832.037976643062,3
607.0,LNI204,0.04740313586466012,1,4488.302863521785,3
607.0,BTK702,0.15214968759915906,2,2505.244737464646,3
607.0,CTV855,0.04089626165725875,1,4832.18870219355,3
608.0,SD05,0.04111760207426826,1,4819.165059244919,3
608.0,LNI204,0.04637350540169005,1,4537.856186733504,3
608.0,BTK702,0.15887587872188916,2,2451.6400547478206,3
608.0,CTV855,0.04111504380160669,1,4819.3149866839785,3
609.0,SD05,0.0413381514508538,1,4806.292140794453,3
609.0,LNI204,0.04537704520391433,1,4587.4102925571215,3
609.0,BTK702,0.1521673262456265,2,2505.09953412842,3
609.0,CTV855,0.041335586259079196,1,4806.441272219809,3
610.0,SD05,0.041560480112976715,1,4793.419221293148,3
610.0,LNI204,0.044412346261428495,1,4636.96515596693,3
610.0,BTK702,0.1429525624190674,2,2584.578449298615,3
610.0,CTV855,0.0415579079649255,1,4793.567558802691,3
611.0,SD05,0.041784607251449515,1,4780.546300743918,3
611.0,LNI204,0.04349207977562748,1,4685.766067214324,3
611.0,BTK702,0.13454813175147312,2,2664.0775029211836,3
611.0,CTV855,0.04178202810965783,1,4780.693846435708,3
612.0,SD05,0.042010552316604624,1,4767.673379144685,3
612.0,LNI204,0.04264977133246864,1,4731.810433098239,3
612.0,BTK702,0.1268619530341432,2,2743.5949479874366,3
612.0,CTV855,0.042007966143305174,1,4767.820135116949,3
613.0,SD05,0.04189077330021813,1,4774.484659407659,3
613.0,LNI204,0.041890274221773834,1,4774.513100797972,3
613.0,BTK702,0.11981463348286532,2,2823.1292339185275,3
613.0,CTV855,0.042235741779654015,1,4754.946424838534,3
614.0,SD05,0.041216019169647206,1,4813.4079324528075,3
614.0,LNI204,0.041215540555679754,1,4813.43588013405,3
614.0,BTK702,0.11333743147952142,2,2902.67897979129,3
614.0,CTV855,0.042465375000143725,1,4742.072715609468,3
615.0,SD05,0.04062641115012098,1,4848.210427685224,3
615.0,LNI204,0.040625954626591236,1,4848.237667856439,3
615.0,BTK702,0.10737059019311224,2,2982.242951750143,3
615.0,CTV855,0.04269688605869513,1,4729.199007430246,3
616.0,SD05,0.04012096232947007,1,4878.654020542777,3
616.0,LNI204,0.04012052859731584,1,4878.680391374284,3
616.0,BTK702,0.10186196701825147,2,3061.8200439880598,3
616.0,CTV855,0.042930295486111436,1,4716.3253002967795,3
617.0,SD05,0.039697469827921786,1,4904.607719668848,3
617.0,LNI204,0.03969705869226442,1,4904.633117695357,3
617.0,BTK702,0.09676590042266703,2,3141.4092625677,3
617.0,CTV855,0.043165624094471125,1,4703.451594209243,3
618.0,SD05,0.039352629058234306,1,4926.0499932898365,3
618.0,LNI204,0.039352239461209707,1,4926.0743777937005,3
618.0,BTK702,0.092042268421538,2,3221.009711650273,3
618.0,CTV855,0.04340289298171999,1,4690.577889174464,3
619.0,SD05,0.03908210796600373,1,4943.0693202941575,3
619.0,LNI204,0.039081738023510594,1,4943.0927154545725,3
619.0,BTK702,0.08765570258365053,2,3300.6205816875754,3
619.0,CTV855,0.043642123536747825,1,4677.704185187014,3
620.0,SD05,0.03888058667493165,1,4955.862932348501,3
620.0,LNI204,0.03888023371855804,1,4955.8854270620295,3
620.0,BTK702,0.08357492892950213,2,3380.2411392971476,3
620.0,CTV855,0.043883337443923136,1,4664.830482244893,3
621.0,SD05,0.03873111835798696,1,4965.416377249053,3
621.0,LNI204,0.0387307796682195,1,4965.438087785944,3
621.0,BTK702,0.07977221287536465,2,3459.8707185236085,3
621.0,CTV855,0.04412655668797139,1,4651.956780351271,3
622.0,SD05,0.03858683435629083,1,4974.691064933519,3
622.0,LNI204,0.038586509571221235,1,4974.712001032713,3
622.0,BTK702,0.07622288989420943,2,3539.5087132692133,3
622.0,CTV855,0.0443718035590907,1,4639.0830795087295,3
623.0,SD05,0.03844303509365636,1,4983.98649635517,3
623.0,LNI204,0.038442724123636925,1,4984.006654490145,3
623.0,BTK702,0.07290496711357626,2,3619.1545707102628,3
623.0,CTV855,0.04461910065814995,1,4626.209379714567,3
624.0,SD05,0.03829972172516285,1,4993.302555670632,3
624.0,LNI204,0.038299424480543985,1,4993.3219323251815,3
624.0,BTK702,0.06979878387122923,2,3698.807785593638,3
624.0,CTV855,0.04486847090183151,1,4613.335680964329,3
625.0,SD05,0.03819718634205488,1,5000.0,3
625.0,LNI204,0.03819718634205488,1,5000.0,3
625.0,BTK702,0.06688672147907344,2,3778.4678952283693,3
625.0,CTV855,0.04511993752773532,1,4600.461983262347,3
626.0,SD05,0.03819718634205488,1,5000.0,3
626.0,LNI204,0.03819718634205488,1,5000.0,3
626.0,BTK702,0.06415295421727422,2,3858.1344750965036,3
626.0,CTV855,0.045373524099967276,1,4587.588286612538,3
627.0,SD05,0.03819718634205488,1,5000.0,3
627.0,LNI204,0.03819718634205488,1,5000.0,3
627.0,BTK702,0.06158323500618342,2,3937.807134990337,3
627.0,CTV855,0.045629254514929656,1,4574.714591004894,3
628.0,SD05,0.03819718634205488,1,5000.0,3
628.0,LNI204,0.03819718634205488,1,5000.0,3
628.0,BTK702,0.05916471034956484,2,4017.4855156439007,3
628.0,CTV855,0.04588715300613775,1,4561.840896456474,3
629.0,SD05,0.03819718634205488,1,5000.0,3
629.0,LNI204,0.03819718634205488,1,5000.0,3
629.0,BTK702,0.05688576007569292,2,4097.16928569914,3
629.0,CTV855,0.04614724415123196,1,4548.967202947644,3
630.0,SD05,0.03819718634205488,1,5000.0,3
630.0,LNI204,0.03819718634205488,1,5000.0,3
630.0,BTK702,0.05473585815084493,2,4176.858139070169,3
630.0,CTV855,0.046409552876405843,1,4536.093510493377,3
631.0,SD05,0.03819718634205488,1,5000.0,3
631.0,LNI204,0.03819718634205488,1,5000.0,3
631.0,BTK702,0.05270545146265211,2,4256.55179256727,3
631.0,CTV855,0.04667410446346376,1,4523.2198190892195,3
632.0,SD05,0.03819718634205488,1,5000.0,3
632.0,LNI204,0.03819718634205488,1,5000.0,3
632.0,BTK702,0.05078585397093876,2,4336.249983804935,3
632.0,CTV855,0.04694092455559857,1,4510.3461287272,3
633.0,SD05,0.03819718634205488,1,5000.0,3
633.0,LNI204,0.03819718634205488,1,5000.0,3
633.0,BTK702,0.04896915404204669,1,4415.952469326085,3
633.0,CTV855,0.0472100391631701,1,4497.472439416737,3
634.0,SD05,0.03819718634205488,1,5000.0,3
634.0,LNI204,0.03819718634205488,1,5000.0,3
634.0,BTK702,0.04724813312429832,1,4495.6590229278245,3
634.0,CTV855,0.047481474670591786,1,4484.598751158048,3
635.0,SD05,0.03819718634205488,1,5000.0,3
635.0,LNI204,0.03819718634205488,1,5000.0,3
635.0,BTK702,0.04561619420716592,1,4575.369434154433,3
635.0,CTV855,0.04775525784272918,1,4471.7250639457525,3
636.0,SD05,0.03819718634205488,1,5000.0,3
636.0,LNI204,0.03819718634205488,1,5000.0,3
636.0,BTK702,0.04406729874253215,1,4655.083506953143,3
636.0,CTV855,0.048031415831125406,1,4458.851377786403,3
637.0,SD05,0.03819718634205488,1,5000.0,3
637.0,LNI204,0.03819718634205488,1,5000.0,3
637.0,BTK702,0.042595910904252875,1,4734.801058465973,3
637.0,CTV855,0.04830997618119048,1,4445.977692676931,3
638.0,SD05,0.03819718634205488,1,5000.0,3
638.0,LNI204,0.03819718634205488,1,5000.0,3
638.0,BTK702,0.04119694822703989,1,4814.5219179447895,3
638.0,CTV855,0.048590966838866344,1,4433.10400861436,3
639.0,SD05,0.03819718634205488,1,5000.0,3
639.0,LNI204,0.03819718634205488,1,5000.0,3
639.0,BTK702,0.039865737804822624,1,4894.24592574648,3
639.0,CTV855,0.04887441615753486,1,4420.230325600387,3
640.0,SD05,0.03819718634205488,1,5000.0,3
640.0,LNI204,0.03819718634205488,1,5000.0,3
640.0,BTK702,0.038597977343698416,1,4973.972932468197,3
640.0,CTV855,0.049160352905245376,1,4407.356643637821,3
641.0,SD05,0.03819718634205488,1,5000.0,3
641.0,LNI204,0.03819718634205488,1,5000.0,3
641.0,BTK702,0.03819718634205488,1,5000.0,3
641.0,CTV855,0.04944880627208551,1,4394.482962727384,3
642.0,SD05,0.03819718634205488,1,5000.0,3
642.0,LNI204,0.03819718634205488,1,5000.0,3
642.0,BTK702,0.03819718634205488,1,5000.0,3
642.0,CTV855,0.04973980587772719,1,4381.6092828635565,3
643.0,SD05,0.03819718634205488,1,5000.0,3
643.0,LNI204,0.03819718634205488,1,5000.0,3
643.0,BTK702,0.03819718634205488,1,5000.0,3
643.0,CTV855,0.05003338177869808,2,4368.735604049376,3
644.0,SD05,0.03819718634205488,1,5000.0,3
644.0,LNI204,0.03819718634205488,1,5000.0,3
644.0,BTK702,0.03819718634205488,1,5000.0,3
644.0,CTV855,0.05032956447633848,2,4355.861926287604,3
645.0,SD05,0.03819718634205488,1,5000.0,3
645.0,LNI204,0.03819718634205488,1,5000.0,3
645.0,BTK702,0.03819718634205488,1,5000.0,3
645.0,CTV855,0.05062838492490448,2,4342.988249572996,3
646.0,SD05,0.03819718634205488,1,5000.0,3
646.0,LNI204,0.03819718634205488,1,5000.0,3
646.0,BTK702,0.03819718634205488,1,5000.0,3
646.0,CTV855,0.050929874539227635,2,4330.114573910858,3
647.0,SD05,0.03819718634205488,1,5000.0,3
647.0,LNI204,0.03819718634205488,1,5000.0,3
647.0,BTK702,0.03819718634205488,1,5000.0,3
647.0,CTV855,0.051234065203439684,2,4317.24089929687,3
648.0,SD05,0.03819718634205488,1,5000.0,3
648.0,LNI204,0.03819718634205488,1,5000.0,3
648.0,BTK702,0.03819718634205488,1,5000.0,3
648.0,CTV855,0.0515409892789229,2,4304.367225737545,3
649.0,SD05,0.03819718634205488,1,5000.0,3
649.0,LNI204,0.03819718634205488,1,5000.0,3
649.0,BTK702,0.03819718634205488,1,5000.0,3
649.0,CTV855,0.05185067961342593,2,4291.493553228699,3
650.0,SD05,0.03819718634205488,1,5000.0,3
650.0,LNI204,0.03819718634205488,1,5000.0,3
650.0,BTK702,0.03819718634205488,1,5000.0,3
650.0,CTV855,0.05216316954963385,2,4278.619881764906,3
651.0,SD05,0.03819718634205488,1,5000.0,3
651.0,LNI204,0.03819718634205488,1,5000.0,3
651.0,BTK702,0.03819718634205488,1,5000.0,3
651.0,CTV855,0.05247849293367326,2,4265.746211358642,3
652.0,SD05,0.03819718634205488,1,5000.0,3
652.0,LNI204,0.03819718634205488,1,5000.0,3
652.0,BTK702,0.03819718634205488,1,5000.0,3
652.0,CTV855,0.052796684125207716,2,4252.872542002026,3
653.0,SD05,0.03819718634205488,1,5000.0,3
653.0,LNI204,0.03819718634205488,1,5000.0,3
653.0,BTK702,0.03819718634205488,1,5000.0,3
653.0,CTV855,0.05311777800606963,2,4239.998873696803,3
654.0,SD05,0.03819718634205488,1,5000.0,3
654.0,LNI204,0.03819718634205488,1,5000.0,3
654.0,BTK702,0.03819718634205488,1,5000.0,3
654.0,CTV855,0.05344180999017116,2,4227.12520644004,3
655.0,SD05,0.03819718634205488,1,5000.0,3
655.0,LNI204,0.03819718634205488,1,5000.0,3
655.0,BTK702,0.03819718634205488,1,5000.0,3
655.0,CTV855,0.053768816033069086,2,4214.251540232185,3
656.0,SD05,0.03819718634205488,1,5000.0,3
656.0,LNI204,0.03819718634205488,1,5000.0,3
656.0,BTK702,0.03819718634205488,1,5000.0,3
656.0,CTV855,0.05409883264180226,2,4201.377875082247,3
657.0,SD05,0.03819718634205488,1,5000.0,3
657.0,LNI204,0.03819718634205488,1,5000.0,3
657.0,BTK702,0.03819718634205488,1,5000.0,3
657.0,CTV855,0.0544318968858575,2,4188.50421097753,3
658.0,SD05,0.03819718634205488,1,5000.0,3
658.0,LNI204,0.03819718634205488,1,5000.0,3
658.0,BTK702,0.03819718634205488,1,5000.0,3
658.0,CTV855,0.05476804640653246,2,4175.630547924546,3
659.0,SD05,0.03819718634205488,1,5000.0,3
659.0,LNI204,0.03819718634205488,1,5000.0,3
659.0,BTK702,0.03819718634205488,1,5000.0,3
659.0,CTV855,0.05510731942825011,2,4162.756885922492,3
660.0,SD05,0.03819718634205488,1,5000.0,3
660.0,LNI204,0.03819718634205488,1,5000.0,3
660.0,BTK702,0.03819718634205488,1,5000.0,3
660.0,CTV855,0.05544975476915647,2,4149.883224973662,3
661.0,SD05,0.03819718634205488,1,5000.0,3
661.0,LNI204,0.03819718634205488,1,5000.0,3
661.0,BTK702,0.03819718634205488,1,5000.0,3
661.0,CTV855,0.05579539185243738,2,4137.009565075412,3
662.0,SD05,0.03819718634205488,1,5000.0,3
662.0,LNI204,0.03819718634205488,1,5000.0,3
662.0,BTK702,0.03819718634205488,1,5000.0,3
662.0,CTV855,0.05614427071746706,2,4124.135906227673,3
663.0,SD05,0.03819718634205488,1,5000.0,3
663.0,LNI204,0.03819718634205488,1,5000.0,3
663.0,BTK702,0.03819718634205488,1,5000.0,3
663.0,CTV855,0.05649643203128863,2,4111.262248437046,3
664.0,SD05,0.03819718634205488,1,5000.0,3
664.0,LNI204,0.03819718634205488,1,5000.0,3
664.0,BTK702,0.03819718634205488,1,5000.0,3
664.0,CTV855,0.05685191710111279,2,4098.388591693154,3
665.0,SD05,0.03819718634205488,1,5000.0,3
665.0,LNI204,0.03819718634205488,1,5000.0,3
665.0,BTK702,0.03819718634205488,1,5000.0,3
665.0,CTV855,0.05721076788554509,2,4085.514936001073,3
666.0,SD05,0.03819718634205488,1,5000.0,3
666.0,LNI204,0.03819718634205488,1,5000.0,3
666.0,BTK702,0.03819718634205488,1,5000.0,3
666.0,CTV855,0.05757302700740144,2,4072.6412813652705,3
667.0,SD05,0.03819718634205488,1,5000.0,3
667.0,LNI204,0.03819718634205488,1,5000.0,3
667.0,BTK702,0.03819718634205488,1,5000.0,3
667.0,CTV855,0.057938737766567446,2,4059.767627782543,3
668.0,SD05,0.03819718634205488,1,5000.0,3
668.0,LNI204,0.03819718634205488,1,5000.0,3
668.0,BTK702,0.03819718634205488,1,5000.0,3
668.0,CTV855,0.058307944152794985,2,4046.8939752473243,3
669.0,SD05,0.03819718634205488,1,5000.0,3
669.0,LNI204,0.03819718634205488,1,5000.0,3
669.0,BTK702,0.03819718634205488,1,5000.0,3
669.0,CTV855,0.058680690858575114,2,4034.020323764036,3
670.0,SD05,0.03819718634205488,1,5000.0,3
670.0,LNI204,0.03819718634205488,1,5000.0,3
670.0,BTK702,0.03819718634205488,1,5000.0,3
670.0,CTV855,0.05905702329298938,2,4021.146673335534,3
671.0,SD05,0.03819718634205488,1,5000.0,3
671.0,LNI204,0.03819718634205488,1,5000.0,3
671.0,BTK702,0.03819718634205488,1,5000.0,3
671.0,CTV855,0.05943698759560153,2,4008.273023961108,3
672.0,SD05,0.03819718634205488,1,5000.0,3
672.0,LNI204,0.03819718634205488,1,5000.0,3
672.0,BTK702,0.03819718634205488,1,5000.0,3
672.0,CTV855,0.059820630650605056,2,3995.399375636487,3
673.0,SD05,0.03819718634205488,1,5000.0,3
673.0,LNI204,0.03819718634205488,1,5000.0,3
673.0,BTK702,0.03819718634205488,1,5000.0,3
673.0,CTV855,0.06020800010089178,2,3982.5257283670685,3
674.0,SD05,0.03819718634205488,1,5000.0,3
674.0,LNI204,0.03819718634205488,1,5000.0,3
674.0,BTK702,0.03819718634205488,1,5000.0,3
674.0,CTV855,0.06059914436334536,2,3969.652082151032,3
675.0,SD05,0.03819718634205488,1,5000.0,3
675.0,LNI204,0.03819718634205488,1,5000.0,3
675.0,BTK702,0.03819718634205488,1,5000.0,3
675.0,CTV855,0.06099411264368904,2,3956.778436988827,3
676.0,SD05,0.03819718634205488,1,5000.0,3
676.0,LNI204,0.03819718634205488,1,5000.0,3
676.0,BTK702,0.03819718634205488,1,5000.0,3
676.0,CTV855,0.06139295495198558,2,3943.904792882286,3
677.0,SD05,0.03819718634205488,1,5000.0,3
677.0,LNI204,0.03819718634205488,1,5000.0,3
677.0,BTK702,0.03819718634205488,1,5000.0,3
677.0,CTV855,0.059807175438631496,2,3995.8487859441843,3
678.0,SD05,0.03819718634205488,1,5000.0,3
678.0,LNI204,0.03819718634205488,1,5000.0,3
678.0,BTK702,0.03819718634205488,1,5000.0,3
678.0,CTV855,0.05712952528970958,2,4088.4188628031498,3
679.0,SD05,0.03819718634205488,1,5000.0,3
679.0,LNI204,0.03819718634205488,1,5000.0,3
679.0,BTK702,0.03819718634205488,1,5000.0,3
679.0,CTV855,0.05462762307474496,2,4180.993948245571,3
680.0,SD05,0.03819718634205488,1,5000.0,3
680.0,LNI204,0.03819718634205488,1,5000.0,3
680.0,BTK702,0.03819718634205488,1,5000.0,3
680.0,CTV855,0.05228642917787598,2,4273.573713167758,3
681.0,SD05,0.03819718634205488,1,5000.0,3
681.0,LNI204,0.03819718634205488,1,5000.0,3
681.0,BTK702,0.03819718634205488,1,5000.0,3
681.0,CTV855,0.050092477904592425,2,4366.15785635164,3
682.0,SD05,0.03819718634205488,1,5000.0,3
682.0,LNI204,0.03819718634205488,1,5000.0,3
682.0,BTK702,0.03819718634205488,1,5000.0,3
682.0,CTV855,0.048033684013331385,1,4458.746101593704,3
683.0,SD05,0.03819718634205488,1,5000.0,3
683.0,LNI204,0.03819718634205488,1,5000.0,3
683.0,BTK702,0.03819718634205488,1,5000.0,3
683.0,CTV855,0.04609917641744924,1,4551.338195145572,3
684.0,SD05,0.03819718634205488,1,5000.0,3
684.0,LNI204,0.03819718634205488,1,5000.0,3
684.0,BTK702,0.03819718634205488,1,5000.0,3
684.0,CTV855,0.04427915478373025,1,4643.933903493309,3
685.0,SD05,0.03819718634205488,1,5000.0,3
685.0,LNI204,0.03819718634205488,1,5000.0,3
685.0,BTK702,0.03819718634205488,1,5000.0,3
685.0,CTV855,0.042564765497393714,1,4736.533011378002,3
686.0,SD05,0.03819718634205488,1,5000.0,3
686.0,LNI204,0.03819718634205488,1,5000.0,3
686.0,BTK702,0.03819718634205488,1,5000.0,3
686.0,CTV855,0.040947994062735714,1,4829.135320027101,3
687.0,SD05,0.03819718634205488,1,5000.0,3
687.0,LNI204,0.03819718634205488,1,5000.0,3
687.0,BTK702,0.03819718634205488,1,5000.0,3
687.0,CTV855,0.03942157149701568,1,4921.740645632365,3
688.0,SD05,0.03819718634205488,1,5000.0,3
688.0,LNI204,0.03819718634205488,1,5000.0,3
688.0,BTK702,0.03819718634205488,1,5000.0,3
688.0,CTV855,0.03819718634205488,1,5000.0,3
689.0,SD05,0.03819718634205488,1,5000.0,3
689.0,LNI204,0.03819718634205488,1,5000.0,3
689.0,BTK702,0.03819718634205488,1,5000.0,3
689.0,CTV855,0.03819718634205488,1,5000.0,3
690.0,SD05,0.03819718634205488,1,5000.0,3
690.0,LNI204,0.03819718634205488,1,5000.0,3
690.0,BTK702,0.03819718634205488,1,5000.0,3
690.0,CTV855,0.03819718634205488,1,5000.0,3
691.0,SD05,0.03819718634205488,1,5000.0,3
691.0,LNI204,0.03819718634205488,1,5000.0,3
691.0,BTK702,0.03819718634205488,1,5000.0,3
691.0,CTV855,0.03819718634205488,1,5000.0,3
692.0,SD05,0.03819718634205488,1,5000.0,3
692.0,LNI204,0.03819718634205488,1,5000.0,3
692.0,BTK702,0.03819718634205488,1,5000.0,3
692.0,CTV855,0.03819718634205488,1,5000.0,3
693.0,SD05,0.03819718634205488,1,5000.0,3
693.0,LNI204,0.03819718634205488,1,5000.0,3
693.0,BTK702,0.03819718634205488,1,5000.0,3
693.0,CTV855,0.03819718634205488,1,5000.0,3
694.0,SD05,0.03819718634205488,1,5000.0,3
694.0,LNI204,0.03819718634205488,1,5000.0,3
694.0,BTK702,0.03819718634205488,1,5000.0,3
694.0,CTV855,0.03819718634205488,1,5000.0,3
695.0,SD05,0.03819718634205488,1,5000.0,3
695.0,LNI204,0.03819718634205488,1,5000.0,3
695.0,BTK702,0.03819718634205488,1,5000.0,3
695.0,CTV855,0.03819718634205488,1,5000.0,3
696.0,SD05,0.03819718634205488,1,5000.0,3
696.0,LNI204,0.03819718634205488,1,5000.0,3
696.0,BTK702,0.03819718634205488,1,5000.0,3
696.0,CTV855,0.03819718634205488,1,5000.0,3
697.0,SD05,0.03819718634205488,1,5000.0,3
697.0,LNI204,0.03819718634205488,1,5000.0,3
697.0,BTK702,0.03819718634205488,1,5000.0,3
697.0,CTV855,0.03819718634205488,1,5000.0,3
698.0,SD05,0.03819718634205488,1,5000.0,3
698.0,LNI204,0.03819718634205488,1,5000.0,3
698.0,BTK702,0.03819718634205488,1,5000.0,3
698.0,CTV855,0.03819718634205488,1,5000.0,3
699.0,SD05,0.03819718634205488,1,5000.0,3
699.0,LNI204,0.03819718634205488,1,5000.0,3
699.0,BTK702,0.03819718634205488,1,5000.0,3
699.0,CTV855,0.03819718634205488,1,5000.0,3
700.0,SD05,0.03819718634205488,1,5000.0,3
700.0,LNI204,0.03819718634205488,1,5000.0,3
700.0,BTK702,0.03819718634205488,1,5000.0,3
700.0,CTV855,0.03819718634205488,1,5000.0,3
701.0,SD05,0.03819718634205488,1,5000.0,3
701.0,LNI204,0.03819718634205488,1,5000.0,3
701.0,BTK702,0.03819718634205488,1,5000.0,3
701.0,CTV855,0.03819718634205488,1,5000.0,3
702.0,SD05,0.03819718634205488,1,5000.0,3
702.0,LNI204,0.03819718634205488,1,5000.0,3
702.0,BTK702,0.03819718634205488,1,5000.0,3
702.0,CTV855,0.03819718634205488,1,5000.0,3
703.0,SD05,0.03819718634205488,1,5000.0,3
703.0,LNI204,0.03819718634205488,1,5000.0,3
703.0,BTK702,0.03819718634205488,1,5000.0,3
703.0,CTV855,0.03819718634205488,1,5000.0,3
704.0,SD05,0.03819718634205488,1,5000.0,3
704.0,LNI204,0.03819718634205488,1,5000.0,3
704.0,BTK702,0.03819718634205488,1,5000.0,3
704.0,CTV855,0.03819718634205488,1,5000.0,3
705.0,SD05,0.03819718634205488,1,5000.0,3
705.0,LNI204,0.03819718634205488,1,5000.0,3
705.0,BTK702,0.03819718634205488,1,5000.0,3
705.0,CTV855,0.03819718634205488,1,5000.0,3
706.0,SD05,0.03819718634205488,1,5000.0,3
706.0,LNI204,0.03819718634205488,1,5000.0,3
706.0,BTK702,0.03819718634205488,1,5000.0,3
706.0,CTV855,0.03819718634205488,1,5000.0,3
707.0,SD05,0.03819718634205488,1,5000.0,3
707.0,LNI204,0.03819718634205488,1,5000.0,3
707.0,BTK702,0.03819718634205488,1,5000.0,3
707.0,CTV855,0.03819718634205488,1,5000.0,3
708.0,SD05,0.03819718634205488,1,5000.0,3
708.0,LNI204,0.03819718634205488,1,5000.0,3
708.0,BTK702,0.03819718634205488,1,5000.0,3
708.0,CTV855,0.03819718634205488,1,5000.0,3
709.0,SD05,0.03819718634205488,1,5000.0,3
709.0,LNI204,0.03819718634205488,1,5000.0,3
709.0,BTK702,0.03819718634205488,1,5000.0,3
709.0,CTV855,0.03819718634205488,1,5000.0,3
710.0,SD05,0.03819718634205488,1,5000.0,3
710.0,LNI204,0.03819718634205488,1,5000.0,3
710.0,BTK702,0.03819718634205488,1,5000.0,3
710.0,CTV855,0.03819718634205488,1,5000.0,3
711.0,SD05,0.03819718634205488,1,5000.0,3
711.0,LNI204,0.03819718634205488,1,5000.0,3
711.0,BTK702,0.03819718634205488,1,5000.0,3
711.0,CTV855,0.03819718634205488,1,5000.0,3
712.0,SD05,0.03819718634205488,1,5000.0,3
712.0,LNI204,0.03819718634205488,1,5000.0,3
712.0,BTK702,0.03819718634205488,1,5000.0,3
712.0,CTV855,0.03819718634205488,1,5000.0,3
713.0,SD05,0.03819718634205488,1,5000.0,3
713.0,LNI204,0.03819718634205488,1,5000.0,3
713.0,BTK702,0.03819718634205488,1,5000.0,3
713.0,CTV855,0.03819718634205488,1,5000.0,3
714.0,SD05,0.03819718634205488,1,5000.0,3
714.0,LNI204,0.03819718634205488,1,5000.0,3
714.0,BTK702,0.03819718634205488,1,5000.0,3
714.0,CTV855,0.03819718634205488,1,5000.0,3
715.0,SD05,0.03819718634205488,1,5000.0,3
715.0,LNI204,0.03819718634205488,1,5000.0,3
715.0,BTK702,0.03819718634205488,1,5000.0,3
715.0,CTV855,0.03819718634205488,1,5000.0,3
716.0,SD05,0.03819718634205488,1,5000.0,3
716.0,LNI204,0.03819718634205488,1,5000.0,3
716.0,BTK702,0.03819718634205488,1,5000.0,3
716.0,CTV855,0.03819718634205488,1,5000.0,3
717.0,SD05,0.03819718634205488,1,5000.0,3
717.0,LNI204,0.03819718634205488,1,5000.0,3
717.0,BTK702,0.03819718634205488,1,5000.0,3
717.0,CTV855,0.03819718634205488,1,5000.0,3
718.0,SD05,0.03819718634205488,1,5000.0,3
718.0,LNI204,0.03819718634205488,1,5000.0,3
718.0,BTK702,0.03819718634205488,1,5000.0,3
718.0,CTV855,0.03819718634205488,1,5000.0,3
719.0,SD05,0.03819718634205488,1,5000.0,3
719.0,LNI204,0.03819718634205488,1,5000.0,3
719.0,BTK702,0.03819718634205488,1,5000.0,3
719.0,CTV855,0.03819718634205488,1,5000.0,3
720.0,SD05,0.03819718634205488,1,5000.0,3
720.0,LNI204,0.03819718634205488,1,5000.0,3
720.0,BTK702,0.03819718634205488,1,5000.0,3
720.0,CTV855,0.03819718634205488,1,5000.0,3
721.0,SD05,0.03819718634205488,1,5000.0,3
721.0,LNI204,0.03819718634205488,1,5000.0,3
721.0,BTK702,0.03819718634205488,1,5000.0,3
721.0,CTV855,0.03819718634205488,1,5000.0,3
722.0,SD05,0.03819718634205488,1,5000.0,3
722.0,LNI204,0.03819718634205488,1,5000.0,3
722.0,BTK702,0.03819718634205488,1,5000.0,3
722.0,CTV855,0.03819718634205488,1,5000.0,3
723.0,SD05,0.03819718634205488,1,5000.0,3
723.0,LNI204,0.03819718634205488,1,5000.0,3
723.0,BTK702,0.03819718634205488,1,5000.0,3
723.0,CTV855,0.03819718634205488,1,5000.0,3
724.0,SD05,0.03819718634205488,1,5000.0,3
724.0,LNI204,0.03819718634205488,1,5000.0,3
724.0,BTK702,0.03819718634205488,1,5000.0,3
724.0,CTV855,0.03819718634205488,1,5000.0,3
725.0,SD05,0.03819718634205488,1,5000.0,3
725.0,LNI204,0.03819718634205488,1,5000.0,3
725.0,BTK702,0.03819718634205488,1,5000.0,3
725.0,CTV855,0.03819718634205488,1,5000.0,3
726.0,SD05,0.03819718634205488,1,5000.0,3
726.0,LNI204,0.03819718634205488,1,5000.0,3
726.0,BTK702,0.03819718634205488,1,5000.0,3
726.0,CTV855,0.03819718634205488,1,5000.0,3
727.0,SD05,0.03819718634205488,1,5000.0,3
727.0,LNI204,0.03819718634205488,1,5000.0,3
727.0,BTK702,0.03819718634205488,1,5000.0,3
727.0,CTV855,0.03819718634205488,1,5000.0,3
728.0,SD05,0.03819718634205488,1,5000.0,3
728.0,LNI204,0.03819718634205488,1,5000.0,3
728.0,BTK702,0.03819718634205488,1,5000.0,3
728.0,CTV855,0.03819718634205488,1,5000.0,3
729.0,SD05,0.03819718634205488,1,5000.0,3
729.0,LNI204,0.03819718634205488,1,5000.0,3
729.0,BTK702,0.03819718634205488,1,5000.0,3
729.0,CTV855,0.03819718634205488,1,5000.0,3
730.0,SD05,0.03819718634205488,1,5000.0,3
730.0,LNI204,0.03819718634205488,1,5000.0,3
730.0,BTK702,0.03819718634205488,1,5000.0,3
730.0,CTV855,0.03819718634205488,1,5000.0,3
731.0,SD05,0.03819718634205488,1,5000.0,3
731.0,LNI204,0.03819718634205488,1,5000.0,3
731.0,BTK702,0.03819718634205488,1,5000.0,3
731.0,CTV855,0.03819718634205488,1,5000.0,3
732.0,SD05,0.03819718634205488,1,5000.0,3
732.0,LNI204,0.03819718634205488,1,5000.0,3
732.0,BTK702,0.03819718634205488,1,5000.0,3
732.0,CTV855,0.03819718634205488,1,5000.0,3
733.0,SD05,0.03819718634205488,1,5000.0,3
733.0,LNI204,0.03819718634205488,1,5000.0,3
733.0,BTK702,0.03819718634205488,1,5000.0,3
733.0,CTV855,0.03819718634205488,1,5000.0,3
734.0,SD05,0.03819718634205488,1,5000.0,3
734.0,LNI204,0.03819718634205488,1,5000.0,3
734.0,BTK702,0.03819718634205488,1,5000.0,3
734.0,CTV855,0.03819718634205488,1,5000.0,3
735.0,SD05,0.03819718634205488,1,5000.0,3
735.0,LNI204,0.03819718634205488,1,5000.0,3
735.0,BTK702,0.03819718634205488,1,5000.0,3
735.0,CTV855,0.03819718634205488,1,5000.0,3
736.0,SD05,0.03819718634205488,1,5000.0,3
736.0,LNI204,0.03819718634205488,1,5000.0,3
736.0,BTK702,0.03819718634205488,1,5000.0,3
736.0,CTV855,0.03819718634205488,1,5000.0,3
737.0,SD05,0.03819718634205488,1,5000.0,3
737.0,LNI204,0.03819718634205488,1,5000.0,3
737.0,BTK702,0.03819718634205488,1,5000.0,3
737.0,CTV855,0.03819718634205488,1,5000.0,3
738.0,SD05,0.03819718634205488,1,5000.0,3
738.0,LNI204,0.03819718634205488,1,5000.0,3
738.0,BTK702,0.03819718634205488,1,5000.0,3
738.0,CTV855,0.03819718634205488,1,5000.0,3
739.0,SD05,0.03819718634205488,1,5000.0,3
739.0,LNI204,0.03819718634205488,1,5000.0,3
739.0,BTK702,0.03819718634205488,1,5000.0,3
739.0,CTV855,0.03819718634205488,1,5000.0,3
740.0,SD05,0.03819718634205488,1,5000.0,3
740.0,LNI204,0.03819718634205488,1,5000.0,3
740.0,BTK702,0.03819718634205488,1,5000.0,3
740.0,CTV855,0.03819718634205488,1,5000.0,3
741.0,SD05,0.03819718634205488,1,5000.0,3
741.0,LNI204,0.03819718634205488,1,5000.0,3
741.0,BTK702,0.03819718634205488,1,5000.0,3
741.0,CTV855,0.03819718634205488,1,5000.0,3
742.0,SD05,0.03819718634205488,1,5000.0,3
742.0,LNI204,0.03819718634205488,1,5000.0,3
742.0,BTK702,0.03819718634205488,1,5000.0,3
742.0,CTV855,0.03819718634205488,1,5000.0,3
743.0,SD05,0.03819718634205488,1,5000.0,3
743.0,LNI204,0.03819718634205488,1,5000.0,3
743.0,BTK702,0.03819718634205488,1,5000.0,3
743.0,CTV855,0.03819718634205488,1,5000.0,3
744.0,SD05,0.03819718634205488,1,5000.0,3
744.0,LNI204,0.03819718634205488,1,5000.0,3
744.0,BTK702,0.03819718634205488,1,5000.0,3
744.0,CTV855,0.03819718634205488,1,5000.0,3
745.0,SD05,0.03819718634205488,1,5000.0,3
745.0,LNI204,0.03819718634205488,1,5000.0,3
745.0,BTK702,0.03819718634205488,1,5000.0,3
745.0,CTV855,0.03819718634205488,1,5000.0,3
746.0,SD05,0.03819718634205488,1,5000.0,3
746.0,LNI204,0.03819718634205488,1,5000.0,3
746.0,BTK702,0.03819718634205488,1,5000.0,3
746.0,CTV855,0.03819718634205488,1,5000.0,3
747.0,SD05,0.03819718634205488,1,5000.0,3
747.0,LNI204,0.03819718634205488,1,5000.0,3
747.0,BTK702,0.03819718634205488,1,5000.0,3
747.0,CTV855,0.03819718634205488,1,5000.0,3
748.0,SD05,0.03819718634205488,1,5000.0,3
748.0,LNI204,0.03819718634205488,1,5000.0,3
748.0,BTK702,0.03819718634205488,1,5000.0,3
748.0,CTV855,0.03819718634205488,1,5000.0,3
749.0,SD05,0.03819718634205488,1,5000.0,3
749.0,LNI204,0.03819718634205488,1,5000.0,3
749.0,BTK702,0.03819718634205488,1,5000.0,3
749.0,CTV855,0.03819718634205488,1,5000.0,3
750.0,SD05,0.03819718634205488,1,5000.0,3
750.0,LNI204,0.03819718634205488,1,5000.0,3
750.0,BTK702,0.03819718634205488,1,5000.0,3
750.0,CTV855,0.03819718634205488,1,5000.0,3
751.0,SD05,0.03819718634205488,1,5000.0,3
751.0,LNI204,0.03819718634205488,1,5000.0,3
751.0,BTK702,0.03819718634205488,1,5000.0,3
751.0,CTV855,0.03819718634205488,1,5000.0,3
752.0,SD05,0.03819718634205488,1,5000.0,3
752.0,LNI204,0.03819718634205488,1,5000.0,3
752.0,BTK702,0.03819718634205488,1,5000.0,3
752.0,CTV855,0.03819718634205488,1,5000.0,3
753.0,SD05,0.03819718634205488,1,5000.0,3
753.0,LNI204,0.03819718634205488,1,5000.0,3
753.0,BTK702,0.03819718634205488,1,5000.0,3
753.0,CTV855,0.03819718634205488,1,5000.0,3
754.0,SD05,0.03819718634205488,1,5000.0,3
754.0,LNI204,0.03819718634205488,1,5000.0,3
754.0,BTK702,0.03819718634205488,1,5000.0,3
754.0,CTV855,0.03819718634205488,1,5000.0,3
755.0,SD05,0.03819718634205488,1,5000.0,3
755.0,LNI204,0.03819718634205488,1,5000.0,3
755.0,BTK702,0.03819718634205488,1,5000.0,3
755.0,CTV855,0.03819718634205488,1,5000.0,3
756.0,SD05,0.03819718634205488,1,5000.0,3
756.0,LNI204,0.03819718634205488,1,5000.0,3
756.0,BTK702,0.03819718634205488,1,5000.0,3
756.0,CTV855,0.03819718634205488,1,5000.0,3
757.0,SD05,0.03819718634205488,1,5000.0,3
757.0,LNI204,0.03819718634205488,1,5000.0,3
757.0,BTK702,0.03819718634205488,1,5000.0,3
757.0,CTV855,0.03819718634205488,1,5000.0,3
758.0,SD05,0.03819718634205488,1,5000.0,3
758.0,LNI204,0.03819718634205488,1,5000.0,3
758.0,BTK702,0.03819718634205488,1,5000.0,3
758.0,CTV855,0.03819718634205488,1,5000.0,3
759.0,SD05,0.03819718634205488,1,5000.0,3
759.0,LNI204,0.03819718634205488,1,5000.0,3
759.0,BTK702,0.03819718634205488,1,5000.0,3
759.0,CTV855,0.03819718634205488,1,5000.0,3
760.0,SD05,0.03819718634205488,1,5000.0,3
760.0,LNI204,0.03819718634205488,1,5000.0,3
760.0,BTK702,0.03819718634205488,1,5000.0,3
760.0,CTV855,0.03819718634205488,1,5000.0,3
761.0,SD05,0.03819718634205488,1,5000.0,3
761.0,LNI204,0.03819718634205488,1,5000.0,3
761.0,BTK702,0.03819718634205488,1,5000.0,3
761.0,CTV855,0.03819718634205488,1,5000.0,3
762.0,SD05,0.03819718634205488,1,5000.0,3
762.0,LNI204,0.03819718634205488,1,5000.0,3
762.0,BTK702,0.03819718634205488,1,5000.0,3
762.0,CTV855,0.03819718634205488,1,5000.0,3
763.0,SD05,0.03819718634205488,1,5000.0,3
763.0,LNI204,0.03819718634205488,1,5000.0,3
763.0,BTK702,0.03819718634205488,1,5000.0,3
763.0,CTV855,0.03819718634205488,1,5000.0,3
764.0,SD05,0.03819718634205488,1,5000.0,3
764.0,LNI204,0.03819718634205488,1,5000.0,3
764.0,BTK702,0.03819718634205488,1,5000.0,3
764.0,CTV855,0.03819718634205488,1,5000.0,3
765.0,SD05,0.03819718634205488,1,5000.0,3
765.0,LNI204,0.03819718634205488,1,5000.0,3
765.0,BTK702,0.03819718634205488,1,5000.0,3
765.0,CTV855,0.03819718634205488,1,5000.0,3
766.0,SD05,0.03819718634205488,1,5000.0,3
766.0,LNI204,0.03819718634205488,1,5000.0,3
766.0,BTK702,0.03819718634205488,1,5000.0,3
766.0,CTV855,0.03819718634205488,1,5000.0,3
767.0,SD05,0.03819718634205488,1,5000.0,3
767.0,LNI204,0.03819718634205488,1,5000.0,3
767.0,BTK702,0.03819718634205488,1,5000.0,3
767.0,CTV855,0.03819718634205488,1,5000.0,3
768.0,SD05,0.03819718634205488,1,5000.0,3
768.0,LNI204,0.03819718634205488,1,5000.0,3
768.0,BTK702,0.03819718634205488,1,5000.0,3
768.0,CTV855,0.03819718634205488,1,5000.0,3
769.0,SD05,0.03819718634205488,1,5000.0,3
769.0,LNI204,0.03819718634205488,1,5000.0,3
769.0,BTK702,0.03819718634205488,1,5000.0,3
769.0,CTV855,0.03819718634205488,1,5000.0,3
770.0,SD05,0.03819718634205488,1,5000.0,3
770.0,LNI204,0.03819718634205488,1,5000.0,3
770.0,BTK702,0.03819718634205488,1,5000.0,3
770.0,CTV855,0.03819718634205488,1,5000.0,3
771.0,SD05,0.03819718634205488,1,5000.0,3
771.0,LNI204,0.03819718634205488,1,5000.0,3
771.0,BTK702,0.03819718634205488,1,5000.0,3
771.0,CTV855,0.03819718634205488,1,5000.0,3
772.0,SD05,0.03819718634205488,1,5000.0,3
772.0,LNI204,0.03819718634205488,1,5000.0,3
772.0,BTK702,0.03819718634205488,1,5000.0,3
772.0,CTV855,0.03819718634205488,1,5000.0,3
773.0,SD05,0.03819718634205488,1,5000.0,3
773.0,LNI204,0.03819718634205488,1,5000.0,3
773.0,BTK702,0.03819718634205488,1,5000.0,3
773.0,CTV855,0.03819718634205488,1,5000.0,3
774.0,SD05,0.03819718634205488,1,5000.0,3
774.0,LNI204,0.03819718634205488,1,5000.0,3
774.0,BTK702,0.03819718634205488,1,5000.0,3
774.0,CTV855,0.03819718634205488,1,5000.0,3
775.0,SD05,0.03819718634205488,1,5000.0,3
775.0,LNI204,0.03819718634205488,1,5000.0,3
775.0,BTK702,0.03819718634205488,1,5000.0,3
775.0,CTV855,0.03819718634205488,1,5000.0,3
776.0,SD05,0.03819718634205488,1,5000.0,3
776.0,LNI204,0.03819718634205488,1,5000.0,3
776.0,BTK702,0.03819718634205488,1,5000.0,3
776.0,CTV855,0.03819718634205488,1,5000.0,3
777.0,SD05,0.03819718634205488,1,5000.0,3
777.0,LNI204,0.03819718634205488,1,5000.0,3
777.0,BTK702,0.03819718634205488,1,5000.0,3
777.0,CTV855,0.03819718634205488,1,5000.0,3
778.0,SD05,0.03819718634205488,1,5000.0,3
778.0,LNI204,0.03819718634205488,1,5000.0,3
778.0,BTK702,0.03819718634205488,1,5000.0,3
778.0,CTV855,0.03819718634205488,1,5000.0,3
779.0,SD05,0.03819718634205488,1,5000.0,3
779.0,LNI204,0.03819718634205488,1,5000.0,3
779.0,BTK702,0.03819718634205488,1,5000.0,3
779.0,CTV855,0.03819718634205488,1,5000.0,3
780.0,SD05,0.03819718634205488,1,5000.0,3
780.0,LNI204,0.03819718634205488,1,5000.0,3
780.0,BTK702,0.03819718634205488,1,5000.0,3
780.0,CTV855,0.03819718634205488,1,5000.0,3
781.0,SD05,0.03819718634205488,1,5000.0,3
781.0,LNI204,0.03819718634205488,1,5000.0,3
781.0,BTK702,0.03819718634205488,1,5000.0,3
781.0,CTV855,0.03819718634205488,1,5000.0,3
782.0,SD05,0.03819718634205488,1,5000.0,3
782.0,LNI204,0.03819718634205488,1,5000.0,3
782.0,BTK702,0.03819718634205488,1,5000.0,3
782.0,CTV855,0.03819718634205488,1,5000.0,3
783.0,SD05,0.03819718634205488,1,5000.0,3
783.0,LNI204,0.03819718634205488,1,5000.0,3
783.0,BTK702,0.03819718634205488,1,5000.0,3
783.0,CTV855,0.03819718634205488,1,5000.0,3
784.0,SD05,0.03819718634205488,1,5000.0,3
784.0,LNI204,0.03819718634205488,1,5000.0,3
784.0,BTK702,0.03819718634205488,1,5000.0,3
784.0,CTV855,0.03819718634205488,1,5000.0,3
785.0,SD05,0.03819718634205488,1,5000.0,3
785.0,LNI204,0.03819718634205488,1,5000.0,3
785.0,BTK702,0.03819718634205488,1,5000.0,3
785.0,CTV855,0.03819718634205488,1,5000.0,3
786.0,SD05,0.03819718634205488,1,5000.0,3
786.0,LNI204,0.03819718634205488,1,5000.0,3
786.0,BTK702,0.03819718634205488,1,5000.0,3
786.0,CTV855,0.03819718634205488,1,5000.0,3
787.0,SD05,0.03819718634205488,1,5000.0,3
787.0,LNI204,0.03819718634205488,1,5000.0,3
787.0,BTK702,0.03819718634205488,1,5000.0,3
787.0,CTV855,0.03819718634205488,1,5000.0,3
788.0,SD05,0.03819718634205488,1,5000.0,3
788.0,LNI204,0.03819718634205488,1,5000.0,3
788.0,BTK702,0.03819718634205488,1,5000.0,3
788.0,CTV855,0.03819718634205488,1,5000.0,3
789.0,SD05,0.03819718634205488,1,5000.0,3
789.0,LNI204,0.03819718634205488,1,5000.0,3
789.0,BTK702,0.03819718634205488,1,5000.0,3
789.0,CTV855,0.03819718634205488,1,5000.0,3
790.0,SD05,0.03819718634205488,1,5000.0,3
790.0,LNI204,0.03819718634205488,1,5000.0,3
790.0,BTK702,0.03819718634205488,1,5000.0,3
790.0,CTV855,0.03819718634205488,1,5000.0,3
791.0,SD05,0.03819718634205488,1,5000.0,3
791.0,LNI204,0.03819718634205488,1,5000.0,3
791.0,BTK702,0.03819718634205488,1,5000.0,3
791.0,CTV855,0.03819718634205488,1,5000.0,3
792.0,SD05,0.03819718634205488,1,5000.0,3
792.0,LNI204,0.03819718634205488,1,5000.0,3
792.0,BTK702,0.03819718634205488,1,5000.0,3
792.0,CTV855,0.03819718634205488,1,5000.0,3
793.0,SD05,0.03819718634205488,1,5000.0,3
793.0,LNI204,0.03819718634205488,1,5000.0,3
793.0,BTK702,0.03819718634205488,1,5000.0,3
793.0,CTV855,0.03819718634205488,1,5000.0,3
794.0,SD05,0.03819718634205488,1,5000.0,3
794.0,LNI204,0.03819718634205488,1,5000.0,3
794.0,BTK702,0.03819718634205488,1,5000.0,3
794.0,CTV855,0.03819718634205488,1,5000.0,3
795.0,SD05,0.03819718634205488,1,5000.0,3
795.0,LNI204,0.03819718634205488,1,5000.0,3
795.0,BTK702,0.03819718634205488,1,5000.0,3
795.0,CTV855,0.03819718634205488,1,5000.0,3
796.0,SD05,0.03819718634205488,1,5000.0,3
796.0,LNI204,0.03819718634205488,1,5000.0,3
796.0,BTK702,0.03819718634205488,1,5000.0,3
796.0,CTV855,0.03819718634205488,1,5000.0,3
797.0,SD05,0.03819718634205488,1,5000.0,3
797.0,LNI204,0.03819718634205488,1,5000.0,3
797.0,BTK702,0.03819718634205488,1,5000.0,3
797.0,CTV855,0.03819718634205488,1,5000.0,3
798.0,SD05,0.03819718634205488,1,5000.0,3
798.0,LNI204,0.03819718634205488,1,5000.0,3
798.0,BTK702,0.03819718634205488,1,5000.0,3
798.0,CTV855,0.03819718634205488,1,5000.0,3
799.0,SD05,0.03819718634205488,1,5000.0,3
799.0,LNI204,0.03819718634205488,1,5000.0,3
799.0,BTK702,0.03819718634205488,1,5000.0,3
799.0,CTV855,0.03819718634205488,1,5000.0,3
800.0,SD05,0.03819718634205488,1,5000.0,3
800.0,LNI204,0.03819718634205488,1,5000.0,3
800.0,BTK702,0.03819718634205488,1,5000.0,3
800.0,CTV855,0.03819718634205488,1,5000.0,3
801.0,SD05,0.03819718634205488,1,5000.0,3
801.0,LNI204,0.03819718634205488,1,5000.0,3
801.0,BTK702,0.03819718634205488,1,5000.0,3
801.0,CTV855,0.03819718634205488,1,5000.0,3
802.0,SD05,0.03819718634205488,1,5000.0,3
802.0,LNI204,0.03819718634205488,1,5000.0,3
802.0,BTK702,0.03819718634205488,1,5000.0,3
802.0,CTV855,0.03819718634205488,1,5000.0,3
803.0,SD05,0.03819718634205488,1,5000.0,3
803.0,LNI204,0.03819718634205488,1,5000.0,3
803.0,BTK702,0.03819718634205488,1,5000.0,3
803.0,CTV855,0.03819718634205488,1,5000.0,3
804.0,SD05,0.03819718634205488,1,5000.0,3
804.0,LNI204,0.03819718634205488,1,5000.0,3
804.0,BTK702,0.03819718634205488,1,5000.0,3
804.0,CTV855,0.03819718634205488,1,5000.0,3
805.0,SD05,0.03819718634205488,1,5000.0,3
805.0,LNI204,0.03819718634205488,1,5000.0,3
805.0,BTK702,0.03819718634205488,1,5000.0,3
805.0,CTV855,0.03819718634205488,1,5000.0,3
806.0,SD05,0.03819718634205488,1,5000.0,3
806.0,LNI204,0.03819718634205488,1,5000.0,3
806.0,BTK702,0.03819718634205488,1,5000.0,3
806.0,CTV855,0.03819718634205488,1,5000.0,3
807.0,SD05,0.03819718634205488,1,5000.0,3
807.0,LNI204,0.03819718634205488,1,5000.0,3
807.0,BTK702,0.03819718634205488,1,5000.0,3
807.0,CTV855,0.03819718634205488,1,5000.0,3
808.0,SD05,0.03819718634205488,1,5000.0,3
808.0,LNI204,0.03819718634205488,1,5000.0,3
808.0,BTK702,0.03819718634205488,1,5000.0,3
808.0,CTV855,0.03819718634205488,1,5000.0,3
809.0,SD05,0.03819718634205488,1,5000.0,3
809.0,LNI204,0.03819718634205488,1,5000.0,3
809.0,BTK702,0.03819718634205488,1,5000.0,3
809.0,CTV855,0.03819718634205488,1,5000.0,3
810.0,SD05,0.03819718634205488,1,5000.0,3
810.0,LNI204,0.03819718634205488,1,5000.0,3
810.0,BTK702,0.03819718634205488,1,5000.0,3
810.0,CTV855,0.03819718634205488,1,5000.0,3
811.0,SD05,0.03819718634205488,1,5000.0,3
811.0,LNI204,0.03819718634205488,1,5000.0,3
811.0,BTK702,0.03819718634205488,1,5000.0,3
811.0,CTV855,0.03819718634205488,1,5000.0,3
812.0,SD05,0.03819718634205488,1,5000.0,3
812.0,LNI204,0.03819718634205488,1,5000.0,3
812.0,BTK702,0.03819718634205488,1,5000.0,3
812.0,CTV855,0.03819718634205488,1,5000.0,3
813.0,SD05,0.03819718634205488,1,5000.0,3
813.0,LNI204,0.03819718634205488,1,5000.0,3
813.0,BTK702,0.03819718634205488,1,5000.0,3
813.0,CTV855,0.03819718634205488,1,5000.0,3
814.0,SD05,0.03819718634205488,1,5000.0,3
814.0,LNI204,0.03819718634205488,1,5000.0,3
814.0,BTK702,0.03819718634205488,1,5000.0,3
814.0,CTV855,0.03819718634205488,1,5000.0,3
815.0,SD05,0.03819718634205488,1,5000.0,3
815.0,LNI204,0.03819718634205488,1,5000.0,3
815.0,BTK702,0.03819718634205488,1,5000.0,3
815.0,CTV855,0.03819718634205488,1,5000.0,3
816.0,SD05,0.03819718634205488,1,5000.0,3
816.0,LNI204,0.03819718634205488,1,5000.0,3
816.0,BTK702,0.03819718634205488,1,5000.0,3
816.0,CTV855,0.03819718634205488,1,5000.0,3
817.0,SD05,0.03819718634205488,1,5000.0,3
817.0,LNI204,0.03819718634205488,1,5000.0,3
817.0,BTK702,0.03819718634205488,1,5000.0,3
817.0,CTV855,0.03819718634205488,1,5000.0,3
818.0,SD05,0.03819718634205488,1,5000.0,3
818.0,LNI204,0.03819718634205488,1,5000.0,3
818.0,BTK702,0.03819718634205488,1,5000.0,3
818.0,CTV855,0.03819718634205488,1,5000.0,3
819.0,SD05,0.03819718634205488,1,5000.0,3
819.0,LNI204,0.03819718634205488,1,5000.0,3
819.0,BTK702,0.03819718634205488,1,5000.0,3
819.0,CTV855,0.03819718634205488,1,5000.0,3
820.0,SD05,0.03819718634205488,1,5000.0,3
820.0,LNI204,0.03819718634205488,1,5000.0,3
820.0,BTK702,0.03819718634205488,1,5000.0,3
820.0,CTV855,0.03819718634205488,1,5000.0,3
821.0,SD05,0.03819718634205488,1,5000.0,3
821.0,LNI204,0.03819718634205488,1,5000.0,3
821.0,BTK702,0.03819718634205488,1,5000.0,3
821.0,CTV855,0.03819718634205488,1,5000.0,3
822.0,SD05,0.03819718634205488,1,5000.0,3
822.0,LNI204,0.03819718634205488,1,5000.0,3
822.0,BTK702,0.03819718634205488,1,5000.0,3
822.0,CTV855,0.03819718634205488,1,5000.0,3
823.0,SD05,0.03819718634205488,1,5000.0,3
823.0,LNI204,0.03819718634205488,1,5000.0,3
823.0,BTK702,0.03819718634205488,1,5000.0,3
823.0,CTV855,0.03819718634205488,1,5000.0,3
824.0,SD05,0.03819718634205488,1,5000.0,3
824.0,LNI204,0.03819718634205488,1,5000.0,3
824.0,BTK702,0.03819718634205488,1,5000.0,3
824.0,CTV855,0.03819718634205488,1,5000.0,3
825.0,SD05,0.03819718634205488,1,5000.0,3
825.0,LNI204,0.03819718634205488,1,5000.0,3
825.0,BTK702,0.03819718634205488,1,5000.0,3
825.0,CTV855,0.03819718634205488,1,5000.0,3
826.0,SD05,0.03819718634205488,1,5000.0,3
826.0,LNI204,0.03819718634205488,1,5000.0,3
826.0,BTK702,0.03819718634205488,1,5000.0,3
826.0,CTV855,0.03819718634205488,1,5000.0,3
827.0,SD05,0.03819718634205488,1,5000.0,3
827.0,LNI204,0.03819718634205488,1,5000.0,3
827.0,BTK702,0.03819718634205488,1,5000.0,3
827.0,CTV855,0.03819718634205488,1,5000.0,3
828.0,SD05,0.03819718634205488,1,5000.0,3
828.0,LNI204,0.03819718634205488,1,5000.0,3
828.0,BTK702,0.03819718634205488,1,5000.0,3
828.0,CTV855,0.03819718634205488,1,5000.0,3
829.0,SD05,0.03819718634205488,1,5000.0,3
829.0,LNI204,0.03819718634205488,1,5000.0,3
829.0,BTK702,0.03819718634205488,1,5000.0,3
829.0,CTV855,0.03819718634205488,1,5000.0,3
830.0,SD05,0.03819718634205488,1,5000.0,3
830.0,LNI204,0.03819718634205488,1,5000.0,3
830.0,BTK702,0.03819718634205488,1,5000.0,3
830.0,CTV855,0.03819718634205488,1,5000.0,3
831.0,SD05,0.03819718634205488,1,5000.0,3
831.0,LNI204,0.03819718634205488,1,5000.0,3
831.0,BTK702,0.03819718634205488,1,5000.0,3
831.0,CTV855,0.03819718634205488,1,5000.0,3
832.0,SD05,0.03819718634205488,1,5000.0,3
832.0,LNI204,0.03819718634205488,1,5000.0,3
832.0,BTK702,0.03819718634205488,1,5000.0,3
832.0,CTV855,0.03819718634205488,1,5000.0,3
833.0,SD05,0.03819718634205488,1,5000.0,3
833.0,LNI204,0.03819718634205488,1,5000.0,3
833.0,BTK702,0.03819718634205488,1,5000.0,3
833.0,CTV855,0.03819718634205488,1,5000.0,3
834.0,SD05,0.03819718634205488,1,5000.0,3
834.0,LNI204,0.03819718634205488,1,5000.0,3
834.0,BTK702,0.03819718634205488,1,5000.0,3
834.0,CTV855,0.03819718634205488,1,5000.0,3
835.0,SD05,0.03819718634205488,1,5000.0,3
835.0,LNI204,0.03819718634205488,1,5000.0,3
835.0,BTK702,0.03819718634205488,1,5000.0,3
835.0,CTV855,0.03819718634205488,1,5000.0,3
836.0,SD05,0.03819718634205488,1,5000.0,3
836.0,LNI204,0.03819718634205488,1,5000.0,3
836.0,BTK702,0.03819718634205488,1,5000.0,3
836.0,CTV855,0.03819718634205488,1,5000.0,3
837.0,SD05,0.03819718634205488,1,5000.0,3
837.0,LNI204,0.03819718634205488,1,5000.0,3
837.0,BTK702,0.03819718634205488,1,5000.0,3
837.0,CTV855,0.03819718634205488,1,5000.0,3
838.0,SD05,0.03819718634205488,1,5000.0,3
838.0,LNI204,0.03819718634205488,1,5000.0,3
838.0,BTK702,0.03819718634205488,1,5000.0,3
838.0,CTV855,0.03819718634205488,1,5000.0,3
839.0,SD05,0.03819718634205488,1,5000.0,3
839.0,LNI204,0.03819718634205488,1,5000.0,3
839.0,BTK702,0.03819718634205488,1,5000.0,3
839.0,CTV855,0.03819718634205488,1,5000.0,3
840.0,SD05,0.03819718634205488,1,5000.0,3
840.0,LNI204,0.03819718634205488,1,5000.0,3
840.0,BTK702,0.03819718634205488,1,5000.0,3
840.0,CTV855,0.03819718634205488,1,5000.0,3
841.0,SD05,0.03819718634205488,1,5000.0,3
841.0,LNI204,0.03819718634205488,1,5000.0,3
841.0,BTK702,0.03819718634205488,1,5000.0,3
841.0,CTV855,0.03819718634205488,1,5000.0,3
842.0,SD05,0.03819718634205488,1,5000.0,3
842.0,LNI204,0.03819718634205488,1,5000.0,3
842.0,BTK702,0.03819718634205488,1,5000.0,3
842.0,CTV855,0.03819718634205488,1,5000.0,3
843.0,SD05,0.03819718634205488,1,5000.0,3
843.0,LNI204,0.03819718634205488,1,5000.0,3
843.0,BTK702,0.03819718634205488,1,5000.0,3
843.0,CTV855,0.03819718634205488,1,5000.0,3
844.0,SD05,0.03819718634205488,1,5000.0,3
844.0,LNI204,0.03819718634205488,1,5000.0,3
844.0,BTK702,0.03819718634205488,1,5000.0,3
844.0,CTV855,0.03819718634205488,1,5000.0,3
845.0,SD05,0.03819718634205488,1,5000.0,3
845.0,LNI204,0.03819718634205488,1,5000.0,3
845.0,BTK702,0.03819718634205488,1,5000.0,3
845.0,CTV855,0.03819718634205488,1,5000.0,3
846.0,SD05,0.03819718634205488,1,5000.0,3
846.0,LNI204,0.03819718634205488,1,5000.0,3
846.0,BTK702,0.03819718634205488,1,5000.0,3
846.0,CTV855,0.03819718634205488,1,5000.0,3
847.0,SD05,0.03819718634205488,1,5000.0,3
847.0,LNI204,0.03819718634205488,1,5000.0,3
847.0,BTK702,0.03819718634205488,1,5000.0,3
847.0,CTV855,0.03819718634205488,1,5000.0,3
848.0,SD05,0.03819718634205488,1,5000.0,3
848.0,LNI204,0.03819718634205488,1,5000.0,3
848.0,BTK702,0.03819718634205488,1,5000.0,3
848.0,CTV855,0.03819718634205488,1,5000.0,3
849.0,SD05,0.03819718634205488,1,5000.0,3
849.0,LNI204,0.03819718634205488,1,5000.0,3
849.0,BTK702,0.03819718634205488,1,5000.0,3
849.0,CTV855,0.03819718634205488,1,5000.0,3
850.0,SD05,0.03819718634205488,1,5000.0,3
850.0,LNI204,0.03819718634205488,1,5000.0,3
850.0,BTK702,0.03819718634205488,1,5000.0,3
850.0,CTV855,0.03819718634205488,1,5000.0,3
851.0,SD05,0.03819718634205488,1,5000.0,3
851.0,LNI204,0.03819718634205488,1,5000.0,3
851.0,BTK702,0.03819718634205488,1,5000.0,3
851.0,CTV855,0.03819718634205488,1,5000.0,3
852.0,SD05,0.03819718634205488,1,5000.0,3
852.0,LNI204,0.03819718634205488,1,5000.0,3
852.0,BTK702,0.03819718634205488,1,5000.0,3
852.0,CTV855,0.03819718634205488,1,5000.0,3
853.0,SD05,0.03819718634205488,1,5000.0,3
853.0,LNI204,0.03819718634205488,1,5000.0,3
853.0,BTK702,0.03819718634205488,1,5000.0,3
853.0,CTV855,0.03819718634205488,1,5000.0,3
854.0,SD05,0.03819718634205488,1,5000.0,3
854.0,LNI204,0.03819718634205488,1,5000.0,3
854.0,BTK702,0.03819718634205488,1,5000.0,3
854.0,CTV855,0.03819718634205488,1,5000.0,3
855.0,SD05,0.03819718634205488,1,5000.0,3
855.0,LNI204,0.03819718634205488,1,5000.0,3
855.0,BTK702,0.03819718634205488,1,5000.0,3
855.0,CTV855,0.03819718634205488,1,5000.0,3
856.0,SD05,0.03819718634205488,1,5000.0,3
856.0,LNI204,0.03819718634205488,1,5000.0,3
856.0,BTK702,0.03819718634205488,1,5000.0,3
856.0,CTV855,0.03819718634205488,1,5000.0,3
857.0,SD05,0.03819718634205488,1,5000.0,3
857.0,LNI204,0.03819718634205488,1,5000.0,3
857.0,BTK702,0.03819718634205488,1,5000.0,3
857.0,CTV855,0.03819718634205488,1,5000.0,3
858.0,SD05,0.03819718634205488,1,5000.0,3
858.0,LNI204,0.03819718634205488,1,5000.0,3
858.0,BTK702,0.03819718634205488,1,5000.0,3
858.0,CTV855,0.03819718634205488,1,5000.0,3
859.0,SD05,0.03819718634205488,1,5000.0,3
859.0,LNI204,0.03819718634205488,1,5000.0,3
859.0,BTK702,0.03819718634205488,1,5000.0,3
859.0,CTV855,0.03819718634205488,1,5000.0,3
860.0,SD05,0.03819718634205488,1,5000.0,3
860.0,LNI204,0.03819718634205488,1,5000.0,3
860.0,BTK702,0.03819718634205488,1,5000.0,3
860.0,CTV855,0.03819718634205488,1,5000.0,3
861.0,SD05,0.03819718634205488,1,5000.0,3
861.0,LNI204,0.03819718634205488,1,5000.0,3
861.0,BTK702,0.03819718634205488,1,5000.0,3
861.0,CTV855,0.03819718634205488,1,5000.0,3
862.0,SD05,0.03819718634205488,1,5000.0,3
862.0,LNI204,0.03819718634205488,1,5000.0,3
862.0,BTK702,0.03819718634205488,1,5000.0,3
862.0,CTV855,0.03819718634205488,1,5000.0,3
863.0,SD05,0.03819718634205488,1,5000.0,3
863.0,LNI204,0.03819718634205488,1,5000.0,3
863.0,BTK702,0.03819718634205488,1,5000.0,3
863.0,CTV855,0.03819718634205488,1,5000.0,3
864.0,SD05,0.03819718634205488,1,5000.0,3
864.0,LNI204,0.03819718634205488,1,5000.0,3
864.0,BTK702,0.03819718634205488,1,5000.0,3
864.0,CTV855,0.03819718634205488,1,5000.0,3
865.0,SD05,0.03819718634205488,1,5000.0,3
865.0,LNI204,0.03819718634205488,1,5000.0,3
865.0,BTK702,0.03819718634205488,1,5000.0,3
865.0,CTV855,0.03819718634205488,1,5000.0,3
866.0,SD05,0.03819718634205488,1,5000.0,3
866.0,LNI204,0.03819718634205488,1,5000.0,3
866.0,BTK702,0.03819718634205488,1,5000.0,3
866.0,CTV855,0.03819718634205488,1,5000.0,3
867.0,SD05,0.03819718634205488,1,5000.0,3
867.0,LNI204,0.03819718634205488,1,5000.0,3
867.0,BTK702,0.03819718634205488,1,5000.0,3
867.0,CTV855,0.03819718634205488,1,5000.0,3
868.0,SD05,0.03819718634205488,1,5000.0,3
868.0,LNI204,0.03819718634205488,1,5000.0,3
868.0,BTK702,0.03819718634205488,1,5000.0,3
868.0,CTV855,0.03819718634205488,1,5000.0,3
869.0,SD05,0.03819718634205488,1,5000.0,3
869.0,LNI204,0.03819718634205488,1,5000.0,3
869.0,BTK702,0.03819718634205488,1,5000.0,3
869.0,CTV855,0.03819718634205488,1,5000.0,3
870.0,SD05,0.03819718634205488,1,5000.0,3
870.0,LNI204,0.03819718634205488,1,5000.0,3
870.0,BTK702,0.03819718634205488,1,5000.0,3
870.0,CTV855,0.03819718634205488,1,5000.0,3
871.0,SD05,0.03819718634205488,1,5000.0,3
871.0,LNI204,0.03819718634205488,1,5000.0,3
871.0,BTK702,0.03819718634205488,1,5000.0,3
871.0,CTV855,0.03819718634205488,1,5000.0,3
872.0,SD05,0.03819718634205488,1,5000.0,3
872.0,LNI204,0.03819718634205488,1,5000.0,3
872.0,BTK702,0.03819718634205488,1,5000.0,3
872.0,CTV855,0.03819718634205488,1,5000.0,3
873.0,SD05,0.03819718634205488,1,5000.0,3
873.0,LNI204,0.03819718634205488,1,5000.0,3
873.0,BTK702,0.03819718634205488,1,5000.0,3
873.0,CTV855,0.03819718634205488,1,5000.0,3
874.0,SD05,0.03819718634205488,1,5000.0,3
874.0,LNI204,0.03819718634205488,1,5000.0,3
874.0,BTK702,0.03819718634205488,1,5000.0,3
874.0,CTV855,0.03819718634205488,1,5000.0,3
875.0,SD05,0.03819718634205488,1,5000.0,3
875.0,LNI204,0.03819718634205488,1,5000.0,3
875.0,BTK702,0.03819718634205488,1,5000.0,3
875.0,CTV855,0.03819718634205488,1,5000.0,3
876.0,SD05,0.03819718634205488,1,5000.0,3
876.0,LNI204,0.03819718634205488,1,5000.0,3
876.0,BTK702,0.03819718634205488,1,5000.0,3
876.0,CTV855,0.03819718634205488,1,5000.0,3
877.0,SD05,0.03819718634205488,1,5000.0,3
877.0,LNI204,0.03819718634205488,1,5000.0,3
877.0,BTK702,0.03819718634205488,1,5000.0,3
877.0,CTV855,0.03819718634205488,1,5000.0,3
878.0,SD05,0.03819718634205488,1,5000.0,3
878.0,LNI204,0.03819718634205488,1,5000.0,3
878.0,BTK702,0.03819718634205488,1,5000.0,3
878.0,CTV855,0.03819718634205488,1,5000.0,3
879.0,SD05,0.03819718634205488,1,5000.0,3
879.0,LNI204,0.03819718634205488,1,5000.0,3
879.0,BTK702,0.03819718634205488,1,5000.0,3
879.0,CTV855,0.03819718634205488,1,5000.0,3
880.0,SD05,0.03819718634205488,1,5000.0,3
880.0,LNI204,0.03819718634205488,1,5000.0,3
880.0,BTK702,0.03819718634205488,1,5000.0,3
880.0,CTV855,0.03819718634205488,1,5000.0,3
881.0,SD05,0.03819718634205488,1,5000.0,3
881.0,LNI204,0.03819718634205488,1,5000.0,3
881.0,BTK702,0.03819718634205488,1,5000.0,3
881.0,CTV855,0.03819718634205488,1,5000.0,3
882.0,SD05,0.03819718634205488,1,5000.0,3
882.0,LNI204,0.03819718634205488,1,5000.0,3
882.0,BTK702,0.03819718634205488,1,5000.0,3
882.0,CTV855,0.03819718634205488,1,5000.0,3
883.0,SD05,0.03819718634205488,1,5000.0,3
883.0,LNI204,0.03819718634205488,1,5000.0,3
883.0,BTK702,0.03819718634205488,1,5000.0,3
883.0,CTV855,0.03819718634205488,1,5000.0,3
884.0,SD05,0.03819718634205488,1,5000.0,3
884.0,LNI204,0.03819718634205488,1,5000.0,3
884.0,BTK702,0.03819718634205488,1,5000.0,3
884.0,CTV855,0.03819718634205488,1,5000.0,3
885.0,SD05,0.03819718634205488,1,5000.0,3
885.0,LNI204,0.03819718634205488,1,5000.0,3
885.0,BTK702,0.03819718634205488,1,5000.0,3
885.0,CTV855,0.03819718634205488,1,5000.0,3
886.0,SD05,0.03819718634205488,1,5000.0,3
886.0,LNI204,0.03819718634205488,1,5000.0,3
886.0,BTK702,0.03819718634205488,1,5000.0,3
886.0,CTV855,0.03819718634205488,1,5000.0,3
887.0,SD05,0.03819718634205488,1,5000.0,3
887.0,LNI204,0.03819718634205488,1,5000.0,3
887.0,BTK702,0.03819718634205488,1,5000.0,3
887.0,CTV855,0.03819718634205488,1,5000.0,3
888.0,SD05,0.03819718634205488,1,5000.0,3
888.0,LNI204,0.03819718634205488,1,5000.0,3
888.0,BTK702,0.03819718634205488,1,5000.0,3
888.0,CTV855,0.03819718634205488,1,5000.0,3
889.0,SD05,0.03819718634205488,1,5000.0,3
889.0,LNI204,0.03819718634205488,1,5000.0,3
889.0,BTK702,0.03819718634205488,1,5000.0,3
889.0,CTV855,0.03819718634205488,1,5000.0,3
890.0,SD05,0.03819718634205488,1,5000.0,3
890.0,LNI204,0.03819718634205488,1,5000.0,3
890.0,BTK702,0.03819718634205488,1,5000.0,3
890.0,CTV855,0.03819718634205488,1,5000.0,3
891.0,SD05,0.03819718634205488,1,5000.0,3
891.0,LNI204,0.03819718634205488,1,5000.0,3
891.0,BTK702,0.03819718634205488,1,5000.0,3
891.0,CTV855,0.03819718634205488,1,5000.0,3
892.0,SD05,0.03819718634205488,1,5000.0,3
892.0,LNI204,0.03819718634205488,1,5000.0,3
892.0,BTK702,0.03819718634205488,1,5000.0,3
892.0,CTV855,0.03819718634205488,1,5000.0,3
893.0,SD05,0.03819718634205488,1,5000.0,3
893.0,LNI204,0.03819718634205488,1,5000.0,3
893.0,BTK702,0.03819718634205488,1,5000.0,3
893.0,CTV855,0.03819718634205488,1,5000.0,3
894.0,SD05,0.03819718634205488,1,5000.0,3
894.0,LNI204,0.03819718634205488,1,5000.0,3
894.0,BTK702,0.03819718634205488,1,5000.0,3
894.0,CTV855,0.03819718634205488,1,5000.0,3
895.0,SD05,0.03819718634205488,1,5000.0,3
895.0,LNI204,0.03819718634205488,1,5000.0,3
895.0,BTK702,0.03819718634205488,1,5000.0,3
895.0,CTV855,0.03819718634205488,1,5000.0,3
896.0,SD05,0.03819718634205488,1,5000.0,3
896.0,LNI204,0.03819718634205488,1,5000.0,3
896.0,BTK702,0.03819718634205488,1,5000.0,3
896.0,CTV855,0.03819718634205488,1,5000.0,3
897.0,SD05,0.03819718634205488,1,5000.0,3
897.0,LNI204,0.03819718634205488,1,5000.0,3
897.0,BTK702,0.03819718634205488,1,5000.0,3
897.0,CTV855,0.03819718634205488,1,5000.0,3
898.0,SD05,0.03819718634205488,1,5000.0,3
898.0,LNI204,0.03819718634205488,1,5000.0,3
898.0,BTK702,0.03819718634205488,1,5000.0,3
898.0,CTV855,0.03819718634205488,1,5000.0,3
899.0,SD05,0.03819718634205488,1,5000.0,3
899.0,LNI204,0.03819718634205488,1,5000.0,3
899.0,BTK702,0.03819718634205488,1,5000.0,3
899.0,CTV855,0.03819718634205488,1,5000.0,3
900.0,SD05,0.03819718634205488,1,5000.0,3
900.0,LNI204,0.03819718634205488,1,5000.0,3
900.0,BTK702,0.03819718634205488,1,5000.0,3
900.0,CTV855,0.03819718634205488,1,5000.0,3
901.0,SD05,0.03819718634205488,1,5000.0,3
901.0,LNI204,0.03819718634205488,1,5000.0,3
901.0,BTK702,0.03819718634205488,1,5000.0,3
901.0,CTV855,0.03819718634205488,1,5000.0,3
902.0,SD05,0.03819718634205488,1,5000.0,3
902.0,LNI204,0.03819718634205488,1,5000.0,3
902.0,BTK702,0.03819718634205488,1,5000.0,3
902.0,CTV855,0.03819718634205488,1,5000.0,3
903.0,SD05,0.03819718634205488,1,5000.0,3
903.0,LNI204,0.03819718634205488,1,5000.0,3
903.0,BTK702,0.03819718634205488,1,5000.0,3
903.0,CTV855,0.03819718634205488,1,5000.0,3
904.0,SD05,0.03819718634205488,1,5000.0,3
904.0,LNI204,0.03819718634205488,1,5000.0,3
904.0,BTK702,0.03819718634205488,1,5000.0,3
904.0,CTV855,0.03819718634205488,1,5000.0,3
905.0,SD05,0.03819718634205488,1,5000.0,3
905.0,LNI204,0.03819718634205488,1,5000.0,3
905.0,BTK702,0.03819718634205488,1,5000.0,3
905.0,CTV855,0.03819718634205488,1,5000.0,3
906.0,SD05,0.03819718634205488,1,5000.0,3
906.0,LNI204,0.03819718634205488,1,5000.0,3
906.0,BTK702,0.03819718634205488,1,5000.0,3
906.0,CTV855,0.03819718634205488,1,5000.0,3
907.0,SD05,0.03819718634205488,1,5000.0,3
907.0,LNI204,0.03819718634205488,1,5000.0,3
907.0,BTK702,0.03819718634205488,1,5000.0,3
907.0,CTV855,0.03819718634205488,1,5000.0,3
908.0,SD05,0.03819718634205488,1,5000.0,3
908.0,LNI204,0.03819718634205488,1,5000.0,3
908.0,BTK702,0.03819718634205488,1,5000.0,3
908.0,CTV855,0.03819718634205488,1,5000.0,3
909.0,SD05,0.03819718634205488,1,5000.0,3
909.0,LNI204,0.03819718634205488,1,5000.0,3
909.0,BTK702,0.03819718634205488,1,5000.0,3
909.0,CTV855,0.03819718634205488,1,5000.0,3
910.0,SD05,0.03819718634205488,1,5000.0,3
910.0,LNI204,0.03819718634205488,1,5000.0,3
910.0,BTK702,0.03819718634205488,1,5000.0,3
910.0,CTV855,0.03819718634205488,1,5000.0,3
911.0,SD05,0.03819718634205488,1,5000.0,3
911.0,LNI204,0.03819718634205488,1,5000.0,3
911.0,BTK702,0.03819718634205488,1,5000.0,3
911.0,CTV855,0.03819718634205488,1,5000.0,3
912.0,SD05,0.03819718634205488,1,5000.0,3
912.0,LNI204,0.03819718634205488,1,5000.0,3
912.0,BTK702,0.03819718634205488,1,5000.0,3
912.0,CTV855,0.03819718634205488,1,5000.0,3
913.0,SD05,0.03819718634205488,1,5000.0,3
913.0,LNI204,0.03819718634205488,1,5000.0,3
913.0,BTK702,0.03819718634205488,1,5000.0,3
913.0,CTV855,0.03819718634205488,1,5000.0,3
914.0,SD05,0.03819718634205488,1,5000.0,3
914.0,LNI204,0.03819718634205488,1,5000.0,3
914.0,BTK702,0.03819718634205488,1,5000.0,3
914.0,CTV855,0.03819718634205488,1,5000.0,3
915.0,SD05,0.03819718634205488,1,5000.0,3
915.0,LNI204,0.03819718634205488,1,5000.0,3
915.0,BTK702,0.03819718634205488,1,5000.0,3
915.0,CTV855,0.03819718634205488,1,5000.0,3
916.0,SD05,0.03819718634205488,1,5000.0,3
916.0,LNI204,0.03819718634205488,1,5000.0,3
916.0,BTK702,0.03819718634205488,1,5000.0,3
916.0,CTV855,0.03819718634205488,1,5000.0,3
917.0,SD05,0.03819718634205488,1,5000.0,3
917.0,LNI204,0.03819718634205488,1,5000.0,3
917.0,BTK702,0.03819718634205488,1,5000.0,3
917.0,CTV855,0.03819718634205488,1,5000.0,3
918.0,SD05,0.03819718634205488,1,5000.0,3
918.0,LNI204,0.03819718634205488,1,5000.0,3
918.0,BTK702,0.03819718634205488,1,5000.0,3
918.0,CTV855,0.03819718634205488,1,5000.0,3
919.0,SD05,0.03819718634205488,1,5000.0,3
919.0,LNI204,0.03819718634205488,1,5000.0,3
919.0,BTK702,0.03819718634205488,1,5000.0,3
919.0,CTV855,0.03819718634205488,1,5000.0,3
920.0,SD05,0.03819718634205488,1,5000.0,3
920.0,LNI204,0.03819718634205488,1,5000.0,3
920.0,BTK702,0.03819718634205488,1,5000.0,3
920.0,CTV855,0.03819718634205488,1,5000.0,3
921.0,SD05,0.03819718634205488,1,5000.0,3
921.0,LNI204,0.03819718634205488,1,5000.0,3
921.0,BTK702,0.03819718634205488,1,5000.0,3
921.0,CTV855,0.03819718634205488,1,5000.0,3
922.0,SD05,0.03819718634205488,1,5000.0,3
922.0,LNI204,0.03819718634205488,1,5000.0,3
922.0,BTK702,0.03819718634205488,1,5000.0,3
922.0,CTV855,0.03819718634205488,1,5000.0,3
923.0,SD05,0.03819718634205488,1,5000.0,3
923.0,LNI204,0.03819718634205488,1,5000.0,3
923.0,BTK702,0.03819718634205488,1,5000.0,3
923.0,CTV855,0.03819718634205488,1,5000.0,3
924.0,SD05,0.03819718634205488,1,5000.0,3
924.0,LNI204,0.03819718634205488,1,5000.0,3
924.0,BTK702,0.03819718634205488,1,5000.0,3
924.0,CTV855,0.03819718634205488,1,5000.0,3
925.0,SD05,0.03819718634205488,1,5000.0,3
925.0,LNI204,0.03819718634205488,1,5000.0,3
925.0,BTK702,0.03819718634205488,1,5000.0,3
925.0,CTV855,0.03819718634205488,1,5000.0,3
926.0,SD05,0.03819718634205488,1,5000.0,3
926.0,LNI204,0.03819718634205488,1,5000.0,3
926.0,BTK702,0.03819718634205488,1,5000.0,3
926.0,CTV855,0.03819718634205488,1,5000.0,3
927.0,SD05,0.03819718634205488,1,5000.0,3
927.0,LNI204,0.03819718634205488,1,5000.0,3
927.0,BTK702,0.03819718634205488,1,5000.0,3
927.0,CTV855,0.03819718634205488,1,5000.0,3
928.0,SD05,0.03819718634205488,1,5000.0,3
928.0,LNI204,0.03819718634205488,1,5000.0,3
928.0,BTK702,0.03819718634205488,1,5000.0,3
928.0,CTV855,0.03819718634205488,1,5000.0,3
929.0,SD05,0.03819718634205488,1,5000.0,3
929.0,LNI204,0.03819718634205488,1,5000.0,3
929.0,BTK702,0.03819718634205488,1,5000.0,3
929.0,CTV855,0.03819718634205488,1,5000.0,3
930.0,SD05,0.03819718634205488,1,5000.0,3
930.0,LNI204,0.03819718634205488,1,5000.0,3
930.0,BTK702,0.03819718634205488,1,5000.0,3
930.0,CTV855,0.03819718634205488,1,5000.0,3
931.0,SD05,0.03819718634205488,1,5000.0,3
931.0,LNI204,0.03819718634205488,1,5000.0,3
931.0,BTK702,0.03819718634205488,1,5000.0,3
931.0,CTV855,0.03819718634205488,1,5000.0,3
932.0,SD05,0.03819718634205488,1,5000.0,3
932.0,LNI204,0.03819718634205488,1,5000.0,3
932.0,BTK702,0.03819718634205488,1,5000.0,3
932.0,CTV855,0.03819718634205488,1,5000.0,3
933.0,SD05,0.03819718634205488,1,5000.0,3
933.0,LNI204,0.03819718634205488,1,5000.0,3
933.0,BTK702,0.03819718634205488,1,5000.0,3
933.0,CTV855,0.03819718634205488,1,5000.0,3
934.0,SD05,0.03819718634205488,1,5000.0,3
934.0,LNI204,0.03819718634205488,1,5000.0,3
934.0,BTK702,0.03819718634205488,1,5000.0,3
934.0,CTV855,0.03819718634205488,1,5000.0,3
935.0,SD05,0.03819718634205488,1,5000.0,3
935.0,LNI204,0.03819718634205488,1,5000.0,3
935.0,BTK702,0.03819718634205488,1,5000.0,3
935.0,CTV855,0.03819718634205488,1,5000.0,3
936.0,SD05,0.03819718634205488,1,5000.0,3
936.0,LNI204,0.03819718634205488,1,5000.0,3
936.0,BTK702,0.03819718634205488,1,5000.0,3
936.0,CTV855,0.03819718634205488,1,5000.0,3
937.0,SD05,0.03819718634205488,1,5000.0,3
937.0,LNI204,0.03819718634205488,1,5000.0,3
937.0,BTK702,0.03819718634205488,1,5000.0,3
937.0,CTV855,0.03819718634205488,1,5000.0,3
938.0,SD05,0.03819718634205488,1,5000.0,3
938.0,LNI204,0.03819718634205488,1,5000.0,3
938.0,BTK702,0.03819718634205488,1,5000.0,3
938.0,CTV855,0.03819718634205488,1,5000.0,3
939.0,SD05,0.03819718634205488,1,5000.0,3
939.0,LNI204,0.03819718634205488,1,5000.0,3
939.0,BTK702,0.03819718634205488,1,5000.0,3
939.0,CTV855,0.03819718634205488,1,5000.0,3
940.0,SD05,0.03819718634205488,1,5000.0,3
940.0,LNI204,0.03819718634205488,1,5000.0,3
940.0,BTK702,0.03819718634205488,1,5000.0,3
940.0,CTV855,0.03819718634205488,1,5000.0,3
941.0,SD05,0.03819718634205488,1,5000.0,3
941.0,LNI204,0.03819718634205488,1,5000.0,3
941.0,BTK702,0.03819718634205488,1,5000.0,3
941.0,CTV855,0.03819718634205488,1,5000.0,3
942.0,SD05,0.03819718634205488,1,5000.0,3
942.0,LNI204,0.03819718634205488,1,5000.0,3
942.0,BTK702,0.03819718634205488,1,5000.0,3
942.0,CTV855,0.03819718634205488,1,5000.0,3
943.0,SD05,0.03819718634205488,1,5000.0,3
943.0,LNI204,0.03819718634205488,1,5000.0,3
943.0,BTK702,0.03819718634205488,1,5000.0,3
943.0,CTV855,0.03819718634205488,1,5000.0,3
944.0,SD05,0.03819718634205488,1,5000.0,3
944.0,LNI204,0.03819718634205488,1,5000.0,3
944.0,BTK702,0.03819718634205488,1,5000.0,3
944.0,CTV855,0.03819718634205488,1,5000.0,3
945.0,SD05,0.03819718634205488,1,5000.0,3
945.0,LNI204,0.03819718634205488,1,5000.0,3
945.0,BTK702,0.03819718634205488,1,5000.0,3
945.0,CTV855,0.03819718634205488,1,5000.0,3
946.0,SD05,0.03819718634205488,1,5000.0,3
946.0,LNI204,0.03819718634205488,1,5000.0,3
946.0,BTK702,0.03819718634205488,1,5000.0,3
946.0,CTV855,0.03819718634205488,1,5000.0,3
947.0,SD05,0.03819718634205488,1,5000.0,3
947.0,LNI204,0.03819718634205488,1,5000.0,3
947.0,BTK702,0.03819718634205488,1,5000.0,3
947.0,CTV855,0.03819718634205488,1,5000.0,3
948.0,SD05,0.03819718634205488,1,5000.0,3
948.0,LNI204,0.03819718634205488,1,5000.0,3
948.0,BTK702,0.03819718634205488,1,5000.0,3
948.0,CTV855,0.03819718634205488,1,5000.0,3
949.0,SD05,0.03819718634205488,1,5000.0,3
949.0,LNI204,0.03819718634205488,1,5000.0,3
949.0,BTK702,0.03819718634205488,1,5000.0,3
949.0,CTV855,0.03819718634205488,1,5000.0,3
950.0,SD05,0.03819718634205488,1,5000.0,3
950.0,LNI204,0.03819718634205488,1,5000.0,3
950.0,BTK702,0.03819718634205488,1,5000.0,3
950.0,CTV855,0.03819718634205488,1,5000.0,3
951.0,SD05,0.03819718634205488,1,5000.0,3
951.0,LNI204,0.03819718634205488,1,5000.0,3
951.0,BTK702,0.03819718634205488,1,5000.0,3
951.0,CTV855,0.03819718634205488,1,5000.0,3
952.0,SD05,0.03819718634205488,1,5000.0,3
952.0,LNI204,0.03819718634205488,1,5000.0,3
952.0,BTK702,0.03819718634205488,1,5000.0,3
952.0,CTV855,0.03819718634205488,1,5000.0,3
953.0,SD05,0.03819718634205488,1,5000.0,3
953.0,LNI204,0.03819718634205488,1,5000.0,3
953.0,BTK702,0.03819718634205488,1,5000.0,3
953.0,CTV855,0.03819718634205488,1,5000.0,3
954.0,SD05,0.03819718634205488,1,5000.0,3
954.0,LNI204,0.03819718634205488,1,5000.0,3
954.0,BTK702,0.03819718634205488,1,5000.0,3
954.0,CTV855,0.03819718634205488,1,5000.0,3
955.0,SD05,0.03819718634205488,1,5000.0,3
955.0,LNI204,0.03819718634205488,1,5000.0,3
955.0,BTK702,0.03819718634205488,1,5000.0,3
955.0,CTV855,0.03819718634205488,1,5000.0,3
956.0,SD05,0.03819718634205488,1,5000.0,3
956.0,LNI204,0.03819718634205488,1,5000.0,3
956.0,BTK702,0.03819718634205488,1,5000.0,3
956.0,CTV855,0.03819718634205488,1,5000.0,3
957.0,SD05,0.03819718634205488,1,5000.0,3
957.0,LNI204,0.03819718634205488,1,5000.0,3
957.0,BTK702,0.03819718634205488,1,5000.0,3
957.0,CTV855,0.03819718634205488,1,5000.0,3
958.0,SD05,0.03819718634205488,1,5000.0,3
958.0,LNI204,0.03819718634205488,1,5000.0,3
958.0,BTK702,0.03819718634205488,1,5000.0,3
958.0,CTV855,0.03819718634205488,1,5000.0,3
959.0,SD05,0.03819718634205488,1,5000.0,3
959.0,LNI204,0.03819718634205488,1,5000.0,3
959.0,BTK702,0.03819718634205488,1,5000.0,3
959.0,CTV855,0.03819718634205488,1,5000.0,3
960.0,SD05,0.03819718634205488,1,5000.0,3
960.0,LNI204,0.03819718634205488,1,5000.0,3
960.0,BTK702,0.03819718634205488,1,5000.0,3
960.0,CTV855,0.03819718634205488,1,5000.0,3
961.0,SD05,0.03819718634205488,1,5000.0,3
961.0,LNI204,0.03819718634205488,1,5000.0,3
961.0,BTK702,0.03819718634205488,1,5000.0,3
961.0,CTV855,0.03819718634205488,1,5000.0,3
962.0,SD05,0.03819718634205488,1,5000.0,3
962.0,LNI204,0.03819718634205488,1,5000.0,3
962.0,BTK702,0.03819718634205488,1,5000.0,3
962.0,CTV855,0.03819718634205488,1,5000.0,3
963.0,SD05,0.03819718634205488,1,5000.0,3
963.0,LNI204,0.03819718634205488,1,5000.0,3
963.0,BTK702,0.03819718634205488,1,5000.0,3
963.0,CTV855,0.03819718634205488,1,5000.0,3
964.0,SD05,0.03819718634205488,1,5000.0,3
964.0,LNI204,0.03819718634205488,1,5000.0,3
964.0,BTK702,0.03819718634205488,1,5000.0,3
964.0,CTV855,0.03819718634205488,1,5000.0,3
965.0,SD05,0.03819718634205488,1,5000.0,3
965.0,LNI204,0.03819718634205488,1,5000.0,3
965.0,BTK702,0.03819718634205488,1,5000.0,3
965.0,CTV855,0.03819718634205488,1,5000.0,3
966.0,SD05,0.03819718634205488,1,5000.0,3
966.0,LNI204,0.03819718634205488,1,5000.0,3
966.0,BTK702,0.03819718634205488,1,5000.0,3
966.0,CTV855,0.03819718634205488,1,5000.0,3
967.0,SD05,0.03819718634205488,1,5000.0,3
967.0,LNI204,0.03819718634205488,1,5000.0,3
967.0,BTK702,0.03819718634205488,1,5000.0,3
967.0,CTV855,0.03819718634205488,1,5000.0,3
968.0,SD05,0.03819718634205488,1,5000.0,3
968.0,LNI204,0.03819718634205488,1,5000.0,3
968.0,BTK702,0.03819718634205488,1,5000.0,3
968.0,CTV855,0.03819718634205488,1,5000.0,3
969.0,SD05,0.03819718634205488,1,5000.0,3
969.0,LNI204,0.03819718634205488,1,5000.0,3
969.0,BTK702,0.03819718634205488,1,5000.0,3
969.0,CTV855,0.03819718634205488,1,5000.0,3
970.0,SD05,0.03819718634205488,1,5000.0,3
970.0,LNI204,0.03819718634205488,1,5000.0,3
970.0,BTK702,0.03819718634205488,1,5000.0,3
970.0,CTV855,0.03819718634205488,1,5000.0,3
971.0,SD05,0.03819718634205488,1,5000.0,3
971.0,LNI204,0.03819718634205488,1,5000.0,3
971.0,BTK702,0.03819718634205488,1,5000.0,3
971.0,CTV855,0.03819718634205488,1,5000.0,3
972.0,SD05,0.03819718634205488,1,5000.0,3
972.0,LNI204,0.03819718634205488,1,5000.0,3
972.0,BTK702,0.03819718634205488,1,5000.0,3
972.0,CTV855,0.03819718634205488,1,5000.0,3
973.0,SD05,0.03819718634205488,1,5000.0,3
973.0,LNI204,0.03819718634205488,1,5000.0,3
973.0,BTK702,0.03819718634205488,1,5000.0,3
973.0,CTV855,0.03819718634205488,1,5000.0,3
974.0,SD05,0.03819718634205488,1,5000.0,3
974.0,LNI204,0.03819718634205488,1,5000.0,3
974.0,BTK702,0.03819718634205488,1,5000.0,3
974.0,CTV855,0.03819718634205488,1,5000.0,3
975.0,SD05,0.03819718634205488,1,5000.0,3
975.0,LNI204,0.03819718634205488,1,5000.0,3
975.0,BTK702,0.03819718634205488,1,5000.0,3
975.0,CTV855,0.03819718634205488,1,5000.0,3
976.0,SD05,0.03819718634205488,1,5000.0,3
976.0,LNI204,0.03819718634205488,1,5000.0,3
976.0,BTK702,0.03819718634205488,1,5000.0,3
976.0,CTV855,0.03819718634205488,1,5000.0,3
977.0,SD05,0.03819718634205488,1,5000.0,3
977.0,LNI204,0.03819718634205488,1,5000.0,3
977.0,BTK702,0.03819718634205488,1,5000.0,3
977.0,CTV855,0.03819718634205488,1,5000.0,3
978.0,SD05,0.03819718634205488,1,5000.0,3
978.0,LNI204,0.03819718634205488,1,5000.0,3
978.0,BTK702,0.03819718634205488,1,5000.0,3
978.0,CTV855,0.03819718634205488,1,5000.0,3
979.0,SD05,0.03819718634205488,1,5000.0,3
979.0,LNI204,0.03819718634205488,1,5000.0,3
979.0,BTK702,0.03819718634205488,1,5000.0,3
979.0,CTV855,0.03819718634205488,1,5000.0,3
980.0,SD05,0.03819718634205488,1,5000.0,3
980.0,LNI204,0.03819718634205488,1,5000.0,3
980.0,BTK702,0.03819718634205488,1,5000.0,3
980.0,CTV855,0.03819718634205488,1,5000.0,3
981.0,SD05,0.03819718634205488,1,5000.0,3
981.0,LNI204,0.03819718634205488,1,5000.0,3
981.0,BTK702,0.03819718634205488,1,5000.0,3
981.0,CTV855,0.03819718634205488,1,5000.0,3
982.0,SD05,0.03819718634205488,1,5000.0,3
982.0,LNI204,0.03819718634205488,1,5000.0,3
982.0,BTK702,0.03819718634205488,1,5000.0,3
982.0,CTV855,0.03819718634205488,1,5000.0,3
983.0,SD05,0.03819718634205488,1,5000.0,3
983.0,LNI204,0.03819718634205488,1,5000.0,3
983.0,BTK702,0.03819718634205488,1,5000.0,3
983.0,CTV855,0.03819718634205488,1,5000.0,3
984.0,SD05,0.03819718634205488,1,5000.0,3
984.0,LNI204,0.03819718634205488,1,5000.0,3
984.0,BTK702,0.03819718634205488,1,5000.0,3
984.0,CTV855,0.03819718634205488,1,5000.0,3
985.0,SD05,0.03819718634205488,1,5000.0,3
985.0,LNI204,0.03819718634205488,1,5000.0,3
985.0,BTK702,0.03819718634205488,1,5000.0,3
985.0,CTV855,0.03819718634205488,1,5000.0,3
986.0,SD05,0.03819718634205488,1,5000.0,3
986.0,LNI204,0.03819718634205488,1,5000.0,3
986.0,BTK702,0.03819718634205488,1,5000.0,3
986.0,CTV855,0.03819718634205488,1,5000.0,3
987.0,SD05,0.03819718634205488,1,5000.0,3
987.0,LNI204,0.03819718634205488,1,5000.0,3
987.0,BTK702,0.03819718634205488,1,5000.0,3
987.0,CTV855,0.03819718634205488,1,5000.0,3
988.0,SD05,0.03819718634205488,1,5000.0,3
988.0,LNI204,0.03819718634205488,1,5000.0,3
988.0,BTK702,0.03819718634205488,1,5000.0,3
988.0,CTV855,0.03819718634205488,1,5000.0,3
989.0,SD05,0.03819718634205488,1,5000.0,3
989.0,LNI204,0.03819718634205488,1,5000.0,3
989.0,BTK702,0.03819718634205488,1,5000.0,3
989.0,CTV855,0.03819718634205488,1,5000.0,3
990.0,SD05,0.03819718634205488,1,5000.0,3
990.0,LNI204,0.03819718634205488,1,5000.0,3
990.0,BTK702,0.03819718634205488,1,5000.0,3
990.0,CTV855,0.03819718634205488,1,5000.0,3
991.0,SD05,0.03819718634205488,1,5000.0,3
991.0,LNI204,0.03819718634205488,1,5000.0,3
991.0,BTK702,0.03819718634205488,1,5000.0,3
991.0,CTV855,0.03819718634205488,1,5000.0,3
992.0,SD05,0.03819718634205488,1,5000.0,3
992.0,LNI204,0.03819718634205488,1,5000.0,3
992.0,BTK702,0.03819718634205488,1,5000.0,3
992.0,CTV855,0.03819718634205488,1,5000.0,3
993.0,SD05,0.03819718634205488,1,5000.0,3
993.0,LNI204,0.03819718634205488,1,5000.0,3
993.0,BTK702,0.03819718634205488,1,5000.0,3
993.0,CTV855,0.03819718634205488,1,5000.0,3
994.0,SD05,0.03819718634205488,1,5000.0,3
994.0,LNI204,0.03819718634205488,1,5000.0,3
994.0,BTK702,0.03819718634205488,1,5000.0,3
994.0,CTV855,0.03819718634205488,1,5000.0,3
995.0,SD05,0.03819718634205488,1,5000.0,3
995.0,LNI204,0.03819718634205488,1,5000.0,3
995.0,BTK702,0.03819718634205488,1,5000.0,3
995.0,CTV855,0.03819718634205488,1,5000.0,3
996.0,SD05,0.03819718634205488,1,5000.0,3
996.0,LNI204,0.03819718634205488,1,5000.0,3
996.0,BTK702,0.03819718634205488,1,5000.0,3
996.0,CTV855,0.03819718634205488,1,5000.0,3
997.0,SD05,0.03819718634205488,1,5000.0,3
997.0,LNI204,0.03819718634205488,1,5000.0,3
997.0,BTK702,0.03819718634205488,1,5000.0,3
997.0,CTV855,0.03819718634205488,1,5000.0,3
998.0,SD05,0.03819718634205488,1,5000.0,3
998.0,LNI204,0.03819718634205488,1,5000.0,3
998.0,BTK702,0.03819718634205488,1,5000.0,3
998.0,CTV855,0.03819718634205488,1,5000.0,3
999.0,SD05,0.03819718634205488,1,5000.0,3
999.0,LNI204,0.03819718634205488,1,5000.0,3
999.0,BTK702,0.03819718634205488,1,5000.0,3
999.0,CTV855,0.03819718634205488,1,5000.0,3
1000.0,SD05,0.03819718634205488,1,5000.0,3
1000.0,LNI204,0.03819718634205488,1,5000.0,3
1000.0,BTK702,0.03819718634205488,1,5000.0,3
1000.0,CTV855,0.03819718634205488,1,5000.0,3
1001.0,SD05,0.03819718634205488,1,5000.0,3
1001.0,LNI204,0.03819718634205488,1,5000.0,3
1001.0,BTK702,0.03819718634205488,1,5000.0,3
1001.0,CTV855,0.03819718634205488,1,5000.0,3
1002.0,SD05,0.03819718634205488,1,5000.0,3
1002.0,LNI204,0.03819718634205488,1,5000.0,3
1002.0,BTK702,0.03819718634205488,1,5000.0,3
1002.0,CTV855,0.03819718634205488,1,5000.0,3
1003.0,SD05,0.03819718634205488,1,5000.0,3
1003.0,LNI204,0.03819718634205488,1,5000.0,3
1003.0,BTK702,0.03819718634205488,1,5000.0,3
1003.0,CTV855,0.03819718634205488,1,5000.0,3
1004.0,SD05,0.03819718634205488,1,5000.0,3
1004.0,LNI204,0.03819718634205488,1,5000.0,3
1004.0,BTK702,0.03819718634205488,1,5000.0,3
1004.0,CTV855,0.03819718634205488,1,5000.0,3
1005.0,SD05,0.03819718634205488,1,5000.0,3
1005.0,LNI204,0.03819718634205488,1,5000.0,3
1005.0,BTK702,0.03819718634205488,1,5000.0,3
1005.0,CTV855,0.03819718634205488,1,5000.0,3
1006.0,SD05,0.03819718634205488,1,5000.0,3
1006.0,LNI204,0.03819718634205488,1,5000.0,3
1006.0,BTK702,0.03819718634205488,1,5000.0,3
1006.0,CTV855,0.03819718634205488,1,5000.0,3
1007.0,SD05,0.03819718634205488,1,5000.0,3
1007.0,LNI204,0.03819718634205488,1,5000.0,3
1007.0,BTK702,0.03819718634205488,1,5000.0,3
1007.0,CTV855,0.03819718634205488,1,5000.0,3
1008.0,SD05,0.03819718634205488,1,5000.0,3
1008.0,LNI204,0.03819718634205488,1,5000.0,3
1008.0,BTK702,0.03819718634205488,1,5000.0,3
1008.0,CTV855,0.03819718634205488,1,5000.0,3
1009.0,SD05,0.03819718634205488,1,5000.0,3
1009.0,LNI204,0.03819718634205488,1,5000.0,3
1009.0,BTK702,0.03819718634205488,1,5000.0,3
1009.0,CTV855,0.03819718634205488,1,5000.0,3
1010.0,SD05,0.03819718634205488,1,5000.0,3
1010.0,LNI204,0.03819718634205488,1,5000.0,3
1010.0,BTK702,0.03819718634205488,1,5000.0,3
1010.0,CTV855,0.03819718634205488,1,5000.0,3
1011.0,SD05,0.03819718634205488,1,5000.0,3
1011.0,LNI204,0.03819718634205488,1,5000.0,3
1011.0,BTK702,0.03819718634205488,1,5000.0,3
1011.0,CTV855,0.03819718634205488,1,5000.0,3
1012.0,SD05,0.03819718634205488,1,5000.0,3
1012.0,LNI204,0.03819718634205488,1,5000.0,3
1012.0,BTK702,0.03819718634205488,1,5000.0,3
1012.0,CTV855,0.03819718634205488,1,5000.0,3
1013.0,SD05,0.03819718634205488,1,5000.0,3
1013.0,LNI204,0.03819718634205488,1,5000.0,3
1013.0,BTK702,0.03819718634205488,1,5000.0,3
1013.0,CTV855,0.03819718634205488,1,5000.0,3
1014.0,SD05,0.03819718634205488,1,5000.0,3
1014.0,LNI204,0.03819718634205488,1,5000.0,3
1014.0,BTK702,0.03819718634205488,1,5000.0,3
1014.0,CTV855,0.03819718634205488,1,5000.0,3
1015.0,SD05,0.03819718634205488,1,5000.0,3
1015.0,LNI204,0.03819718634205488,1,5000.0,3
1015.0,BTK702,0.03819718634205488,1,5000.0,3
1015.0,CTV855,0.03819718634205488,1,5000.0,3
1016.0,SD05,0.03819718634205488,1,5000.0,3
1016.0,LNI204,0.03819718634205488,1,5000.0,3
1016.0,BTK702,0.03819718634205488,1,5000.0,3
1016.0,CTV855,0.03819718634205488,1,5000.0,3
1017.0,SD05,0.03819718634205488,1,5000.0,3
1017.0,LNI204,0.03819718634205488,1,5000.0,3
1017.0,BTK702,0.03819718634205488,1,5000.0,3
1017.0,CTV855,0.03819718634205488,1,5000.0,3
1018.0,SD05,0.03819718634205488,1,5000.0,3
1018.0,LNI204,0.03819718634205488,1,5000.0,3
1018.0,BTK702,0.03819718634205488,1,5000.0,3
1018.0,CTV855,0.03819718634205488,1,5000.0,3
1019.0,SD05,0.03819718634205488,1,5000.0,3
1019.0,LNI204,0.03819718634205488,1,5000.0,3
1019.0,BTK702,0.03819718634205488,1,5000.0,3
1019.0,CTV855,0.03819718634205488,1,5000.0,3
1020.0,SD05,0.03819718634205488,1,5000.0,3
1020.0,LNI204,0.03819718634205488,1,5000.0,3
1020.0,BTK702,0.03819718634205488,1,5000.0,3
1020.0,CTV855,0.03819718634205488,1,5000.0,3
1021.0,SD05,0.03819718634205488,1,5000.0,3
1021.0,LNI204,0.03819718634205488,1,5000.0,3
1021.0,BTK702,0.03819718634205488,1,5000.0,3
1021.0,CTV855,0.03819718634205488,1,5000.0,3
1022.0,SD05,0.03819718634205488,1,5000.0,3
1022.0,LNI204,0.03819718634205488,1,5000.0,3
1022.0,BTK702,0.03819718634205488,1,5000.0,3
1022.0,CTV855,0.03819718634205488,1,5000.0,3
1023.0,SD05,0.03819718634205488,1,5000.0,3
1023.0,LNI204,0.03819718634205488,1,5000.0,3
1023.0,BTK702,0.03819718634205488,1,5000.0,3
1023.0,CTV855,0.03819718634205488,1,5000.0,3
1024.0,SD05,0.03819718634205488,1,5000.0,3
1024.0,LNI204,0.03819718634205488,1,5000.0,3
1024.0,BTK702,0.03819718634205488,1,5000.0,3
1024.0,CTV855,0.03819718634205488,1,5000.0,3
1025.0,SD05,0.03819718634205488,1,5000.0,3
1025.0,LNI204,0.03819718634205488,1,5000.0,3
1025.0,BTK702,0.03819718634205488,1,5000.0,3
1025.0,CTV855,0.03819718634205488,1,5000.0,3
1026.0,SD05,0.03819718634205488,1,5000.0,3
1026.0,LNI204,0.03819718634205488,1,5000.0,3
1026.0,BTK702,0.03819718634205488,1,5000.0,3
1026.0,CTV855,0.03819718634205488,1,5000.0,3
1027.0,SD05,0.03819718634205488,1,5000.0,3
1027.0,LNI204,0.03819718634205488,1,5000.0,3
1027.0,BTK702,0.03819718634205488,1,5000.0,3
1027.0,CTV855,0.03819718634205488,1,5000.0,3
1028.0,SD05,0.03819718634205488,1,5000.0,3
1028.0,LNI204,0.03819718634205488,1,5000.0,3
1028.0,BTK702,0.03819718634205488,1,5000.0,3
1028.0,CTV855,0.03819718634205488,1,5000.0,3
1029.0,SD05,0.03819718634205488,1,5000.0,3
1029.0,LNI204,0.03819718634205488,1,5000.0,3
1029.0,BTK702,0.03819718634205488,1,5000.0,3
1029.0,CTV855,0.03819718634205488,1,5000.0,3
1030.0,SD05,0.03819718634205488,1,5000.0,3
1030.0,LNI204,0.03819718634205488,1,5000.0,3
1030.0,BTK702,0.03819718634205488,1,5000.0,3
1030.0,CTV855,0.03819718634205488,1,5000.0,3
1031.0,SD05,0.03819718634205488,1,5000.0,3
1031.0,LNI204,0.03819718634205488,1,5000.0,3
1031.0,BTK702,0.03819718634205488,1,5000.0,3
1031.0,CTV855,0.03819718634205488,1,5000.0,3
1032.0,SD05,0.03819718634205488,1,5000.0,3
1032.0,LNI204,0.03819718634205488,1,5000.0,3
1032.0,BTK702,0.03819718634205488,1,5000.0,3
1032.0,CTV855,0.03819718634205488,1,5000.0,3
1033.0,SD05,0.03819718634205488,1,5000.0,3
1033.0,LNI204,0.03819718634205488,1,5000.0,3
1033.0,BTK702,0.03819718634205488,1,5000.0,3
1033.0,CTV855,0.03819718634205488,1,5000.0,3
1034.0,SD05,0.03819718634205488,1,5000.0,3
1034.0,LNI204,0.03819718634205488,1,5000.0,3
1034.0,BTK702,0.03819718634205488,1,5000.0,3
1034.0,CTV855,0.03819718634205488,1,5000.0,3
1035.0,SD05,0.03819718634205488,1,5000.0,3
1035.0,LNI204,0.03819718634205488,1,5000.0,3
1035.0,BTK702,0.03819718634205488,1,5000.0,3
1035.0,CTV855,0.03819718634205488,1,5000.0,3
1036.0,SD05,0.03819718634205488,1,5000.0,3
1036.0,LNI204,0.03819718634205488,1,5000.0,3
1036.0,BTK702,0.03819718634205488,1,5000.0,3
1036.0,CTV855,0.03819718634205488,1,5000.0,3
1037.0,SD05,0.03819718634205488,1,5000.0,3
1037.0,LNI204,0.03819718634205488,1,5000.0,3
1037.0,BTK702,0.03819718634205488,1,5000.0,3
1037.0,CTV855,0.03819718634205488,1,5000.0,3
1038.0,SD05,0.03819718634205488,1,5000.0,3
1038.0,LNI204,0.03819718634205488,1,5000.0,3
1038.0,BTK702,0.03819718634205488,1,5000.0,3
1038.0,CTV855,0.03819718634205488,1,5000.0,3
1039.0,SD05,0.03819718634205488,1,5000.0,3
1039.0,LNI204,0.03819718634205488,1,5000.0,3
1039.0,BTK702,0.03819718634205488,1,5000.0,3
1039.0,CTV855,0.03819718634205488,1,5000.0,3
1040.0,SD05,0.03819718634205488,1,5000.0,3
1040.0,LNI204,0.03819718634205488,1,5000.0,3
1040.0,BTK702,0.03819718634205488,1,5000.0,3
1040.0,CTV855,0.03819718634205488,1,5000.0,3
1041.0,SD05,0.03819718634205488,1,5000.0,3
1041.0,LNI204,0.03819718634205488,1,5000.0,3
1041.0,BTK702,0.03819718634205488,1,5000.0,3
1041.0,CTV855,0.03819718634205488,1,5000.0,3
1042.0,SD05,0.03819718634205488,1,5000.0,3
1042.0,LNI204,0.03819718634205488,1,5000.0,3
1042.0,BTK702,0.03819718634205488,1,5000.0,3
1042.0,CTV855,0.03819718634205488,1,5000.0,3
1043.0,SD05,0.03819718634205488,1,5000.0,3
1043.0,LNI204,0.03819718634205488,1,5000.0,3
1043.0,BTK702,0.03819718634205488,1,5000.0,3
1043.0,CTV855,0.03819718634205488,1,5000.0,3
1044.0,SD05,0.03819718634205488,1,5000.0,3
1044.0,LNI204,0.03819718634205488,1,5000.0,3
1044.0,BTK702,0.03819718634205488,1,5000.0,3
1044.0,CTV855,0.03819718634205488,1,5000.0,3
1045.0,SD05,0.03819718634205488,1,5000.0,3
1045.0,LNI204,0.03819718634205488,1,5000.0,3
1045.0,BTK702,0.03819718634205488,1,5000.0,3
1045.0,CTV855,0.03819718634205488,1,5000.0,3
1046.0,SD05,0.03819718634205488,1,5000.0,3
1046.0,LNI204,0.03819718634205488,1,5000.0,3
1046.0,BTK702,0.03819718634205488,1,5000.0,3
1046.0,CTV855,0.03819718634205488,1,5000.0,3
1047.0,SD05,0.03819718634205488,1,5000.0,3
1047.0,LNI204,0.03819718634205488,1,5000.0,3
1047.0,BTK702,0.03819718634205488,1,5000.0,3
1047.0,CTV855,0.03819718634205488,1,5000.0,3
1048.0,SD05,0.03819718634205488,1,5000.0,3
1048.0,LNI204,0.03819718634205488,1,5000.0,3
1048.0,BTK702,0.03819718634205488,1,5000.0,3
1048.0,CTV855,0.03819718634205488,1,5000.0,3
1049.0,SD05,0.03819718634205488,1,5000.0,3
1049.0,LNI204,0.03819718634205488,1,5000.0,3
1049.0,BTK702,0.03819718634205488,1,5000.0,3
1049.0,CTV855,0.03819718634205488,1,5000.0,3
1050.0,SD05,0.03819718634205488,1,5000.0,3
1050.0,LNI204,0.03819718634205488,1,5000.0,3
1050.0,BTK702,0.03819718634205488,1,5000.0,3
1050.0,CTV855,0.03819718634205488,1,5000.0,3
1051.0,SD05,0.03819718634205488,1,5000.0,3
1051.0,LNI204,0.03819718634205488,1,5000.0,3
1051.0,BTK702,0.03819718634205488,1,5000.0,3
1051.0,CTV855,0.03819718634205488,1,5000.0,3
1052.0,SD05,0.03819718634205488,1,5000.0,3
1052.0,LNI204,0.03819718634205488,1,5000.0,3
1052.0,BTK702,0.03819718634205488,1,5000.0,3
1052.0,CTV855,0.03819718634205488,1,5000.0,3
1053.0,SD05,0.03819718634205488,1,5000.0,3
1053.0,LNI204,0.03819718634205488,1,5000.0,3
1053.0,BTK702,0.03819718634205488,1,5000.0,3
1053.0,CTV855,0.03819718634205488,1,5000.0,3
1054.0,SD05,0.03819718634205488,1,5000.0,3
1054.0,LNI204,0.03819718634205488,1,5000.0,3
1054.0,BTK702,0.03819718634205488,1,5000.0,3
1054.0,CTV855,0.03819718634205488,1,5000.0,3
1055.0,SD05,0.03819718634205488,1,5000.0,3
1055.0,LNI204,0.03819718634205488,1,5000.0,3
1055.0,BTK702,0.03819718634205488,1,5000.0,3
1055.0,CTV855,0.03819718634205488,1,5000.0,3
1056.0,SD05,0.03819718634205488,1,5000.0,3
1056.0,LNI204,0.03819718634205488,1,5000.0,3
1056.0,BTK702,0.03819718634205488,1,5000.0,3
1056.0,CTV855,0.03819718634205488,1,5000.0,3
1057.0,SD05,0.03819718634205488,1,5000.0,3
1057.0,LNI204,0.03819718634205488,1,5000.0,3
1057.0,BTK702,0.03819718634205488,1,5000.0,3
1057.0,CTV855,0.03819718634205488,1,5000.0,3
1058.0,SD05,0.03819718634205488,1,5000.0,3
1058.0,LNI204,0.03819718634205488,1,5000.0,3
1058.0,BTK702,0.03819718634205488,1,5000.0,3
1058.0,CTV855,0.03819718634205488,1,5000.0,3
1059.0,SD05,0.03819718634205488,1,5000.0,3
1059.0,LNI204,0.03819718634205488,1,5000.0,3
1059.0,BTK702,0.03819718634205488,1,5000.0,3
1059.0,CTV855,0.03819718634205488,1,5000.0,3
1060.0,SD05,0.03819718634205488,1,5000.0,3
1060.0,LNI204,0.03819718634205488,1,5000.0,3
1060.0,BTK702,0.03819718634205488,1,5000.0,3
1060.0,CTV855,0.03819718634205488,1,5000.0,3
1061.0,SD05,0.03819718634205488,1,5000.0,3
1061.0,LNI204,0.03819718634205488,1,5000.0,3
1061.0,BTK702,0.03819718634205488,1,5000.0,3
1061.0,CTV855,0.03819718634205488,1,5000.0,3
1062.0,SD05,0.03819718634205488,1,5000.0,3
1062.0,LNI204,0.03819718634205488,1,5000.0,3
1062.0,BTK702,0.03819718634205488,1,5000.0,3
1062.0,CTV855,0.03819718634205488,1,5000.0,3
1063.0,SD05,0.03819718634205488,1,5000.0,3
1063.0,LNI204,0.03819718634205488,1,5000.0,3
1063.0,BTK702,0.03819718634205488,1,5000.0,3
1063.0,CTV855,0.03819718634205488,1,5000.0,3
1064.0,SD05,0.03819718634205488,1,5000.0,3
1064.0,LNI204,0.03819718634205488,1,5000.0,3
1064.0,BTK702,0.03819718634205488,1,5000.0,3
1064.0,CTV855,0.03819718634205488,1,5000.0,3
1065.0,SD05,0.03819718634205488,1,5000.0,3
1065.0,LNI204,0.03819718634205488,1,5000.0,3
1065.0,BTK702,0.03819718634205488,1,5000.0,3
1065.0,CTV855,0.03819718634205488,1,5000.0,3
1066.0,SD05,0.03819718634205488,1,5000.0,3
1066.0,LNI204,0.03819718634205488,1,5000.0,3
1066.0,BTK702,0.03819718634205488,1,5000.0,3
1066.0,CTV855,0.03819718634205488,1,5000.0,3
1067.0,SD05,0.03819718634205488,1,5000.0,3
1067.0,LNI204,0.03819718634205488,1,5000.0,3
1067.0,BTK702,0.03819718634205488,1,5000.0,3
1067.0,CTV855,0.03819718634205488,1,5000.0,3
1068.0,SD05,0.03819718634205488,1,5000.0,3
1068.0,LNI204,0.03819718634205488,1,5000.0,3
1068.0,BTK702,0.03819718634205488,1,5000.0,3
1068.0,CTV855,0.03819718634205488,1,5000.0,3
1069.0,SD05,0.03819718634205488,1,5000.0,3
1069.0,LNI204,0.03819718634205488,1,5000.0,3
1069.0,BTK702,0.03819718634205488,1,5000.0,3
1069.0,CTV855,0.03819718634205488,1,5000.0,3
1070.0,SD05,0.03819718634205488,1,5000.0,3
1070.0,LNI204,0.03819718634205488,1,5000.0,3
1070.0,BTK702,0.03819718634205488,1,5000.0,3
1070.0,CTV855,0.03819718634205488,1,5000.0,3
1071.0,SD05,0.03819718634205488,1,5000.0,3
1071.0,LNI204,0.03819718634205488,1,5000.0,3
1071.0,BTK702,0.03819718634205488,1,5000.0,3
1071.0,CTV855,0.03819718634205488,1,5000.0,3
1072.0,SD05,0.03819718634205488,1,5000.0,3
1072.0,LNI204,0.03819718634205488,1,5000.0,3
1072.0,BTK702,0.03819718634205488,1,5000.0,3
1072.0,CTV855,0.03819718634205488,1,5000.0,3
1073.0,SD05,0.03819718634205488,1,5000.0,3
1073.0,LNI204,0.03819718634205488,1,5000.0,3
1073.0,BTK702,0.03819718634205488,1,5000.0,3
1073.0,CTV855,0.03819718634205488,1,5000.0,3
1074.0,SD05,0.03819718634205488,1,5000.0,3
1074.0,LNI204,0.03819718634205488,1,5000.0,3
1074.0,BTK702,0.03819718634205488,1,5000.0,3
1074.0,CTV855,0.03819718634205488,1,5000.0,3
1075.0,SD05,0.03819718634205488,1,5000.0,3
1075.0,LNI204,0.03819718634205488,1,5000.0,3
1075.0,BTK702,0.03819718634205488,1,5000.0,3
1075.0,CTV855,0.03819718634205488,1,5000.0,3
1076.0,SD05,0.03819718634205488,1,5000.0,3
1076.0,LNI204,0.03819718634205488,1,5000.0,3
1076.0,BTK702,0.03819718634205488,1,5000.0,3
1076.0,CTV855,0.03819718634205488,1,5000.0,3
1077.0,SD05,0.03819718634205488,1,5000.0,3
1077.0,LNI204,0.03819718634205488,1,5000.0,3
1077.0,BTK702,0.03819718634205488,1,5000.0,3
1077.0,CTV855,0.03819718634205488,1,5000.0,3
1078.0,SD05,0.03819718634205488,1,5000.0,3
1078.0,LNI204,0.03819718634205488,1,5000.0,3
1078.0,BTK702,0.03819718634205488,1,5000.0,3
1078.0,CTV855,0.03819718634205488,1,5000.0,3
1079.0,SD05,0.03819718634205488,1,5000.0,3
1079.0,LNI204,0.03819718634205488,1,5000.0,3
1079.0,BTK702,0.03819718634205488,1,5000.0,3
1079.0,CTV855,0.03819718634205488,1,5000.0,3
1080.0,SD05,0.03819718634205488,1,5000.0,3
1080.0,LNI204,0.03819718634205488,1,5000.0,3
1080.0,BTK702,0.03819718634205488,1,5000.0,3
1080.0,CTV855,0.03819718634205488,1,5000.0,3
1081.0,SD05,0.03819718634205488,1,5000.0,3
1081.0,LNI204,0.03819718634205488,1,5000.0,3
1081.0,BTK702,0.03819718634205488,1,5000.0,3
1081.0,CTV855,0.03819718634205488,1,5000.0,3
1082.0,SD05,0.03819718634205488,1,5000.0,3
1082.0,LNI204,0.03819718634205488,1,5000.0,3
1082.0,BTK702,0.03819718634205488,1,5000.0,3
1082.0,CTV855,0.03819718634205488,1,5000.0,3
1083.0,SD05,0.03819718634205488,1,5000.0,3
1083.0,LNI204,0.03819718634205488,1,5000.0,3
1083.0,BTK702,0.03819718634205488,1,5000.0,3
1083.0,CTV855,0.03819718634205488,1,5000.0,3
1084.0,SD05,0.03819718634205488,1,5000.0,3
1084.0,LNI204,0.03819718634205488,1,5000.0,3
1084.0,BTK702,0.03819718634205488,1,5000.0,3
1084.0,CTV855,0.03819718634205488,1,5000.0,3
1085.0,SD05,0.03819718634205488,1,5000.0,3
1085.0,LNI204,0.03819718634205488,1,5000.0,3
1085.0,BTK702,0.03819718634205488,1,5000.0,3
1085.0,CTV855,0.03819718634205488,1,5000.0,3
1086.0,SD05,0.03819718634205488,1,5000.0,3
1086.0,LNI204,0.03819718634205488,1,5000.0,3
1086.0,BTK702,0.03819718634205488,1,5000.0,3
1086.0,CTV855,0.03819718634205488,1,5000.0,3
1087.0,SD05,0.03819718634205488,1,5000.0,3
1087.0,LNI204,0.03819718634205488,1,5000.0,3
1087.0,BTK702,0.03819718634205488,1,5000.0,3
1087.0,CTV855,0.03819718634205488,1,5000.0,3
1088.0,SD05,0.03819718634205488,1,5000.0,3
1088.0,LNI204,0.03819718634205488,1,5000.0,3
1088.0,BTK702,0.03819718634205488,1,5000.0,3
1088.0,CTV855,0.03819718634205488,1,5000.0,3
1089.0,SD05,0.03819718634205488,1,5000.0,3
1089.0,LNI204,0.03819718634205488,1,5000.0,3
1089.0,BTK702,0.03819718634205488,1,5000.0,3
1089.0,CTV855,0.03819718634205488,1,5000.0,3
1090.0,SD05,0.03819718634205488,1,5000.0,3
1090.0,LNI204,0.03819718634205488,1,5000.0,3
1090.0,BTK702,0.03819718634205488,1,5000.0,3
1090.0,CTV855,0.03819718634205488,1,5000.0,3
1091.0,SD05,0.03819718634205488,1,5000.0,3
1091.0,LNI204,0.03819718634205488,1,5000.0,3
1091.0,BTK702,0.03819718634205488,1,5000.0,3
1091.0,CTV855,0.03819718634205488,1,5000.0,3
1092.0,SD05,0.03819718634205488,1,5000.0,3
1092.0,LNI204,0.03819718634205488,1,5000.0,3
1092.0,BTK702,0.03819718634205488,1,5000.0,3
1092.0,CTV855,0.03819718634205488,1,5000.0,3
1093.0,SD05,0.03819718634205488,1,5000.0,3
1093.0,LNI204,0.03819718634205488,1,5000.0,3
1093.0,BTK702,0.03819718634205488,1,5000.0,3
1093.0,CTV855,0.03819718634205488,1,5000.0,3
1094.0,SD05,0.03819718634205488,1,5000.0,3
1094.0,LNI204,0.03819718634205488,1,5000.0,3
1094.0,BTK702,0.03819718634205488,1,5000.0,3
1094.0,CTV855,0.03819718634205488,1,5000.0,3
1095.0,SD05,0.03819718634205488,1,5000.0,3
1095.0,LNI204,0.03819718634205488,1,5000.0,3
1095.0,BTK702,0.03819718634205488,1,5000.0,3
1095.0,CTV855,0.03819718634205488,1,5000.0,3
1096.0,SD05,0.03819718634205488,1,5000.0,3
1096.0,LNI204,0.03819718634205488,1,5000.0,3
1096.0,BTK702,0.03819718634205488,1,5000.0,3
1096.0,CTV855,0.03819718634205488,1,5000.0,3
1097.0,SD05,0.03819718634205488,1,5000.0,3
1097.0,LNI204,0.03819718634205488,1,5000.0,3
1097.0,BTK702,0.03819718634205488,1,5000.0,3
1097.0,CTV855,0.03819718634205488,1,5000.0,3
1098.0,SD05,0.03819718634205488,1,5000.0,3
1098.0,LNI204,0.03819718634205488,1,5000.0,3
1098.0,BTK702,0.03819718634205488,1,5000.0,3
1098.0,CTV855,0.03819718634205488,1,5000.0,3
1099.0,SD05,0.03819718634205488,1,5000.0,3
1099.0,LNI204,0.03819718634205488,1,5000.0,3
1099.0,BTK702,0.03819718634205488,1,5000.0,3
1099.0,CTV855,0.03819718634205488,1,5000.0,3
1100.0,SD05,0.03819718634205488,1,5000.0,3
1100.0,LNI204,0.03819718634205488,1,5000.0,3
1100.0,BTK702,0.03819718634205488,1,5000.0,3
1100.0,CTV855,0.03819718634205488,1,5000.0,3
1101.0,SD05,0.03819718634205488,1,5000.0,3
1101.0,LNI204,0.03819718634205488,1,5000.0,3
1101.0,BTK702,0.03819718634205488,1,5000.0,3
1101.0,CTV855,0.03819718634205488,1,5000.0,3
1102.0,SD05,0.03819718634205488,1,5000.0,3
1102.0,LNI204,0.03819718634205488,1,5000.0,3
1102.0,BTK702,0.03819718634205488,1,5000.0,3
1102.0,CTV855,0.03819718634205488,1,5000.0,3
1103.0,SD05,0.03819718634205488,1,5000.0,3
1103.0,LNI204,0.03819718634205488,1,5000.0,3
1103.0,BTK702,0.03819718634205488,1,5000.0,3
1103.0,CTV855,0.03819718634205488,1,5000.0,3
1104.0,SD05,0.03819718634205488,1,5000.0,3
1104.0,LNI204,0.03819718634205488,1,5000.0,3
1104.0,BTK702,0.03819718634205488,1,5000.0,3
1104.0,CTV855,0.03819718634205488,1,5000.0,3
1105.0,SD05,0.03819718634205488,1,5000.0,3
1105.0,LNI204,0.03819718634205488,1,5000.0,3
1105.0,BTK702,0.03819718634205488,1,5000.0,3
1105.0,CTV855,0.03819718634205488,1,5000.0,3
1106.0,SD05,0.03819718634205488,1,5000.0,3
1106.0,LNI204,0.03819718634205488,1,5000.0,3
1106.0,BTK702,0.03819718634205488,1,5000.0,3
1106.0,CTV855,0.03819718634205488,1,5000.0,3
1107.0,SD05,0.03819718634205488,1,5000.0,3
1107.0,LNI204,0.03819718634205488,1,5000.0,3
1107.0,BTK702,0.03819718634205488,1,5000.0,3
1107.0,CTV855,0.03819718634205488,1,5000.0,3
1108.0,SD05,0.03819718634205488,1,5000.0,3
1108.0,LNI204,0.03819718634205488,1,5000.0,3
1108.0,BTK702,0.03819718634205488,1,5000.0,3
1108.0,CTV855,0.03819718634205488,1,5000.0,3
