t_sec,lat,lon,alt_m,hdg_deg,spd_mps,grc,arc_label,arc,arc_rule
0.08923006057739258,-6.142455101013184,106.64386749267578,11.914401054382324,68.24588775634766,0.001097287517040968,5,ARC-c,2,Inside Soetta (Class A) → ARC-c
0.793926477432251,-6.142455101013184,106.64386749267578,11.914562225341797,68.24540710449219,4.162210098002106e-05,5,ARC-c,2,Inside Soetta (Class A) → ARC-c
1.4854116439819336,-6.142455101013184,106.64386749267578,11.914565086364746,68.24559020996094,4.267186523065902e-05,5,ARC-c,2,Inside Soetta (Class A) → ARC-c
2.173304796218872,-6.142455101013184,106.64386749267578,11.91458797454834,68.24559020996094,2.2076610548538156e-05,5,ARC-c,2,Inside Soetta (Class A) → ARC-c
2.833002805709839,-6.142455101013184,106.64386749267578,11.914603233337402,68.24559020996094,7.248110341606662e-05,5,ARC-c,2,Inside Soetta (Class A) → ARC-c
4.114294528961182,-6.142455101013184,106.64386749267578,11.914633750915527,68.2455825805664,2.9461658414220437e-05,5,ARC-c,2,Inside Soetta (Class A) → ARC-c
4.857962608337402,-6.142455101013184,106.64386749267578,11.914650917053223,68.2455825805664,7.149484008550644e-05,5,ARC-c,2,Inside Soetta (Class A) → ARC-c
5.535888910293579,-6.142455101013184,106.64386749267578,11.914661407470703,68.24557495117188,4.0140475903172046e-05,5,ARC-c,2,Inside Soetta (Class A) → ARC-c
6.231030702590942,-6.142455101013184,106.64386749267578,11.914681434631348,68.24557495117188,1.4796219147683587e-05,5,ARC-c,2,Inside Soetta (Class A) → ARC-c
6.913538694381714,-6.142455101013184,106.64386749267578,11.914697647094727,68.24557495117188,6.642708467552438e-05,5,ARC-c,2,Inside Soetta (Class A) → ARC-c
7.762470722198486,-6.142455101013184,106.64386749267578,11.914714813232422,68.24556732177734,8.127900218823925e-05,5,ARC-c,2,Inside Soetta (Class A) → ARC-c
8.423937320709229,-6.142455101013184,106.64386749267578,11.914729118347168,68.24557495117188,3.604634457587963e-06,5,ARC-c,2,Inside Soetta (Class A) → ARC-c
9.112996816635132,-6.142455101013184,106.64386749267578,11.914749145507812,68.2455825805664,3.510266833472997e-05,5,ARC-c,2,Inside Soetta (Class A) → ARC-c
9.790808916091919,-6.142455101013184,106.64386749267578,11.914762496948242,68.2455825805664,8.019358938327059e-05,5,ARC-c,2,Inside Soetta (Class A) → ARC-c
10.598183631896973,-6.142455101013184,106.64386749267578,11.914779663085938,68.24565124511719,5.543088263948448e-05,5,ARC-c,2,Inside Soetta (Class A) → ARC-c
11.311885118484497,-6.142455101013184,106.64386749267578,11.914798736572266,68.24565124511719,5.463983143272344e-06,5,ARC-c,2,Inside Soetta (Class A) → ARC-c
11.980006456375122,-6.142455101013184,106.64386749267578,11.914815902709961,68.24565124511719,5.6690809287829325e-05,5,ARC-c,2,Inside Soetta (Class A) → ARC-c
12.640008211135864,-6.142455101013184,106.64386749267578,11.914827346801758,68.24565124511719,6.640223728027195e-05,5,ARC-c,2,Inside Soetta (Class A) → ARC-c
13.30208420753479,-6.142455101013184,106.64386749267578,11.914844512939453,68.24564361572266,7.903146070020739e-06,5,ARC-c,2,Inside Soetta (Class A) → ARC-c
13.963356018066406,-6.142455101013184,106.64386749267578,11.914861679077148,68.24564361572266,6.0678754380205646e-05,5,ARC-c,2,Inside Soetta (Class A) → ARC-c
14.61501669883728,-6.142455101013184,106.64386749267578,11.914872169494629,68.24564361572266,5.443445115815848e-05,5,ARC-c,2,Inside Soetta (Class A) → ARC-c
15.281818866729736,-6.142455101013184,106.64386749267578,11.914891242980957,68.24563598632812,1.0565689080976881e-05,5,ARC-c,2,Inside Soetta (Class A) → ARC-c
15.953922748565674,-6.142455101013184,106.64386749267578,11.914907455444336,68.24563598632812,6.370468327077106e-05,5,ARC-c,2,Inside Soetta (Class A) → ARC-c
16.83028769493103,-6.142455101013184,106.64386749267578,11.914925575256348,68.24563598632812,7.879848271841183e-05,5,ARC-c,2,Inside Soetta (Class A) → ARC-c
17.655842065811157,-6.142455101013184,106.64386749267578,11.914942741394043,68.2456283569336,6.138484604889527e-05,5,ARC-c,2,Inside Soetta (Class A) → ARC-c
18.330095529556274,-6.142455101013184,106.64386749267578,11.914960861206055,68.2456283569336,7.755074875603896e-06,5,ARC-c,2,Inside Soetta (Class A) → ARC-c
19.020716428756714,-6.142455101013184,106.64386749267578,11.914978981018066,68.24565124511719,5.661909744958393e-05,5,ARC-c,2,Inside Soetta (Class A) → ARC-c
19.674962759017944,-6.142455101013184,106.64386749267578,11.914989471435547,68.24565124511719,6.240473157959059e-05,5,ARC-c,2,Inside Soetta (Class A) → ARC-c
20.34577226638794,-6.142453670501709,106.64386749267578,11.876212120056152,68.24663543701172,2.0655720233917236,5,ARC-c,2,Inside Soetta (Class A) → ARC-c
21.007803440093994,-6.142446994781494,106.64389038085938,11.87468147277832,68.25045013427734,4.513057231903076,5,ARC-c,2,Inside Soetta (Class A) → ARC-c
21.657660484313965,-6.142435073852539,106.6439208984375,11.874244689941406,68.19388580322266,6.890110969543457,5,ARC-c,2,Inside Soetta (Class A) → ARC-c
22.317039489746094,-6.1424174308776855,106.64395904541016,11.868476867675781,68.06804656982422,9.281826972961426,5,ARC-c,2,Inside Soetta (Class A) → ARC-c
23.148026943206787,-6.142388343811035,106.64403533935547,11.868133544921875,67.83477020263672,12.273776054382324,5,ARC-c,2,Inside Soetta (Class A) → ARC-c
23.795793533325195,-6.142359256744385,106.64411163330078,11.871609687805176,67.59877014160156,14.585763931274414,5,ARC-c,2,Inside Soetta (Class A) → ARC-c
24.60433840751648,-6.142314910888672,106.64421844482422,11.868892669677734,67.24703979492188,17.43208885192871,5,ARC-c,2,Inside Soetta (Class A) → ARC-c
25.250777006149292,-6.142273426055908,106.64431762695312,11.87197494506836,66.98912048339844,19.687255859375,5,ARC-c,2,Inside Soetta (Class A) → ARC-c
26.106736660003662,-6.142211437225342,106.64446258544922,11.862868309020996,68.0173568725586,22.622005462646484,5,ARC-c,2,Inside Soetta (Class A) → ARC-c
26.914467096328735,-6.142147541046143,106.64462280273438,11.862669944763184,68.68099975585938,25.344791412353516,5,ARC-c,2,Inside Soetta (Class A) → ARC-c
27.75182580947876,-6.1420745849609375,106.64481353759766,11.862166404724121,69.03539276123047,28.124370574951172,5,ARC-c,2,Inside Soetta (Class A) → ARC-c
28.566994428634644,-6.141998291015625,106.64501190185547,11.863527297973633,69.08585357666016,30.78668785095215,5,ARC-c,2,Inside Soetta (Class A) → ARC-c
29.391720294952393,-6.141912937164307,106.6452407836914,11.858540534973145,68.98068237304688,33.435028076171875,5,ARC-c,2,Inside Soetta (Class A) → ARC-c
30.20483946800232,-6.141822338104248,106.64547729492188,11.860194206237793,68.2474594116211,35.997230529785156,5,ARC-c,2,Inside Soetta (Class A) → ARC-c
31.027689218521118,-6.141719341278076,106.64573669433594,11.865534782409668,67.86646270751953,38.529388427734375,5,ARC-c,2,Inside Soetta (Class A) → ARC-c
31.892996549606323,-6.141604900360107,106.6460189819336,11.85506534576416,67.73360443115234,41.14118957519531,5,ARC-c,2,Inside Soetta (Class A) → ARC-c
32.718775272369385,-6.141486644744873,106.64630889892578,11.85470199584961,67.70230102539062,43.56925964355469,5,ARC-c,2,Inside Soetta (Class A) → ARC-c
33.529770374298096,-6.141363620758057,106.64661407470703,11.858596801757812,67.82545471191406,45.898597717285156,5,ARC-c,2,Inside Soetta (Class A) → ARC-c
34.19683027267456,-6.141258716583252,106.6468734741211,11.862664222717285,67.94751739501953,47.77446365356445,5,ARC-c,2,Inside Soetta (Class A) → ARC-c
35.0226526260376,-6.141122341156006,106.64720916748047,11.849867820739746,68.02961730957031,50.05221939086914,5,ARC-c,2,Inside Soetta (Class A) → ARC-c
35.84813165664673,-6.140981197357178,106.64756774902344,11.852714538574219,68.0137939453125,52.27408981323242,5,ARC-c,2,Inside Soetta (Class A) → ARC-c
36.665597677230835,-6.140836238861084,106.6479263305664,11.859480857849121,67.96697235107422,54.424720764160156,5,ARC-c,2,Inside Soetta (Class A) → ARC-c
37.4997820854187,-6.140681266784668,106.6483154296875,11.852221488952637,67.98606872558594,56.55606460571289,3,ARC-c,2,Inside Soetta (Class A) → ARC-c
38.33172535896301,-6.140520095825195,106.64871215820312,11.860966682434082,68.09112548828125,58.66072082519531,3,ARC-c,2,Inside Soetta (Class A) → ARC-c
39.198920249938965,-6.140347003936768,106.6491470336914,11.884112358093262,68.14569091796875,60.878440856933594,3,ARC-c,2,Inside Soetta (Class A) → ARC-c
39.84904503822327,-6.1402130126953125,106.64948272705078,11.902623176574707,68.20758056640625,62.55046081542969,5,ARC-c,2,Inside Soetta (Class A) → ARC-c
40.53980231285095,-6.140066623687744,106.64985656738281,11.911142349243164,68.28608703613281,64.31576538085938,5,ARC-c,2,Inside Soetta (Class A) → ARC-c
41.382126331329346,-6.139883518218994,106.65031433105469,11.945579528808594,68.36302185058594,66.4151382446289,5,ARC-c,2,Inside Soetta (Class A) → ARC-c
42.23009967803955,-6.139694690704346,106.65079498291016,12.036724090576172,68.5108642578125,68.53288269042969,4,ARC-c,2,Inside Soetta (Class A) → ARC-c
43.04840278625488,-6.13950777053833,106.65127563476562,12.063919067382812,69.01213073730469,70.52320098876953,5,ARC-c,2,Inside Soetta (Class A) → ARC-c
43.850813150405884,-6.139320373535156,106.6517562866211,13.374404907226562,68.83326721191406,72.18191528320312,5,ARC-c,2,Inside Soetta (Class A) → ARC-c
44.67980456352234,-6.139124870300293,106.65226745605469,16.332202911376953,69.0390396118164,73.69659423828125,3,ARC-c,2,Inside Soetta (Class A) → ARC-c
45.467779874801636,-6.138936519622803,106.65276336669922,19.574129104614258,71.53890228271484,75.0027084350586,3,ARC-c,2,Inside Soetta (Class A) → ARC-c
46.11254382133484,-6.138785362243652,106.65316772460938,23.21630096435547,84.25146484375,75.44932556152344,3,ARC-c,2,Inside Soetta (Class A) → ARC-c
46.94865417480469,-6.138624668121338,106.6537094116211,31.213106155395508,91.21986389160156,74.82159423828125,3,ARC-c,2,Inside Soetta (Class A) → ARC-c
47.749760389328,-6.138537883758545,106.65423583984375,41.4581184387207,97.3465347290039,74.15655517578125,3,ARC-c,2,Inside Soetta (Class A) → ARC-c
48.573423862457275,-6.138526916503906,106.65476989746094,52.23981475830078,105.13152313232422,73.74671173095703,3,ARC-c,2,Inside Soetta (Class A) → ARC-c
49.2296187877655,-6.138578414916992,106.65519714355469,59.27631378173828,110.04309844970703,73.78524017333984,3,ARC-c,2,Inside Soetta (Class A) → ARC-c
49.89878821372986,-6.138671875,106.6556396484375,63.9177131652832,114.09142303466797,74.45393371582031,3,ARC-c,2,Inside Soetta (Class A) → ARC-c
50.72306299209595,-6.138823986053467,106.65617370605469,67.08940887451172,107.16353607177734,76.20045471191406,3,ARC-c,2,Inside Soetta (Class A) → ARC-c
51.37356376647949,-6.13895320892334,106.65660858154297,67.50088500976562,109.33525848388672,77.89572143554688,3,ARC-c,2,Inside Soetta (Class A) → ARC-c
52.21675992012024,-6.1391282081604,106.65717315673828,67.13544464111328,111.00894165039062,80.0650405883789,3,ARC-c,2,Inside Soetta (Class A) → ARC-c
52.90490984916687,-6.139280319213867,106.65765380859375,66.71829986572266,110.50775146484375,81.82455444335938,3,ARC-c,2,Inside Soetta (Class A) → ARC-c
53.766918420791626,-6.139477729797363,106.65825653076172,66.40437316894531,112.47035217285156,83.92230987548828,3,ARC-c,2,Inside Soetta (Class A) → ARC-c
54.6701123714447,-6.139700889587402,106.65892028808594,67.50114440917969,115.13648223876953,85.73644256591797,3,ARC-c,2,Inside Soetta (Class A) → ARC-c
55.51571559906006,-6.139927387237549,106.65953063964844,70.48564910888672,116.35881042480469,87.16498565673828,3,ARC-c,2,Inside Soetta (Class A) → ARC-c
56.21603322029114,-6.140131950378418,106.66004943847656,74.52859497070312,117.78536224365234,88.1727523803711,3,ARC-c,2,Inside Soetta (Class A) → ARC-c
57.122870206832886,-6.140423774719238,106.66071319580078,81.63587951660156,118.35401916503906,89.35997772216797,6,ARC-c,2,Inside Soetta (Class A) → ARC-c
57.78769326210022,-6.140650272369385,106.66119384765625,87.06578826904297,119.32611846923828,90.27787780761719,7,ARC-c,2,Inside Soetta (Class A) → ARC-c
58.621726989746094,-6.140958309173584,106.66179656982422,93.61566925048828,121.16742706298828,91.44425201416016,7,ARC-c,2,Inside Soetta (Class A) → ARC-c
59.44998359680176,-6.141293048858643,106.66239929199219,100.11836242675781,123.28617858886719,92.5921859741211,6,ARC-c,2,Inside Soetta (Class A) → ARC-c
60.28222060203552,-6.141654968261719,106.66299438476562,106.75910186767578,124.4178695678711,93.74796295166016,5,ARC-c,2,Inside Soetta (Class A) → ARC-c
61.115708112716675,-6.142040729522705,106.6635971069336,110.3494644165039,122.98861694335938,95.33161926269531,3,ARC-c,2,Inside Soetta (Class A) → ARC-c
61.948678970336914,-6.142435550689697,106.66419982910156,111.15156555175781,123.77033996582031,97.14130401611328,6,ARC-c,2,Inside Soetta (Class A) → ARC-c
62.76472806930542,-6.142837047576904,106.66480255126953,111.31126403808594,123.9626693725586,98.9132308959961,7,ARC-c,2,Inside Soetta (Class A) → ARC-c
63.58172106742859,-6.14324426651001,106.66541290283203,112.37041473388672,123.66350555419922,100.54301452636719,7,ARC-c,2,Inside Soetta (Class A) → ARC-c
64.40066599845886,-6.143652439117432,106.66603088378906,114.85199737548828,123.01509094238281,101.9976577758789,7,ARC-c,2,Inside Soetta (Class A) → ARC-c
65.2818341255188,-6.14408016204834,106.66670989990234,119.33283233642578,122.50641632080078,103.3569107055664,7,ARC-c,2,Inside Soetta (Class A) → ARC-c
65.95658683776855,-6.144418239593506,106.66725158691406,124.0660629272461,122.38275909423828,104.2779769897461,7,ARC-c,2,Inside Soetta (Class A) → ARC-c
66.78556728363037,-6.1448259353637695,106.66791534423828,130.3387908935547,122.16783142089844,105.36919403076172,7,ARC-c,2,Inside Soetta (Class A) → ARC-c
67.46286511421204,-6.145161151885986,106.66846466064453,135.2354278564453,122.62603759765625,106.26153564453125,7,ARC-c,2,Inside Soetta (Class A) → ARC-c
68.1637933254242,-6.145516395568848,106.66903686523438,140.14291381835938,123.13058471679688,107.1922607421875,7,ARC-c,2,Inside Soetta (Class A) → ARC-c
68.97876954078674,-6.145935535430908,106.66970825195312,145.35667419433594,123.91798400878906,108.27989959716797,7,ARC-c,2,Inside Soetta (Class A) → ARC-c
69.82777976989746,-6.146385192871094,106.67041015625,150.55856323242188,124.45945739746094,109.42516326904297,7,ARC-c,2,Inside Soetta (Class A) → ARC-c
70.65762424468994,-6.146836757659912,106.67109680175781,153.62110900878906,123.86394500732422,110.73784637451172,7,ARC-c,2,Inside Soetta (Class A) → ARC-c
71.47147631645203,-6.147293567657471,106.67178344726562,155.39964294433594,124.0200424194336,112.09725952148438,7,ARC-c,2,Inside Soetta (Class A) → ARC-c
72.30663514137268,-6.147769451141357,106.6724853515625,156.677001953125,124.34200286865234,113.50961303710938,7,ARC-c,2,Inside Soetta (Class A) → ARC-c
73.14965629577637,-6.14825439453125,106.6731948852539,157.55458068847656,124.55943298339844,114.94136810302734,7,ARC-c,2,Inside Soetta (Class A) → ARC-c
74.04289174079895,-6.148788928985596,106.67396545410156,157.614501953125,124.78961181640625,116.4925765991211,6,ARC-c,2,Inside Soetta (Class A) → ARC-c
74.89669704437256,-6.149306297302246,106.6747055053711,157.9023895263672,124.93575286865234,117.91327667236328,7,ARC-c,2,Inside Soetta (Class A) → ARC-c
75.70280838012695,-6.149805068969727,106.67542266845703,158.64634704589844,125.03026580810547,119.18767547607422,7,ARC-c,2,Inside Soetta (Class A) → ARC-c
76.5506660938263,-6.1503214836120605,106.67616271972656,160.0985565185547,125.05583953857422,120.42560577392578,7,ARC-c,2,Inside Soetta (Class A) → ARC-c
77.4408233165741,-6.150885105133057,106.67696380615234,162.38027954101562,125.06712341308594,121.6534423828125,7,ARC-c,2,Inside Soetta (Class A) → ARC-c
78.29921412467957,-6.151427745819092,106.67774200439453,165.01217651367188,125.0426025390625,122.77398681640625,7,ARC-c,2,Inside Soetta (Class A) → ARC-c
79.11437344551086,-6.1519455909729,106.67848205566406,167.19029235839844,124.95472717285156,123.84540557861328,7,ARC-c,2,Inside Soetta (Class A) → ARC-c
79.76867151260376,-6.152365207672119,106.67908477783203,169.35458374023438,124.83445739746094,124.64469909667969,6,ARC-c,2,Inside Soetta (Class A) → ARC-c
80.58409261703491,-6.15288782119751,106.67984008789062,172.15773010253906,124.57890319824219,125.60494995117188,7,ARC-c,2,Inside Soetta (Class A) → ARC-c
81.2494490146637,-6.153308868408203,106.68046569824219,175.94654846191406,124.73631286621094,126.24505615234375,7,ARC-c,2,Inside Soetta (Class A) → ARC-c
82.11574840545654,-6.1538591384887695,106.6812744140625,182.20069885253906,125.84793853759766,126.94747161865234,7,ARC-c,2,Inside Soetta (Class A) → ARC-c
82.92880272865295,-6.154392719268799,106.68204498291016,188.59986877441406,126.30906677246094,127.56330871582031,7,ARC-c,2,Inside Soetta (Class A) → ARC-c
83.73270010948181,-6.1549296379089355,106.68280029296875,193.83860778808594,126.5379638671875,128.24996948242188,7,ARC-c,2,500 ft < OPS < FL600 in Uncontrolled Airspace → ARC-c
84.36308121681213,-6.155361652374268,106.68340301513672,197.36972045898438,126.48812866210938,128.83509826660156,7,ARC-c,2,500 ft < OPS < FL600 in Uncontrolled Airspace → ARC-c
85.24563598632812,-6.155961513519287,106.6842269897461,201.0275421142578,126.55338287353516,129.75091552734375,7,ARC-c,2,500 ft < OPS < FL600 in Uncontrolled Airspace → ARC-c
86.03776097297668,-6.156514644622803,106.68497467041016,202.46005249023438,126.75199127197266,130.69102478027344,6,ARC-c,2,500 ft < OPS < FL600 in Uncontrolled Airspace → ARC-c
86.91000032424927,-6.15712833404541,106.68579864501953,202.7717742919922,127.0141372680664,131.7875518798828,7,ARC-c,2,500 ft < OPS < FL600 in Uncontrolled Airspace → ARC-c
87.71175265312195,-6.1577043533325195,106.68656158447266,202.75660705566406,127.19085693359375,132.79183959960938,7,ARC-c,2,500 ft < OPS < FL600 in Uncontrolled Airspace → ARC-c
88.51654958724976,-6.158287048339844,106.68733978271484,201.20399475097656,127.25534057617188,133.8920440673828,7,ARC-c,2,500 ft < OPS < FL600 in Uncontrolled Airspace → ARC-c
89.33563137054443,-6.158886432647705,106.6881332397461,199.4907684326172,127.16968536376953,134.97630310058594,7,ARC-c,2,500 ft < OPS < FL600 in Uncontrolled Airspace → ARC-c
89.99683666229248,-6.159363269805908,106.68876647949219,198.72080993652344,127.13346099853516,135.78219604492188,6,ARC-c,2,500 ft < OPS < FL600 in Uncontrolled Airspace → ARC-c
90.87249493598938,-6.160007476806641,106.68962860107422,198.3307647705078,127.14620208740234,136.78298950195312,6,ARC-c,2,500 ft < OPS < FL600 in Uncontrolled Airspace → ARC-c
91.52571558952332,-6.160494804382324,106.6902847290039,198.88946533203125,127.12069702148438,137.4443817138672,7,ARC-c,2,500 ft < OPS < FL600 in Uncontrolled Airspace → ARC-c
92.34797739982605,-6.161106586456299,106.69110107421875,200.53013610839844,127.15931701660156,138.20083618164062,7,ARC-c,2,500 ft < OPS < FL600 in Uncontrolled Airspace → ARC-c
93.13956570625305,-6.161698341369629,106.69189453125,202.8350830078125,127.2083740234375,138.8590545654297,7,ARC-c,2,500 ft < OPS < FL600 in Uncontrolled Airspace → ARC-c
93.94064140319824,-6.162298202514648,106.69269561767578,206.04815673828125,127.2708969116211,139.44627380371094,7,ARC-c,2,500 ft < OPS < FL600 in Uncontrolled Airspace → ARC-c
94.83855676651001,-6.16296911239624,106.69358825683594,208.5851593017578,127.29313659667969,140.17514038085938,7,ARC-c,2,500 ft < OPS < FL600 in Uncontrolled Airspace → ARC-c
95.73060917854309,-6.163659572601318,106.69450378417969,202.7709197998047,127.31095886230469,141.463623046875,6,ARC-c,2,500 ft < OPS < FL600 in Uncontrolled Airspace → ARC-c
96.55499935150146,-6.1642961502075195,106.69534301757812,191.24607849121094,127.38816833496094,143.034912109375,3,ARC-c,2,500 ft < OPS < FL600 in Uncontrolled Airspace → ARC-c
97.35849165916443,-6.164921760559082,106.69615936279297,175.93919372558594,127.7931900024414,144.77920532226562,3,ARC-c,2,500 ft < OPS < FL600 in Uncontrolled Airspace → ARC-c
98.15008592605591,-6.165554046630859,106.69697570800781,161.05653381347656,128.12197875976562,146.42764282226562,6,ARC-c,2,500 ft < OPS < FL600 in Uncontrolled Airspace → ARC-c
98.97951769828796,-6.16622257232666,106.69782257080078,144.74244689941406,128.2673797607422,148.1587371826172,7,ARC-c,2,OPS ≤ 500 ft AND Controlled or Urban → ARC-c
99.7984299659729,-6.166903972625732,106.69868469238281,127.58263397216797,128.4920196533203,149.8588104248047,7,ARC-c,2,OPS ≤ 500 ft AND Controlled or Urban → ARC-c
100.61953949928284,-6.167592525482178,106.69955444335938,111.80148315429688,128.6445770263672,151.3961639404297,7,ARC-c,2,OPS ≤ 500 ft AND Controlled or Urban → ARC-c
101.43548798561096,-6.168283462524414,106.70042419433594,100.37281799316406,128.52569580078125,152.56915283203125,7,ARC-c,2,OPS ≤ 500 ft AND Controlled or Urban → ARC-c
102.2426769733429,-6.168970584869385,106.7012939453125,95.78406524658203,128.36607360839844,153.2529754638672,7,ARC-c,2,OPS ≤ 500 ft AND Controlled or Urban → ARC-c
103.06310772895813,-6.169671535491943,106.70219421386719,96.58811950683594,128.22901916503906,153.63107299804688,7,ARC-c,2,OPS ≤ 500 ft AND Controlled or Urban → ARC-c
103.73267889022827,-6.170241832733154,106.70292663574219,98.5255126953125,128.23797607421875,153.87557983398438,7,ARC-c,2,OPS ≤ 500 ft AND Controlled or Urban → ARC-c
104.38055300712585,-6.170794486999512,106.70362854003906,97.71678161621094,128.2449188232422,154.26776123046875,5,ARC-b,1,OPS ≤ 500 ft in Uncontrolled Rural Area → ARC-b
105.21572232246399,-6.171506881713867,106.70454406738281,90.65081024169922,128.2812042236328,155.1433868408203,6,ARC-c,2,OPS ≤ 500 ft AND Controlled or Urban → ARC-c
106.03393888473511,-6.172211170196533,106.70543670654297,82.31575775146484,128.3585662841797,156.064208984375,7,ARC-c,2,OPS ≤ 500 ft AND Controlled or Urban → ARC-c
106.91630911827087,-6.172978401184082,106.70641326904297,71.83065795898438,128.43698120117188,157.11679077148438,7,ARC-c,2,OPS ≤ 500 ft AND Controlled or Urban → ARC-c
107.75972056388855,-6.17371129989624,106.70734405517578,60.3177490234375,128.54248046875,158.17568969726562,7,ARC-c,2,OPS ≤ 500 ft AND Controlled or Urban → ARC-c
108.68147158622742,-6.174533843994141,106.70838165283203,48.34413528442383,128.6662139892578,159.21829223632812,7,ARC-c,2,OPS ≤ 500 ft AND Controlled or Urban → ARC-c
109.49605822563171,-6.175255298614502,106.70928955078125,43.07598114013672,128.75900268554688,159.77310180664062,7,ARC-c,2,OPS ≤ 500 ft AND Controlled or Urban → ARC-c
110.34843373298645,-6.176039218902588,106.71026611328125,43.03377151489258,128.7927703857422,160.02024841308594,7,ARC-c,2,OPS ≤ 500 ft AND Controlled or Urban → ARC-c
111.00140643119812,-6.176612377166748,106.71099090576172,44.8548469543457,128.78585815429688,160.10665893554688,7,ARC-c,2,OPS ≤ 500 ft AND Controlled or Urban → ARC-c
111.68457984924316,-6.177236080169678,106.7117691040039,47.09596252441406,128.78489685058594,160.19076538085938,7,ARC-c,2,OPS ≤ 500 ft AND Controlled or Urban → ARC-c
112.366544008255,-6.177858352661133,106.7125473022461,48.727500915527344,128.8012237548828,160.30235290527344,7,ARC-c,2,OPS ≤ 500 ft AND Controlled or Urban → ARC-c
113.18127036094666,-6.178593635559082,106.71347045898438,50.3039436340332,128.76431274414062,160.45835876464844,7,ARC-c,2,OPS ≤ 500 ft AND Controlled or Urban → ARC-c
114.00142240524292,-6.179316520690918,106.7143783569336,51.01509094238281,128.72496032714844,160.66151428222656,7,ARC-c,2,OPS ≤ 500 ft AND Controlled or Urban → ARC-c
114.8364200592041,-6.180087089538574,106.71533966064453,51.80034637451172,128.6721954345703,160.8568878173828,7,ARC-c,2,OPS ≤ 500 ft AND Controlled or Urban → ARC-c
115.67661571502686,-6.180841445922852,106.71629333496094,51.68882369995117,128.61473083496094,161.10694885253906,7,ARC-c,2,OPS ≤ 500 ft AND Controlled or Urban → ARC-c
116.33955121040344,-6.181442737579346,106.71704864501953,50.47551727294922,128.5587615966797,161.36602783203125,7,ARC-c,2,OPS ≤ 500 ft AND Controlled or Urban → ARC-c
117.00054502487183,-6.182036399841309,106.7177963256836,48.61923599243164,128.47950744628906,161.65591430664062,7,ARC-c,2,OPS ≤ 500 ft AND Controlled or Urban → ARC-c
117.83946251869202,-6.182801723480225,106.71876525878906,46.35023498535156,128.32850646972656,161.99176025390625,7,ARC-c,2,OPS ≤ 500 ft AND Controlled or Urban → ARC-c
118.4835512638092,-6.183384895324707,106.71951293945312,46.38050079345703,128.27328491210938,162.13973999023438,7,ARC-c,2,OPS ≤ 500 ft AND Controlled or Urban → ARC-c
119.29658579826355,-6.18412446975708,106.720458984375,46.58469009399414,128.25445556640625,162.3199462890625,7,ARC-c,2,OPS ≤ 500 ft AND Controlled or Urban → ARC-c
120.12340903282166,-6.184857368469238,106.72139739990234,46.60675811767578,128.18995666503906,162.5072784423828,7,ARC-c,2,OPS ≤ 500 ft AND Controlled or Urban → ARC-c
121.00361442565918,-6.1856303215026855,106.7223892211914,46.994083404541016,128.19046020507812,162.6766357421875,7,ARC-c,2,OPS ≤ 500 ft AND Controlled or Urban → ARC-c
121.88390898704529,-6.186437606811523,106.72341918945312,47.29955291748047,128.2285614013672,162.84872436523438,7,ARC-c,2,OPS ≤ 500 ft AND Controlled or Urban → ARC-c
122.57951092720032,-6.187069892883301,106.72422790527344,47.84064865112305,128.26177978515625,162.95938110351562,7,ARC-c,2,OPS ≤ 500 ft AND Controlled or Urban → ARC-c
123.24865627288818,-6.1876749992370605,106.7249984741211,49.045467376708984,128.3098907470703,163.01904296875,7,ARC-c,2,OPS ≤ 500 ft AND Controlled or Urban → ARC-c
124.10655856132507,-6.188460826873779,106.72599792480469,51.958805084228516,128.36233520507812,163.0186004638672,7,ARC-c,2,OPS ≤ 500 ft AND Controlled or Urban → ARC-c
124.79854393005371,-6.189087390899658,106.72679138183594,54.076995849609375,128.44761657714844,163.0361328125,7,ARC-c,2,OPS ≤ 500 ft AND Controlled or Urban → ARC-c
125.63036251068115,-6.189846992492676,106.72775268554688,55.907981872558594,128.52572631835938,163.09950256347656,5,ARC-b,1,OPS ≤ 500 ft in Uncontrolled Rural Area → ARC-b
126.4465343952179,-6.190595626831055,106.72869873046875,57.05473709106445,128.57827758789062,163.19602966308594,3,ARC-b,1,OPS ≤ 500 ft in Uncontrolled Rural Area → ARC-b
127.2584867477417,-6.191339492797852,106.72962951660156,58.275203704833984,128.60629272460938,163.28216552734375,3,ARC-b,1,OPS ≤ 500 ft in Uncontrolled Rural Area → ARC-b
128.08140587806702,-6.192093849182129,106.73058319091797,60.300994873046875,128.59967041015625,163.31881713867188,3,ARC-b,1,OPS ≤ 500 ft in Uncontrolled Rural Area → ARC-b
128.88638997077942,-6.1928324699401855,106.73151397705078,62.27265548706055,128.58438110351562,163.3597412109375,3,ARC-b,1,OPS ≤ 500 ft in Uncontrolled Rural Area → ARC-b
129.54012966156006,-6.193429946899414,106.73226165771484,63.85582733154297,128.55929565429688,163.3890838623047,6,ARC-c,2,OPS ≤ 500 ft AND Controlled or Urban → ARC-c
130.2038872241974,-6.194037437438965,106.7330322265625,65.4776382446289,128.5382843017578,163.42250061035156,7,ARC-c,2,OPS ≤ 500 ft AND Controlled or Urban → ARC-c
130.85038089752197,-6.1946282386779785,106.73377990722656,66.29972839355469,128.51571655273438,163.50010681152344,7,ARC-c,2,OPS ≤ 500 ft AND Controlled or Urban → ARC-c
131.6896014213562,-6.1953959465026855,106.73474884033203,66.17990112304688,128.5175323486328,163.666748046875,7,ARC-c,2,OPS ≤ 500 ft AND Controlled or Urban → ARC-c
132.34755730628967,-6.195992946624756,106.73550415039062,65.61109924316406,128.52882385253906,163.82064819335938,7,ARC-c,2,OPS ≤ 500 ft AND Controlled or Urban → ARC-c
133.1804563999176,-6.196755886077881,106.73646545410156,64.64312744140625,128.5298309326172,164.0214385986328,7,ARC-c,2,OPS ≤ 500 ft AND Controlled or Urban → ARC-c
134.00947833061218,-6.197513580322266,106.73741912841797,63.76182556152344,128.5147705078125,164.21310424804688,7,ARC-c,2,OPS ≤ 500 ft AND Controlled or Urban → ARC-c
134.83536005020142,-6.198282718658447,106.73839569091797,62.76343536376953,128.4828643798828,164.40066528320312,7,ARC-c,2,OPS ≤ 500 ft AND Controlled or Urban → ARC-c
135.64708971977234,-6.199028015136719,106.73933410644531,62.487518310546875,128.44114685058594,164.53701782226562,7,ARC-c,2,OPS ≤ 500 ft AND Controlled or Urban → ARC-c
136.29955053329468,-6.1996307373046875,106.74009704589844,62.801578521728516,128.36837768554688,164.61351013183594,7,ARC-c,2,OPS ≤ 500 ft AND Controlled or Urban → ARC-c
137.1485149860382,-6.200399398803711,106.74108123779297,64.25000762939453,126.92675018310547,164.6228485107422,7,ARC-c,2,OPS ≤ 500 ft AND Controlled or Urban → ARC-c
137.9875032901764,-6.201161861419678,106.74207305908203,69.7302017211914,126.73699188232422,164.39743041992188,7,ARC-c,2,OPS ≤ 500 ft AND Controlled or Urban → ARC-c
138.86566138267517,-6.201939105987549,106.74310302734375,71.2359619140625,126.44038391113281,164.4372100830078,7,ARC-c,2,OPS ≤ 500 ft AND Controlled or Urban → ARC-c
139.707346200943,-6.202685832977295,106.7441177368164,70.76476287841797,125.53292846679688,164.58792114257812,7,ARC-c,2,OPS ≤ 500 ft AND Controlled or Urban → ARC-c
140.52945113182068,-6.20338773727417,106.74510955810547,69.54293060302734,124.4173812866211,164.76820373535156,7,ARC-c,2,OPS ≤ 500 ft AND Controlled or Urban → ARC-c
141.38277578353882,-6.204096794128418,106.74616241455078,68.63764953613281,123.3060531616211,164.9320068359375,7,ARC-c,2,OPS ≤ 500 ft AND Controlled or Urban → ARC-c
142.21351075172424,-6.204764366149902,106.74720001220703,66.68281555175781,124.03421020507812,165.1511993408203,7,ARC-c,2,OPS ≤ 500 ft AND Controlled or Urban → ARC-c
143.04034781455994,-6.2054362297058105,106.74824523925781,58.50946044921875,122.78556823730469,165.72169494628906,7,ARC-c,2,OPS ≤ 500 ft AND Controlled or Urban → ARC-c
143.6925094127655,-6.205953121185303,106.74906158447266,52.66207504272461,122.00376892089844,166.12197875976562,7,ARC-c,2,OPS ≤ 500 ft AND Controlled or Urban → ARC-c
144.53832173347473,-6.206612586975098,106.75015258789062,48.3316535949707,120.6365737915039,166.41676330566406,7,ARC-c,2,OPS ≤ 500 ft AND Controlled or Urban → ARC-c
145.36129450798035,-6.207225322723389,106.751220703125,47.66203689575195,119.52327728271484,166.5089569091797,7,ARC-c,2,OPS ≤ 500 ft AND Controlled or Urban → ARC-c
146.24462509155273,-6.207866191864014,106.75239562988281,47.99602127075195,118.82673645019531,166.55735778808594,7,ARC-c,2,OPS ≤ 500 ft AND Controlled or Urban → ARC-c
147.06528973579407,-6.2084455490112305,106.75347900390625,47.111297607421875,118.14095306396484,166.66622924804688,7,ARC-c,2,OPS ≤ 500 ft AND Controlled or Urban → ARC-c
147.89740681648254,-6.209031581878662,106.75459289550781,47.62833023071289,117.59800720214844,166.68359375,7,ARC-c,2,OPS ≤ 500 ft AND Controlled or Urban → ARC-c
148.70386123657227,-6.209586143493652,106.75566864013672,49.99320983886719,117.23548126220703,166.59564208984375,7,ARC-c,2,OPS ≤ 500 ft AND Controlled or Urban → ARC-c
149.3503017425537,-6.210031509399414,106.75653839111328,52.762939453125,117.07261657714844,166.48097229003906,7,ARC-c,2,OPS ≤ 500 ft AND Controlled or Urban → ARC-c
150.1952531337738,-6.210604667663574,106.75765991210938,56.52608108520508,116.95674133300781,166.3294219970703,7,ARC-c,2,OPS ≤ 500 ft AND Controlled or Urban → ARC-c
151.0184919834137,-6.211164951324463,106.7587661743164,59.55195236206055,116.91618347167969,166.2180633544922,7,ARC-c,2,OPS ≤ 500 ft AND Controlled or Urban → ARC-c
151.81839036941528,-6.211707592010498,106.75983428955078,63.33538055419922,116.91231536865234,166.0650634765625,7,ARC-c,2,OPS ≤ 500 ft AND Controlled or Urban → ARC-c
152.65936636924744,-6.212275981903076,106.76094818115234,68.00567626953125,116.9089126586914,165.8671112060547,7,ARC-c,2,OPS ≤ 500 ft AND Controlled or Urban → ARC-c
153.4903326034546,-6.212841987609863,106.7620620727539,73.81067657470703,116.89738464355469,165.601318359375,7,ARC-c,2,OPS ≤ 500 ft AND Controlled or Urban → ARC-c
154.31635427474976,-6.213400363922119,106.7631607055664,81.42479705810547,116.86678314208984,165.24671936035156,7,ARC-c,2,OPS ≤ 500 ft AND Controlled or Urban → ARC-c
155.13532757759094,-6.213949680328369,106.76424407958984,88.61271667480469,116.85308074951172,164.9236602783203,7,ARC-c,2,OPS ≤ 500 ft AND Controlled or Urban → ARC-c
156.02177047729492,-6.214544296264648,106.76541900634766,96.18907928466797,116.82762145996094,164.6042938232422,7,ARC-c,2,OPS ≤ 500 ft AND Controlled or Urban → ARC-c
156.84024810791016,-6.215092182159424,106.7665023803711,102.80198669433594,116.8164291381836,164.3301239013672,7,ARC-c,2,OPS ≤ 500 ft AND Controlled or Urban → ARC-c
157.68151688575745,-6.215655326843262,106.76761627197266,110.88884735107422,116.86248016357422,163.98182678222656,7,ARC-c,2,OPS ≤ 500 ft AND Controlled or Urban → ARC-c
158.48029255867004,-6.216192722320557,106.76866912841797,118.8557357788086,116.92549896240234,163.6521453857422,6,ARC-c,2,OPS ≤ 500 ft AND Controlled or Urban → ARC-c
159.33128476142883,-6.216761112213135,106.769775390625,126.11158752441406,117.02976989746094,163.3815460205078,7,ARC-c,2,OPS ≤ 500 ft AND Controlled or Urban → ARC-c
160.14835000038147,-6.217315673828125,106.77085876464844,132.4126434326172,117.17007446289062,163.1620635986328,7,ARC-c,2,OPS ≤ 500 ft AND Controlled or Urban → ARC-c
160.9699203968048,-6.21786642074585,106.77192687988281,140.090087890625,117.24552917480469,162.86331176757812,7,ARC-c,2,OPS ≤ 500 ft AND Controlled or Urban → ARC-c
161.62958669662476,-6.218307018280029,106.77278137207031,147.20245361328125,117.25895690917969,162.57252502441406,7,ARC-c,2,OPS ≤ 500 ft AND Controlled or Urban → ARC-c
162.45629715919495,-6.218862533569336,106.77385711669922,156.82774353027344,117.23882293701172,162.18218994140625,7,ARC-c,2,500 ft < OPS < FL600 in Uncontrolled Airspace → ARC-c
163.27942752838135,-6.2194108963012695,106.7749252319336,166.7581024169922,117.1944580078125,161.78196716308594,7,ARC-c,2,500 ft < OPS < FL600 in Uncontrolled Airspace → ARC-c
164.11120414733887,-6.219960689544678,106.77599334716797,176.48741149902344,117.13152313232422,161.4091796875,7,ARC-c,2,500 ft < OPS < FL600 in Uncontrolled Airspace → ARC-c
164.92186093330383,-6.220500946044922,106.77705383300781,186.0331573486328,117.04704284667969,161.04896545410156,7,ARC-c,2,500 ft < OPS < FL600 in Uncontrolled Airspace → ARC-c
165.77132153511047,-6.221059322357178,106.77814483642578,196.60565185546875,116.97408294677734,160.64495849609375,7,ARC-c,2,500 ft < OPS < FL600 in Uncontrolled Airspace → ARC-c
166.5820918083191,-6.221589088439941,106.77919006347656,207.13404846191406,116.92102813720703,160.24525451660156,6,ARC-c,2,500 ft < OPS < FL600 in Uncontrolled Airspace → ARC-c
167.41932582855225,-6.222135543823242,106.78025817871094,217.72100830078125,116.89057922363281,159.86285400390625,7,ARC-c,2,500 ft < OPS < FL600 in Uncontrolled Airspace → ARC-c
168.24937295913696,-6.222674369812012,106.78131866455078,227.5534210205078,116.91544342041016,159.535400390625,8,ARC-c,2,500 ft < OPS < FL600 in Uncontrolled Airspace → ARC-c
169.08522725105286,-6.223221302032471,106.78239440917969,235.8791961669922,116.96227264404297,159.3147735595703,8,ARC-c,2,500 ft < OPS < FL600 in Uncontrolled Airspace → ARC-c
169.9661021232605,-6.223796844482422,106.78351593017578,242.03631591796875,117.05415344238281,159.24481201171875,8,ARC-c,2,500 ft < OPS < FL600 in Uncontrolled Airspace → ARC-c
170.78421139717102,-6.224332809448242,106.78456115722656,246.19955444335938,117.15239715576172,159.2720947265625,7,ARC-c,2,500 ft < OPS < FL600 in Uncontrolled Airspace → ARC-c
171.44722437858582,-6.224771499633789,106.78540802001953,249.48968505859375,117.2394790649414,159.29052734375,7,ARC-c,2,500 ft < OPS < FL600 in Uncontrolled Airspace → ARC-c
172.30189776420593,-6.225337028503418,106.78650665283203,255.56980895996094,117.28169250488281,159.1977081298828,7,ARC-c,2,500 ft < OPS < FL600 in Uncontrolled Airspace → ARC-c
173.15424013137817,-6.2258992195129395,106.78759765625,263.5079040527344,117.25404357910156,158.99765014648438,7,ARC-c,2,500 ft < OPS < FL600 in Uncontrolled Airspace → ARC-c
174.05961441993713,-6.226472854614258,106.7887191772461,273.29949951171875,117.20130157470703,158.70590209960938,7,ARC-c,2,500 ft < OPS < FL600 in Uncontrolled Airspace → ARC-c
174.9111614227295,-6.227041244506836,106.7898178100586,282.42236328125,117.07881927490234,158.45741271972656,6,ARC-c,2,500 ft < OPS < FL600 in Uncontrolled Airspace → ARC-c
175.5556287765503,-6.227458953857422,106.79064178466797,289.64471435546875,116.96234130859375,158.24887084960938,7,ARC-c,2,500 ft < OPS < FL600 in Uncontrolled Airspace → ARC-c
176.4028549194336,-6.228003978729248,106.7917251586914,300.9458923339844,116.98057556152344,157.85398864746094,7,ARC-c,2,500 ft < OPS < FL600 in Uncontrolled Airspace → ARC-c
177.22248578071594,-6.228519439697266,106.79275512695312,313.9697265625,117.38639831542969,157.35523986816406,7,ARC-c,2,500 ft < OPS < FL600 in Uncontrolled Airspace → ARC-c
178.06817770004272,-6.229060649871826,106.7938232421875,327.6929016113281,117.57616424560547,156.83868408203125,7,ARC-c,2,500 ft < OPS < FL600 in Uncontrolled Airspace → ARC-c
178.8944194316864,-6.229589939117432,106.79485321044922,340.11767578125,117.79244995117188,156.40855407714844,7,ARC-c,2,500 ft < OPS < FL600 in Uncontrolled Airspace → ARC-c
179.7542963027954,-6.230142593383789,106.7959213256836,350.7506408691406,118.06526184082031,156.11842346191406,7,ARC-c,2,500 ft < OPS < FL600 in Uncontrolled Airspace → ARC-c
180.5612154006958,-6.230676174163818,106.79692840576172,359.564697265625,118.5465087890625,155.9191436767578,7,ARC-c,2,500 ft < OPS < FL600 in Uncontrolled Airspace → ARC-c
181.3712182044983,-6.231217384338379,106.79792785644531,370.0690612792969,118.84651184082031,155.61480712890625,7,ARC-c,2,500 ft < OPS < FL600 in Uncontrolled Airspace → ARC-c
182.207448720932,-6.231781005859375,106.79894256591797,381.6072998046875,118.98556518554688,155.28643798828125,7,ARC-c,2,500 ft < OPS < FL600 in Uncontrolled Airspace → ARC-c
182.8474726676941,-6.2322187423706055,106.79972839355469,389.13006591796875,119.12510681152344,155.1206817626953,7,ARC-c,2,500 ft < OPS < FL600 in Uncontrolled Airspace → ARC-c
183.6686646938324,-6.2327704429626465,106.80073547363281,399.74847412109375,118.82281494140625,154.831787109375,7,ARC-c,2,500 ft < OPS < FL600 in Uncontrolled Airspace → ARC-c
184.32524394989014,-6.233204364776611,106.80152893066406,409.9855651855469,118.55941772460938,154.50303649902344,7,ARC-c,2,500 ft < OPS < FL600 in Uncontrolled Airspace → ARC-c
185.1638686656952,-6.233752727508545,106.80255889892578,423.2471923828125,118.22977447509766,154.0900421142578,7,ARC-c,2,500 ft < OPS < FL600 in Uncontrolled Airspace → ARC-c
186.02214193344116,-6.234308242797852,106.80360412597656,436.2612609863281,118.01970672607422,153.71832275390625,7,ARC-c,2,500 ft < OPS < FL600 in Uncontrolled Airspace → ARC-c
186.84249138832092,-6.234831809997559,106.80460357666016,446.4067077636719,117.89199829101562,153.5157928466797,7,ARC-c,2,500 ft < OPS < FL600 in Uncontrolled Airspace → ARC-c
187.70013880729675,-6.235380172729492,106.80564880371094,454.5649108886719,117.76870727539062,153.459716796875,7,ARC-c,2,500 ft < OPS < FL600 in Uncontrolled Airspace → ARC-c
188.5823793411255,-6.235939979553223,106.80673217773438,461.488525390625,117.61894989013672,153.49517822265625,7,ARC-c,2,500 ft < OPS < FL600 in Uncontrolled Airspace → ARC-c
189.3973240852356,-6.23646354675293,106.8077392578125,467.1844482421875,117.60441589355469,153.57264709472656,7,ARC-c,2,500 ft < OPS < FL600 in Uncontrolled Airspace → ARC-c
190.26265287399292,-6.2370100021362305,106.80880737304688,471.51611328125,117.82562255859375,153.7526092529297,7,ARC-c,2,500 ft < OPS < FL600 in Uncontrolled Airspace → ARC-c
191.08331418037415,-6.237534523010254,106.809814453125,471.96978759765625,117.51300048828125,154.15518188476562,7,ARC-c,2,500 ft < OPS < FL600 in Uncontrolled Airspace → ARC-c
191.90817403793335,-6.2380571365356445,106.81082916259766,468.4112548828125,117.51370239257812,154.8058319091797,7,ARC-c,2,500 ft < OPS < FL600 in Uncontrolled Airspace → ARC-c
192.59617638587952,-6.238502025604248,106.81169128417969,461.7455139160156,117.68981170654297,155.56048583984375,7,ARC-c,2,500 ft < OPS < FL600 in Uncontrolled Airspace → ARC-c
193.46810865402222,-6.2390642166137695,106.81278228759766,451.6766662597656,118.23421478271484,156.56881713867188,7,ARC-c,2,500 ft < OPS < FL600 in Uncontrolled Airspace → ARC-c
194.1323630809784,-6.239491939544678,106.81360626220703,443.8559265136719,118.96455383300781,157.29544067382812,7,ARC-c,2,500 ft < OPS < FL600 in Uncontrolled Airspace → ARC-c
195.05028581619263,-6.240101337432861,106.81476593017578,432.29693603515625,119.52310180664062,158.31089782714844,7,ARC-c,2,500 ft < OPS < FL600 in Uncontrolled Airspace → ARC-c
195.8725824356079,-6.240664005279541,106.81581115722656,420.45697021484375,120.00130462646484,159.2717742919922,7,ARC-c,2,500 ft < OPS < FL600 in Uncontrolled Airspace → ARC-c
196.7054727077484,-6.24124002456665,106.81685638427734,408.0995178222656,120.47149658203125,160.23406982421875,7,ARC-c,2,500 ft < OPS < FL600 in Uncontrolled Airspace → ARC-c
197.52230310440063,-6.241817474365234,106.81788635253906,396.086181640625,120.67027282714844,161.1483154296875,7,ARC-c,2,500 ft < OPS < FL600 in Uncontrolled Airspace → ARC-c
198.35735368728638,-6.242414951324463,106.81893157958984,384.5306091308594,119.82572937011719,162.0400390625,7,ARC-c,2,500 ft < OPS < FL600 in Uncontrolled Airspace → ARC-c
199.190327167511,-6.243021011352539,106.81999969482422,374.5616455078125,119.75808715820312,162.81903076171875,7,ARC-c,2,500 ft < OPS < FL600 in Uncontrolled Airspace → ARC-c
199.88379287719727,-6.243527412414551,106.82088470458984,367.0559997558594,119.74267578125,163.40481567382812,7,ARC-c,2,500 ft < OPS < FL600 in Uncontrolled Airspace → ARC-c
200.71426796913147,-6.244133472442627,106.82195281982422,358.0610046386719,119.7281723022461,164.08924865722656,7,ARC-c,2,500 ft < OPS < FL600 in Uncontrolled Airspace → ARC-c
201.5625298023224,-6.244750022888184,106.82303619384766,348.83502197265625,119.86780548095703,164.7634735107422,7,ARC-c,2,500 ft < OPS < FL600 in Uncontrolled Airspace → ARC-c
202.2181737422943,-6.245228290557861,106.82388305664062,341.8033142089844,119.88145446777344,165.26681518554688,7,ARC-c,2,500 ft < OPS < FL600 in Uncontrolled Airspace → ARC-c
203.06354808807373,-6.245851516723633,106.8249740600586,331.9195556640625,119.952392578125,165.94447326660156,7,ARC-c,2,500 ft < OPS < FL600 in Uncontrolled Airspace → ARC-c
203.7152338027954,-6.246336936950684,106.82582092285156,322.85723876953125,120.01390075683594,166.5355224609375,7,ARC-c,2,500 ft < OPS < FL600 in Uncontrolled Airspace → ARC-c
204.55365204811096,-6.246960639953613,106.826904296875,308.0648498535156,120.05883026123047,167.455810546875,7,ARC-c,2,500 ft < OPS < FL600 in Uncontrolled Airspace → ARC-c
205.2284438610077,-6.247467041015625,106.8277816772461,293.71875,120.07463836669922,168.31167602539062,7,ARC-c,2,500 ft < OPS < FL600 in Uncontrolled Airspace → ARC-c
206.07125401496887,-6.248107433319092,106.82888793945312,273.3396911621094,120.20201873779297,169.47817993164062,7,ARC-c,2,500 ft < OPS < FL600 in Uncontrolled Airspace → ARC-c
206.91225218772888,-6.248744487762451,106.82998657226562,253.22613525390625,120.29804992675781,170.58929443359375,7,ARC-c,2,500 ft < OPS < FL600 in Uncontrolled Airspace → ARC-c
207.72946977615356,-6.2493767738342285,106.83106994628906,233.88758850097656,120.36679077148438,171.60597229003906,7,ARC-c,2,500 ft < OPS < FL600 in Uncontrolled Airspace → ARC-c
208.5529704093933,-6.250015735626221,106.83216857910156,214.8462371826172,120.40370178222656,172.56919860839844,7,ARC-c,2,500 ft < OPS < FL600 in Uncontrolled Airspace → ARC-c
209.19103622436523,-6.250511646270752,106.83301544189453,200.5238800048828,120.40031433105469,173.27127075195312,7,ARC-c,2,500 ft < OPS < FL600 in Uncontrolled Airspace → ARC-c
210.006591796875,-6.251149654388428,106.83411407470703,182.38966369628906,120.3732681274414,174.12509155273438,7,ARC-c,2,500 ft < OPS < FL600 in Uncontrolled Airspace → ARC-c
210.82822942733765,-6.251795291900635,106.8352279663086,164.84080505371094,120.29473114013672,174.91244506835938,7,ARC-c,2,500 ft < OPS < FL600 in Uncontrolled Airspace → ARC-c
211.65004658699036,-6.252443790435791,106.83634185791016,148.5218048095703,120.24984741210938,175.59568786621094,7,ARC-c,2,OPS ≤ 500 ft AND Controlled or Urban → ARC-c
212.30355310440063,-6.25295877456665,106.83724212646484,136.81585693359375,120.1631851196289,176.05287170410156,7,ARC-c,2,OPS ≤ 500 ft AND Controlled or Urban → ARC-c
212.9560215473175,-6.253468036651611,106.83811950683594,126.30608367919922,120.07386016845703,176.43658447265625,7,ARC-c,2,OPS ≤ 500 ft AND Controlled or Urban → ARC-c
213.8722906112671,-6.2541937828063965,106.83939361572266,113.06075286865234,119.96554565429688,176.8627166748047,7,ARC-c,2,OPS ≤ 500 ft AND Controlled or Urban → ARC-c
214.69914269447327,-6.254846572875977,106.84053802490234,102.93782043457031,119.87171173095703,177.13775634765625,7,ARC-c,2,OPS ≤ 500 ft AND Controlled or Urban → ARC-c
215.5120816230774,-6.25548791885376,106.84166717529297,94.35295867919922,119.7348861694336,177.3214111328125,7,ARC-c,2,OPS ≤ 500 ft AND Controlled or Urban → ARC-c
216.35806512832642,-6.2561492919921875,106.84284210205078,87.66744232177734,119.5331802368164,177.3824005126953,7,ARC-c,2,OPS ≤ 500 ft AND Controlled or Urban → ARC-c
216.9935429096222,-6.256650447845459,106.84373474121094,84.0281753540039,119.47881317138672,177.34983825683594,6,ARC-c,2,OPS ≤ 500 ft AND Controlled or Urban → ARC-c
217.8035740852356,-6.257292747497559,106.84488677978516,81.3097152709961,120.65280151367188,177.16546630859375,3,ARC-b,1,OPS ≤ 500 ft in Uncontrolled Rural Area → ARC-b
218.64739775657654,-6.257941246032715,106.84603118896484,77.75077819824219,120.68350982666016,177.03736877441406,5,ARC-b,1,OPS ≤ 500 ft in Uncontrolled Rural Area → ARC-b
219.30223679542542,-6.25846529006958,106.8469467163086,74.4322280883789,120.8721694946289,176.9685821533203,6,ARC-c,2,OPS ≤ 500 ft AND Controlled or Urban → ARC-c
219.96990060806274,-6.258996963500977,106.84786987304688,71.5054702758789,120.89765930175781,176.8783416748047,7,ARC-c,2,OPS ≤ 500 ft AND Controlled or Urban → ARC-c
220.79186725616455,-6.259654998779297,106.8489990234375,68.18534851074219,120.58683013916016,176.77755737304688,7,ARC-c,2,OPS ≤ 500 ft AND Controlled or Urban → ARC-c
221.6331717967987,-6.2603230476379395,106.85015106201172,65.08714294433594,120.54485321044922,176.66586303710938,7,ARC-c,2,OPS ≤ 500 ft AND Controlled or Urban → ARC-c
222.47905588150024,-6.260995864868164,106.851318359375,62.42878723144531,120.49736785888672,176.5303955078125,7,ARC-d,3,Inside Halim (treated as Class C) → ARC-d
223.32260966300964,-6.261671543121338,106.85249328613281,60.41352844238281,120.40876770019531,176.3611602783203,7,ARC-d,3,Inside Halim (treated as Class C) → ARC-d
223.96352458000183,-6.262179374694824,106.85337829589844,59.63345718383789,120.34747314453125,176.19810485839844,7,ARC-d,3,Inside Halim (treated as Class C) → ARC-d
224.79904460906982,-6.262842178344727,106.85453033447266,59.03466796875,120.30098724365234,175.96871948242188,7,ARC-d,3,Inside Halim (treated as Class C) → ARC-d
225.59544897079468,-6.263469696044922,106.85562896728516,58.55781173706055,120.42143249511719,175.75131225585938,7,ARC-d,3,Inside Halim (treated as Class C) → ARC-d
226.5194890499115,-6.264196395874023,106.85690307617188,57.89055633544922,120.63529968261719,175.5041046142578,6,ARC-d,3,Inside Halim (treated as Class C) → ARC-d
227.32024025917053,-6.264832019805908,106.85800170898438,56.861236572265625,120.7688980102539,175.32191467285156,7,ARC-d,3,Inside Halim (treated as Class C) → ARC-d
227.95343685150146,-6.26533317565918,106.85887145996094,55.836219787597656,120.87476348876953,175.1928253173828,7,ARC-d,3,Inside Halim (treated as Class C) → ARC-d
228.7910451889038,-6.265998363494873,106.86001586914062,54.574317932128906,121.00521087646484,175.01904296875,7,ARC-d,3,Inside Halim (treated as Class C) → ARC-d
229.4222288131714,-6.266497611999512,106.86087036132812,54.473453521728516,121.10057067871094,174.84124755859375,7,ARC-d,3,Inside Halim (treated as Class C) → ARC-d
230.24963402748108,-6.267163276672363,106.86199951171875,58.05127716064453,121.18234252929688,174.38787841796875,7,ARC-d,3,Inside Halim (treated as Class C) → ARC-d
231.05517053604126,-6.267807960510254,106.86308288574219,66.21194458007812,121.41249084472656,173.7243194580078,7,ARC-d,3,Inside Halim (treated as Class C) → ARC-d
231.90398406982422,-6.268486499786377,106.86421203613281,75.0929183959961,121.69385528564453,173.0460662841797,7,ARC-d,3,Inside Halim (treated as Class C) → ARC-d
232.75495266914368,-6.269176483154297,106.86534118652344,83.56167602539062,121.96559143066406,172.40872192382812,7,ARC-d,3,Inside Halim (treated as Class C) → ARC-d
233.61619329452515,-6.269876003265381,106.8664779663086,93.13422393798828,121.63130187988281,170.2965545654297,7,ARC-d,3,Inside Halim (treated as Class C) → ARC-d
234.53252696990967,-6.270595550537109,106.8676528930664,98.48401641845703,121.71124267578125,166.9377899169922,7,ARC-d,3,Inside Halim (treated as Class C) → ARC-d
235.35279369354248,-6.271245002746582,106.86870574951172,95.87507629394531,121.35456085205078,162.91842651367188,7,ARC-d,3,Inside Halim (treated as Class C) → ARC-d
236.00002789497375,-6.27173376083374,106.86951446533203,98.87240600585938,119.74858856201172,159.4336395263672,7,ARC-d,3,Inside Halim (treated as Class C) → ARC-d
236.63412833213806,-6.272198677062988,106.87032318115234,100.28961181640625,116.07281494140625,155.9701690673828,7,ARC-d,3,Inside Halim (treated as Class C) → ARC-d
237.27150750160217,-6.272561073303223,106.87110900878906,101.01863098144531,108.78033447265625,152.74288940429688,7,ARC-d,3,Inside Halim (treated as Class C) → ARC-d
238.11505436897278,-6.272843837738037,106.87220001220703,100.58714294433594,97.46600341796875,148.7002410888672,7,ARC-d,3,Inside Halim (treated as Class C) → ARC-d
239.00253081321716,-6.272911548614502,106.87338256835938,97.36705780029297,86.17150115966797,144.76937866210938,7,ARC-d,3,Inside Halim (treated as Class C) → ARC-d
239.8613350391388,-6.2728118896484375,106.87448120117188,97.66680145263672,84.45542907714844,141.20838928222656,7,ARC-d,3,Inside Halim (treated as Class C) → ARC-d
240.77401971817017,-6.272690773010254,106.87561798095703,90.33173370361328,83.3223876953125,138.16537475585938,7,ARC-d,3,Inside Halim (treated as Class C) → ARC-d
241.41833305358887,-6.272602558135986,106.87642669677734,78.86223602294922,79.4109878540039,136.44468688964844,7,ARC-d,3,Inside Halim (treated as Class C) → ARC-d
242.2534909248352,-6.272456169128418,106.87743377685547,67.18084716796875,72.90353393554688,133.5602264404297,6,ARC-d,3,Inside Halim (treated as Class C) → ARC-d
242.9199254512787,-6.272287845611572,106.87821197509766,60.36581802368164,72.85784149169922,131.29283142089844,6,ARC-d,3,Inside Halim (treated as Class C) → ARC-d
243.74496817588806,-6.272033214569092,106.87913513183594,52.08366394042969,71.47982788085938,129.0526580810547,6,ARC-d,3,Inside Halim (treated as Class C) → ARC-d
244.56802487373352,-6.271739482879639,106.88004302978516,43.390926361083984,68.10039520263672,126.93513488769531,6,ARC-d,3,Inside Halim (treated as Class C) → ARC-d
245.2214856147766,-6.271473407745361,106.8807373046875,37.87522888183594,66.39983367919922,125.20274353027344,6,ARC-d,3,Inside Halim (treated as Class C) → ARC-d
246.05225729942322,-6.2711076736450195,106.881591796875,33.630435943603516,65.2274169921875,122.98419189453125,6,ARC-d,3,Inside Halim (treated as Class C) → ARC-d
246.89436173439026,-6.27073335647583,106.88243865966797,28.47079086303711,64.7128677368164,120.9273681640625,6,ARC-d,3,Inside Halim (treated as Class C) → ARC-d
247.74310326576233,-6.270353317260742,106.8832778930664,27.657772064208984,63.80861282348633,118.18437957763672,5,ARC-d,3,Inside Halim (treated as Class C) → ARC-d
248.3850212097168,-6.270066738128662,106.8838882446289,28.709178924560547,64.3696517944336,116.37930297851562,3,ARC-d,3,Inside Halim (treated as Class C) → ARC-d
249.23211288452148,-6.269695281982422,106.88468933105469,26.63298225402832,64.39873504638672,114.29692077636719,3,ARC-d,3,Inside Halim (treated as Class C) → ARC-d
250.03686928749084,-6.269345760345459,106.88543701171875,26.692399978637695,64.08795928955078,112.04609680175781,4,ARC-d,3,Inside Halim (treated as Class C) → ARC-d
250.84695529937744,-6.268990993499756,106.88617706298828,26.177377700805664,64.10528564453125,109.74840545654297,3,ARC-d,3,Inside Halim (treated as Class C) → ARC-d
251.66980910301208,-6.268646717071533,106.88689422607422,25.548999786376953,63.45170974731445,107.33512115478516,3,ARC-d,3,Inside Halim (treated as Class C) → ARC-d
252.3068299293518,-6.26837682723999,106.88744354248047,25.528417587280273,62.6793098449707,105.36083984375,3,ARC-d,3,Inside Halim (treated as Class C) → ARC-d
253.15075826644897,-6.2680206298828125,106.88814544677734,25.5406436920166,61.63371276855469,102.82767486572266,3,ARC-d,3,Inside Halim (treated as Class C) → ARC-d
254.05417609214783,-6.267631530761719,106.88888549804688,25.517969131469727,63.43754196166992,100.35027313232422,6,ARC-d,3,Inside Halim (treated as Class C) → ARC-d
254.93109822273254,-6.267279624938965,106.88958740234375,25.520671844482422,64.4688949584961,98.09490966796875,3,ARC-d,3,Inside Halim (treated as Class C) → ARC-d
255.77220582962036,-6.266969203948975,106.89024353027344,25.68880844116211,67.29473876953125,94.94300079345703,3,ARC-d,3,Inside Halim (treated as Class C) → ARC-d
256.60795068740845,-6.2666916847229,106.89089965820312,25.53621482849121,68.40957641601562,90.2768325805664,3,ARC-d,3,Inside Halim (treated as Class C) → ARC-d
257.42689180374146,-6.266441345214844,106.89151000976562,25.433053970336914,64.77960968017578,85.81194305419922,3,ARC-d,3,Inside Halim (treated as Class C) → ARC-d
258.0639395713806,-6.266244411468506,106.89195251464844,25.699567794799805,65.56227111816406,82.87608337402344,5,ARC-d,3,Inside Halim (treated as Class C) → ARC-d
258.89731454849243,-6.265993595123291,106.89250946044922,26.049699783325195,64.9762191772461,78.64445495605469,3,ARC-d,3,Inside Halim (treated as Class C) → ARC-d
259.72159218788147,-6.265756607055664,106.89302062988281,26.354896545410156,65.06041717529297,74.86019897460938,3,ARC-d,3,Inside Halim (treated as Class C) → ARC-d
260.5698199272156,-6.265522003173828,106.8935317993164,26.665369033813477,65.93814086914062,71.24899291992188,3,ARC-d,3,Inside Halim (treated as Class C) → ARC-d
261.3913998603821,-6.265311241149902,106.89400482177734,26.942155838012695,65.7158203125,67.40949249267578,3,ARC-d,3,Inside Halim (treated as Class C) → ARC-d
262.2039830684662,-6.265113353729248,106.89444732666016,27.200258255004883,64.22699737548828,63.88542938232422,4,ARC-d,3,Inside Halim (treated as Class C) → ARC-d
262.8333275318146,-6.264957427978516,106.894775390625,27.402175903320312,63.917724609375,61.26711654663086,4,ARC-d,3,Inside Halim (treated as Class C) → ARC-d
263.48620343208313,-6.26480770111084,106.89508819580078,27.41639518737793,64.62162780761719,58.574710845947266,4,ARC-d,3,Inside Halim (treated as Class C) → ARC-d
264.3062422275543,-6.2646284103393555,106.89546966552734,27.302818298339844,65.54666137695312,54.975791931152344,3,ARC-d,3,Inside Halim (treated as Class C) → ARC-d
265.1224613189697,-6.26446533203125,106.89582824707031,27.20240592956543,65.4482192993164,51.39312744140625,3,ARC-d,3,Inside Halim (treated as Class C) → ARC-d
265.94616866111755,-6.264312744140625,106.89616394042969,27.247203826904297,65.18660736083984,47.97278594970703,4,ARC-d,3,Inside Halim (treated as Class C) → ARC-d
266.8008255958557,-6.264162540435791,106.89649200439453,27.43010902404785,65.0910873413086,44.39411544799805,4,ARC-d,3,Inside Halim (treated as Class C) → ARC-d
267.480877161026,-6.2640509605407715,106.896728515625,27.572431564331055,64.61643981933594,41.49266815185547,4,ARC-d,3,Inside Halim (treated as Class C) → ARC-d
268.2979636192322,-6.263925552368164,106.8969955444336,27.720596313476562,64.34349822998047,38.03293991088867,4,ARC-d,3,Inside Halim (treated as Class C) → ARC-d
268.9448642730713,-6.263833522796631,106.89718627929688,27.82578468322754,64.468017578125,35.37065887451172,5,ARC-d,3,Inside Halim (treated as Class C) → ARC-d
269.7765007019043,-6.2637248039245605,106.89741516113281,27.760650634765625,65.21118927001953,31.937803268432617,5,ARC-d,3,Inside Halim (treated as Class C) → ARC-d
270.57971572875977,-6.263631820678711,106.89762115478516,27.70097541809082,65.09762573242188,28.553647994995117,5,ARC-d,3,Inside Halim (treated as Class C) → ARC-d
271.22071623802185,-6.2635650634765625,106.89776611328125,27.65901756286621,64.53284454345703,25.90106773376465,5,ARC-d,3,Inside Halim (treated as Class C) → ARC-d
271.88139247894287,-6.26350212097168,106.89789581298828,27.6191463470459,63.6158332824707,23.215927124023438,6,ARC-d,3,Inside Halim (treated as Class C) → ARC-d
272.52585196495056,-6.263444900512695,106.89801025390625,27.59263801574707,62.252281188964844,20.587671279907227,6,ARC-d,3,Inside Halim (treated as Class C) → ARC-d
273.3390552997589,-6.2633795738220215,106.89813232421875,27.54890251159668,61.08298110961914,17.30615234375,6,ARC-d,3,Inside Halim (treated as Class C) → ARC-d
273.9829866886139,-6.26333475112915,106.8982162475586,27.511608123779297,61.1886100769043,14.706178665161133,6,ARC-d,3,Inside Halim (treated as Class C) → ARC-d
274.86095905303955,-6.263286590576172,106.89830780029297,27.517236709594727,64.7970199584961,11.141228675842285,6,ARC-d,3,Inside Halim (treated as Class C) → ARC-d
275.51387548446655,-6.263261318206787,106.89836120605469,27.52252197265625,66.79301452636719,8.536026000976562,6,ARC-d,3,Inside Halim (treated as Class C) → ARC-d
276.156667470932,-6.263244152069092,106.89839935302734,27.52227783203125,67.67025756835938,6.077455520629883,6,ARC-d,3,Inside Halim (treated as Class C) → ARC-d
276.81774973869324,-6.263232707977295,106.89842987060547,27.523773193359375,67.82791900634766,3.7512431144714355,6,ARC-d,3,Inside Halim (treated as Class C) → ARC-d
277.68589425086975,-6.263225555419922,106.89844512939453,27.525463104248047,67.77875518798828,0.9742510318756104,6,ARC-d,3,Inside Halim (treated as Class C) → ARC-d
278.6039545536041,-6.2632222175598145,106.89845275878906,27.500469207763672,67.74593353271484,1.0497010946273804,6,ARC-d,3,Inside Halim (treated as Class C) → ARC-d
279.4991400241852,-6.263219356536865,106.8984603881836,27.499570846557617,67.71160888671875,1.0470099449157715,6,ARC-d,3,Inside Halim (treated as Class C) → ARC-d
280.16754841804504,-6.263217926025391,106.89846801757812,27.508834838867188,67.8890151977539,0.0756353884935379,6,ARC-d,3,Inside Halim (treated as Class C) → ARC-d
280.859082698822,-6.263218402862549,106.89846801757812,27.49930763244629,67.92900848388672,0.006351220887154341,6,ARC-d,3,Inside Halim (treated as Class C) → ARC-d
281.60319352149963,-6.263218402862549,106.89846801757812,27.49898910522461,67.95986938476562,0.00025662334519438446,6,ARC-d,3,Inside Halim (treated as Class C) → ARC-d
282.5018730163574,-6.263218402862549,106.89846801757812,27.498985290527344,67.95841217041016,1.4566769095836207e-05,6,ARC-d,3,Inside Halim (treated as Class C) → ARC-d
283.3146753311157,-6.263218402862549,106.89846801757812,27.498987197875977,67.95840454101562,2.7062657181886607e-07,6,ARC-d,3,Inside Halim (treated as Class C) → ARC-d
283.9848909378052,-6.263218402862549,106.89846801757812,27.49898910522461,67.95841979980469,4.601313776220195e-06,6,ARC-d,3,Inside Halim (treated as Class C) → ARC-d
284.6845192909241,-6.263218402862549,106.89846801757812,27.49898910522461,67.95841979980469,1.0013368410000112e-05,6,ARC-d,3,Inside Halim (treated as Class C) → ARC-d
285.3858184814453,-6.263218402862549,106.89846801757812,27.49898910522461,67.95841979980469,4.232184380725812e-07,6,ARC-d,3,Inside Halim (treated as Class C) → ARC-d
286.06605219841003,-6.263218402862549,106.89846801757812,27.498991012573242,67.95841979980469,2.595966634544311e-06,6,ARC-d,3,Inside Halim (treated as Class C) → ARC-d
286.7091131210327,-6.263218402862549,106.89846801757812,27.498991012573242,67.95841979980469,1.5758096196805127e-05,6,ARC-d,3,Inside Halim (treated as Class C) → ARC-d
287.3510105609894,-6.263218402862549,106.89846801757812,27.498991012573242,67.95841979980469,7.914089223959309e-07,6,ARC-d,3,Inside Halim (treated as Class C) → ARC-d
287.984073638916,-6.263218402862549,106.89846801757812,27.498992919921875,67.95841979980469,4.694162726082141e-06,6,ARC-d,3,Inside Halim (treated as Class C) → ARC-d
288.7241201400757,-6.263218402862549,106.89846801757812,27.498992919921875,67.95841979980469,1.629507460165769e-05,6,ARC-d,3,Inside Halim (treated as Class C) → ARC-d
289.56808948516846,-6.263218402862549,106.89846801757812,27.498992919921875,67.95841979980469,7.998463843250647e-06,6,ARC-d,3,Inside Halim (treated as Class C) → ARC-d
290.3057396411896,-6.263218402862549,106.89846801757812,27.498994827270508,67.95841979980469,1.018897705762356e-06,6,ARC-d,3,Inside Halim (treated as Class C) → ARC-d
291.0220994949341,-6.263218402862549,106.89846801757812,27.498994827270508,67.95841979980469,4.694497874879744e-06,6,ARC-d,3,Inside Halim (treated as Class C) → ARC-d
291.74379205703735,-6.263218402862549,106.89846801757812,27.49899673461914,67.95841979980469,1.722486013022717e-05,6,ARC-d,3,Inside Halim (treated as Class C) → ARC-d
292.80396580696106,-6.263218402862549,106.89846801757812,27.49899673461914,67.95841979980469,1.1588732377276756e-05,6,ARC-d,3,Inside Halim (treated as Class C) → ARC-d
293.51614356040955,-6.263218402862549,106.89846801757812,27.49899673461914,67.95841979980469,2.69985235945569e-07,6,ARC-d,3,Inside Halim (treated as Class C) → ARC-d
294.25221967697144,-6.263218402862549,106.89846801757812,27.498998641967773,67.95842742919922,1.2275771723579965e-06,6,ARC-d,3,Inside Halim (treated as Class C) → ARC-d
295.0393953323364,-6.263218402862549,106.89846801757812,27.498998641967773,67.95842742919922,2.3691927708568983e-06,6,ARC-d,3,Inside Halim (treated as Class C) → ARC-d
295.7238574028015,-6.263218402862549,106.89846801757812,27.499000549316406,67.95842742919922,1.82179210241884e-05,6,ARC-d,3,Inside Halim (treated as Class C) → ARC-d
296.6298625469208,-6.263218402862549,106.89846801757812,27.499000549316406,67.95842742919922,1.1800077118095942e-05,6,ARC-d,3,Inside Halim (treated as Class C) → ARC-d
297.28382396698,-6.263218402862549,106.89846801757812,27.499000549316406,67.95842742919922,1.048193780661677e-06,6,ARC-d,3,Inside Halim (treated as Class C) → ARC-d
298.14349007606506,-6.263218402862549,106.89846801757812,27.49900245666504,67.95841979980469,3.804207608482102e-06,6,ARC-d,3,Inside Halim (treated as Class C) → ARC-d
298.9871051311493,-6.263218402862549,106.89846801757812,27.499004364013672,67.95842742919922,4.074058324476937e-06,6,ARC-d,3,Inside Halim (treated as Class C) → ARC-d
299.8489785194397,-6.263218402862549,106.89846801757812,27.499004364013672,67.95841979980469,9.159610272035934e-06,6,ARC-d,3,Inside Halim (treated as Class C) → ARC-d
300.517808675766,-6.263218402862549,106.89846801757812,27.499004364013672,67.95841979980469,3.1579156711813994e-07,6,ARC-d,3,Inside Halim (treated as Class C) → ARC-d
301.4189167022705,-6.263218402862549,106.89846801757812,27.499004364013672,67.95841979980469,4.144681611251144e-07,6,ARC-d,3,Inside Halim (treated as Class C) → ARC-d
302.0987982749939,-6.263218402862549,106.89846801757812,27.499006271362305,67.95841979980469,5.103496732772328e-06,6,ARC-d,3,Inside Halim (treated as Class C) → ARC-d
302.93294191360474,-6.263218402862549,106.89846801757812,27.499008178710938,67.95841979980469,4.41907150161569e-06,6,ARC-d,3,Inside Halim (treated as Class C) → ARC-d
303.86974906921387,-6.263218402862549,106.89846801757812,27.499008178710938,67.95841979980469,1.2282112948014401e-05,6,ARC-d,3,Inside Halim (treated as Class C) → ARC-d
304.54360246658325,-6.263218402862549,106.89846801757812,27.499008178710938,67.95841979980469,5.570811936195241e-07,6,ARC-d,3,Inside Halim (treated as Class C) → ARC-d
305.2905993461609,-6.263218402862549,106.89846801757812,27.499008178710938,67.95841979980469,1.0300553867637063e-06,6,ARC-d,3,Inside Halim (treated as Class C) → ARC-d
306.0392289161682,-6.263218402862549,106.89846801757812,27.49901008605957,67.95842742919922,2.488213567630737e-06,6,ARC-d,3,Inside Halim (treated as Class C) → ARC-d
307.0011193752289,-6.263218402862549,106.89846801757812,27.499011993408203,67.95842742919922,3.3946027997444617e-06,6,ARC-d,3,Inside Halim (treated as Class C) → ARC-d
307.72105646133423,-6.263218402862549,106.89846801757812,27.499011993408203,67.95842742919922,1.0377824764873367e-05,6,ARC-d,3,Inside Halim (treated as Class C) → ARC-d
308.4865310192108,-6.263218402862549,106.89846801757812,27.499011993408203,67.95842742919922,8.356266221198894e-07,6,ARC-d,3,Inside Halim (treated as Class C) → ARC-d
309.28922867774963,-6.263218402862549,106.89846801757812,27.499013900756836,67.95842742919922,2.2283497855823953e-06,6,ARC-d,3,Inside Halim (treated as Class C) → ARC-d
310.01683807373047,-6.263218402862549,106.89846801757812,27.499013900756836,67.95842742919922,4.363815605756827e-06,6,ARC-d,3,Inside Halim (treated as Class C) → ARC-d
310.6958293914795,-6.263218402862549,106.89846801757812,27.499013900756836,67.95842742919922,1.666158340185575e-07,6,ARC-d,3,Inside Halim (treated as Class C) → ARC-d
311.66533064842224,-6.263218402862549,106.89846801757812,27.49901580810547,67.95842742919922,4.606536663231964e-07,6,ARC-d,3,Inside Halim (treated as Class C) → ARC-d
312.4046423435211,-6.263218402862549,106.89846801757812,27.49901580810547,67.95842742919922,2.793006217416405e-07,6,ARC-d,3,Inside Halim (treated as Class C) → ARC-d
313.09906697273254,-6.263218402862549,106.89846801757812,27.4990177154541,67.95841979980469,4.2952051444444805e-06,6,ARC-d,3,Inside Halim (treated as Class C) → ARC-d
314.0321190357208,-6.263218402862549,106.89846801757812,27.4990177154541,67.95841979980469,4.885867383563891e-06,6,ARC-d,3,Inside Halim (treated as Class C) → ARC-d
314.892156124115,-6.263218402862549,106.89846801757812,27.499019622802734,67.95841979980469,9.306038009526674e-06,6,ARC-d,3,Inside Halim (treated as Class C) → ARC-d
315.611839056015,-6.263218402862549,106.89846801757812,27.499019622802734,67.95841979980469,5.009384835830133e-07,6,ARC-d,3,Inside Halim (treated as Class C) → ARC-d
316.3057360649109,-6.263218402862549,106.89846801757812,27.499019622802734,67.95841979980469,1.8921451783171506e-06,6,ARC-d,3,Inside Halim (treated as Class C) → ARC-d
317.165025472641,-6.263218402862549,106.89846801757812,27.499021530151367,67.95841979980469,2.1168468720134115e-06,6,ARC-d,3,Inside Halim (treated as Class C) → ARC-d
317.8350830078125,-6.263218402862549,106.89846801757812,27.499021530151367,67.95841979980469,1.4788199223403353e-05,6,ARC-d,3,Inside Halim (treated as Class C) → ARC-d
318.5296223163605,-6.263218402862549,106.89846801757812,27.499021530151367,67.95841979980469,9.793568551685894e-07,6,ARC-d,3,Inside Halim (treated as Class C) → ARC-d
319.4838569164276,-6.263218402862549,106.89846801757812,27.4990234375,67.95841979980469,4.90906302275107e-07,6,ARC-d,3,Inside Halim (treated as Class C) → ARC-d
320.34163308143616,-6.263218402862549,106.89846801757812,27.4990234375,67.95841979980469,2.067924697257695e-06,6,ARC-d,3,Inside Halim (treated as Class C) → ARC-d
321.2117295265198,-6.263218402862549,106.89846801757812,27.499025344848633,67.95841979980469,2.2828362489235587e-06,6,ARC-d,3,Inside Halim (treated as Class C) → ARC-d
321.8621029853821,-6.263218402862549,106.89846801757812,27.499025344848633,67.95841979980469,1.0175141142099164e-05,6,ARC-d,3,Inside Halim (treated as Class C) → ARC-d
322.519248008728,-6.263218402862549,106.89846801757812,27.499025344848633,67.95841979980469,1.8724703920725005e-07,6,ARC-d,3,Inside Halim (treated as Class C) → ARC-d
323.41716837882996,-6.263218402862549,106.89846801757812,27.499027252197266,67.95841979980469,2.482498757672147e-06,6,ARC-d,3,Inside Halim (treated as Class C) → ARC-d
324.1219816207886,-6.263218402862549,106.89846801757812,27.4990291595459,67.95841979980469,7.091307452355977e-06,6,ARC-d,3,Inside Halim (treated as Class C) → ARC-d
325.05555486679077,-6.263218402862549,106.89846801757812,27.4990291595459,67.95841979980469,9.358635907119606e-06,6,ARC-d,3,Inside Halim (treated as Class C) → ARC-d
325.74483704566956,-6.263218402862549,106.89846801757812,27.4990291595459,67.95841979980469,4.0296509951076587e-07,6,ARC-d,3,Inside Halim (treated as Class C) → ARC-d
326.47181844711304,-6.263218402862549,106.89846801757812,27.4990291595459,67.95841979980469,1.04935725175892e-06,6,ARC-d,3,Inside Halim (treated as Class C) → ARC-d
327.2020266056061,-6.263218402862549,106.89846801757812,27.49903106689453,67.95841979980469,2.6104730750375893e-06,6,ARC-d,3,Inside Halim (treated as Class C) → ARC-d
327.9247052669525,-6.263218402862549,106.89846801757812,27.49903106689453,67.95841979980469,1.608584716450423e-05,6,ARC-d,3,Inside Halim (treated as Class C) → ARC-d
328.9676811695099,-6.263218402862549,106.89846801757812,27.499032974243164,67.95841979980469,1.7822945665102452e-05,6,ARC-d,3,Inside Halim (treated as Class C) → ARC-d
329.6677174568176,-6.263218402862549,106.89846801757812,27.499032974243164,67.95841979980469,7.014349989731272e-07,6,ARC-d,3,Inside Halim (treated as Class C) → ARC-d
330.33336091041565,-6.263218402862549,106.89846801757812,27.499034881591797,67.95841979980469,5.090568720333977e-06,6,ARC-d,3,Inside Halim (treated as Class C) → ARC-d
330.99197912216187,-6.263218402862549,106.89846801757812,27.499034881591797,67.95842742919922,1.8592118067317642e-05,6,ARC-d,3,Inside Halim (treated as Class C) → ARC-d
331.6797204017639,-6.263218402862549,106.89846801757812,27.499034881591797,67.95842742919922,7.276357791852206e-07,6,ARC-d,3,Inside Halim (treated as Class C) → ARC-d
332.65357971191406,-6.263218402862549,106.89846801757812,27.49903678894043,67.95841979980469,1.1099327821284533e-06,6,ARC-d,3,Inside Halim (treated as Class C) → ARC-d
333.31297302246094,-6.263218402862549,106.89846801757812,27.49903678894043,67.95841979980469,5.102730938233435e-06,6,ARC-d,3,Inside Halim (treated as Class C) → ARC-d
334.26335072517395,-6.263218402862549,106.89846801757812,27.499038696289062,67.95841979980469,3.8757962101954035e-06,6,ARC-d,3,Inside Halim (treated as Class C) → ARC-d
335.1319308280945,-6.263218402862549,106.89846801757812,27.499038696289062,67.95841979980469,1.2386765774863306e-05,6,ARC-d,3,Inside Halim (treated as Class C) → ARC-d
335.7989430427551,-6.263218402862549,106.89846801757812,27.499038696289062,67.95841979980469,4.90178990730783e-07,6,ARC-d,3,Inside Halim (treated as Class C) → ARC-d
336.4578776359558,-6.263218402862549,106.89846801757812,27.499040603637695,67.95841979980469,3.7713907659053802e-06,6,ARC-d,3,Inside Halim (treated as Class C) → ARC-d
337.3378722667694,-6.263218402862549,106.89846801757812,27.499040603637695,67.95841979980469,2.725679678405868e-06,6,ARC-d,3,Inside Halim (treated as Class C) → ARC-d
338.2260797023773,-6.263218402862549,106.89846801757812,27.499042510986328,67.95841979980469,5.164637514099013e-06,6,ARC-d,3,Inside Halim (treated as Class C) → ARC-d
338.89290738105774,-6.263218402862549,106.89846801757812,27.499042510986328,67.95841979980469,1.3367167639444233e-07,6,ARC-d,3,Inside Halim (treated as Class C) → ARC-d
339.78827929496765,-6.263218402862549,106.89846801757812,27.499042510986328,67.95841979980469,9.955120958693442e-07,6,ARC-d,3,Inside Halim (treated as Class C) → ARC-d
340.64909052848816,-6.263218402862549,106.89846801757812,27.49904441833496,67.95841979980469,5.056452323515259e-07,6,ARC-d,3,Inside Halim (treated as Class C) → ARC-d
341.63445949554443,-6.263218402862549,106.89846801757812,27.49904441833496,67.95841979980469,9.30530518417072e-07,6,ARC-d,3,Inside Halim (treated as Class C) → ARC-d
342.7172248363495,-6.263218402862549,106.89846801757812,27.499046325683594,67.95842742919922,2.9798499667776923e-07,6,ARC-d,3,Inside Halim (treated as Class C) → ARC-d
343.37313508987427,-6.263218402862549,106.89846801757812,27.499046325683594,67.95842742919922,4.380092377687106e-06,6,ARC-d,3,Inside Halim (treated as Class C) → ARC-d
344.1885850429535,-6.263218402862549,106.89846801757812,27.499048233032227,67.95842742919922,1.680824971117545e-05,6,ARC-d,3,Inside Halim (treated as Class C) → ARC-d
345.03191232681274,-6.263218402862549,106.89846801757812,27.499048233032227,67.95842742919922,8.515722583979368e-06,6,ARC-d,3,Inside Halim (treated as Class C) → ARC-d
345.7134907245636,-6.263218402862549,106.89846801757812,27.499048233032227,67.95841979980469,7.027003334769688e-07,6,ARC-d,3,Inside Halim (treated as Class C) → ARC-d
346.69195556640625,-6.263218402862549,106.89846801757812,27.49905014038086,67.95842742919922,7.602086498081917e-07,6,ARC-d,3,Inside Halim (treated as Class C) → ARC-d
347.4147436618805,-6.263218402862549,106.89846801757812,27.499052047729492,67.95842742919922,2.4777743874437874e-06,6,ARC-d,3,Inside Halim (treated as Class C) → ARC-d
348.30719470977783,-6.263218402862549,106.89846801757812,27.499052047729492,67.95841979980469,6.679434591205791e-06,6,ARC-d,3,Inside Halim (treated as Class C) → ARC-d
349.09789514541626,-6.263218402862549,106.89846801757812,27.499052047729492,67.95841979980469,1.3252999451651704e-05,6,ARC-d,3,Inside Halim (treated as Class C) → ARC-d
350.25972723960876,-6.263218402862549,106.89846801757812,27.499053955078125,67.95841979980469,1.58220009325305e-05,6,ARC-d,3,Inside Halim (treated as Class C) → ARC-d
350.9854726791382,-6.263218402862549,106.89846801757812,27.499053955078125,67.95841979980469,2.365031832596287e-07,6,ARC-d,3,Inside Halim (treated as Class C) → ARC-d
351.68279576301575,-6.263218402862549,106.89846801757812,27.499053955078125,67.95841979980469,1.9466526737232925e-06,6,ARC-d,3,Inside Halim (treated as Class C) → ARC-d
352.5690670013428,-6.263218402862549,106.89846801757812,27.499055862426758,67.95841979980469,2.724153546296293e-06,6,ARC-d,3,Inside Halim (treated as Class C) → ARC-d
353.4685685634613,-6.263218402862549,106.89846801757812,27.49905776977539,67.95841979980469,2.6127227101824246e-06,6,ARC-d,3,Inside Halim (treated as Class C) → ARC-d
354.17192673683167,-6.263218402862549,106.89846801757812,27.49905776977539,67.95841979980469,9.069466614164412e-06,6,ARC-d,3,Inside Halim (treated as Class C) → ARC-d
354.8659493923187,-6.263218402862549,106.89846801757812,27.49905776977539,67.95841979980469,7.786080686855712e-07,6,ARC-d,3,Inside Halim (treated as Class C) → ARC-d
355.7820370197296,-6.263218402862549,106.89846801757812,27.499059677124023,67.95841979980469,8.364025916307583e-07,6,ARC-d,3,Inside Halim (treated as Class C) → ARC-d
356.4464955329895,-6.263218402862549,106.89846801757812,27.499059677124023,67.95841979980469,3.84053146262886e-06,6,ARC-d,3,Inside Halim (treated as Class C) → ARC-d
357.18584299087524,-6.263218402862549,106.89846801757812,27.499059677124023,67.95841979980469,1.0471060704730917e-05,6,ARC-d,3,Inside Halim (treated as Class C) → ARC-d
358.1081018447876,-6.263218402862549,106.89846801757812,27.499061584472656,67.95841979980469,2.9609242346850806e-07,6,ARC-d,3,Inside Halim (treated as Class C) → ARC-d
358.9526786804199,-6.263218402862549,106.89846801757812,27.499061584472656,67.95841979980469,5.157754117135482e-07,6,ARC-d,3,Inside Halim (treated as Class C) → ARC-d
359.8328969478607,-6.263218402862549,106.89846801757812,27.49906349182129,67.95841979980469,4.85123621274397e-07,6,ARC-d,3,Inside Halim (treated as Class C) → ARC-d
360.736843585968,-6.263218402862549,106.89846801757812,27.49906349182129,67.95841217041016,2.925860371760791e-06,6,ARC-d,3,Inside Halim (treated as Class C) → ARC-d
361.4046564102173,-6.263218402862549,106.89846801757812,27.499065399169922,67.95841217041016,1.1699431524903048e-05,6,ARC-d,3,Inside Halim (treated as Class C) → ARC-d
362.3006110191345,-6.263218402862549,106.89846801757812,27.499065399169922,67.95841217041016,8.853230610839091e-06,6,ARC-d,3,Inside Halim (treated as Class C) → ARC-d
363.21306920051575,-6.263218402862549,106.89846801757812,27.499065399169922,67.95841217041016,8.59758620208595e-06,6,ARC-d,3,Inside Halim (treated as Class C) → ARC-d
364.10058641433716,-6.263218402862549,106.89846801757812,27.499067306518555,67.95841217041016,3.793462610701681e-07,6,ARC-d,3,Inside Halim (treated as Class C) → ARC-d
364.9812250137329,-6.263218402862549,106.89846801757812,27.499067306518555,67.95841217041016,5.017469675294706e-07,6,ARC-d,3,Inside Halim (treated as Class C) → ARC-d
365.6445686817169,-6.263218402862549,106.89846801757812,27.499069213867188,67.95840454101562,5.410684480011696e-06,6,ARC-d,3,Inside Halim (treated as Class C) → ARC-d
366.3278293609619,-6.263218402862549,106.89846801757812,27.499069213867188,67.95841217041016,1.8458618797012605e-05,6,ARC-d,3,Inside Halim (treated as Class C) → ARC-d
367.20208740234375,-6.263218402862549,106.89846801757812,27.499069213867188,67.95841217041016,4.907593620373518e-07,6,ARC-d,3,Inside Halim (treated as Class C) → ARC-d
368.0697429180145,-6.263218402862549,106.89846801757812,27.49907112121582,67.95841217041016,7.822113730071578e-07,6,ARC-d,3,Inside Halim (treated as Class C) → ARC-d
368.9395503997803,-6.263218402862549,106.89846801757812,27.49907112121582,67.95841217041016,6.442580797738628e-07,6,ARC-d,3,Inside Halim (treated as Class C) → ARC-d
369.60041522979736,-6.263218402862549,106.89846801757812,27.499073028564453,67.95841217041016,3.193806378476438e-06,6,ARC-d,3,Inside Halim (treated as Class C) → ARC-d
370.29782700538635,-6.263218402862549,106.89846801757812,27.499073028564453,67.95841217041016,1.277033516089432e-05,6,ARC-d,3,Inside Halim (treated as Class C) → ARC-d
371.2465968132019,-6.263218402862549,106.89846801757812,27.499073028564453,67.95841217041016,4.018920662929304e-07,6,ARC-d,3,Inside Halim (treated as Class C) → ARC-d
372.0984513759613,-6.263218402862549,106.89846801757812,27.499074935913086,67.95841217041016,7.426781394315185e-07,6,ARC-d,3,Inside Halim (treated as Class C) → ARC-d
373.0579102039337,-6.263218402862549,106.89846801757812,27.499074935913086,67.95841217041016,6.54640302855114e-07,6,ARC-d,3,Inside Halim (treated as Class C) → ARC-d
373.7377781867981,-6.263218402862549,106.89846801757812,27.49907684326172,67.95841217041016,2.459262304910226e-06,6,ARC-d,3,Inside Halim (treated as Class C) → ARC-d
374.6335680484772,-6.263218402862549,106.89846801757812,27.49907875061035,67.95841217041016,2.9388206712610554e-06,6,ARC-d,3,Inside Halim (treated as Class C) → ARC-d
375.5288269519806,-6.263218402862549,106.89846801757812,27.49907875061035,67.95840454101562,1.1832723430416081e-05,6,ARC-d,3,Inside Halim (treated as Class C) → ARC-d
376.4187831878662,-6.263218402862549,106.89846801757812,27.49907875061035,67.95841217041016,1.8575934518594295e-05,6,ARC-d,3,Inside Halim (treated as Class C) → ARC-d
377.26769852638245,-6.263218402862549,106.89846801757812,27.499080657958984,67.95841217041016,1.246065011173414e-07,6,ARC-d,3,Inside Halim (treated as Class C) → ARC-d
378.18070554733276,-6.263218402862549,106.89846801757812,27.499080657958984,67.95840454101562,7.94193226738571e-07,6,ARC-d,3,Inside Halim (treated as Class C) → ARC-d
379.08032155036926,-6.263218402862549,106.89846801757812,27.499082565307617,67.95841217041016,9.051236133927887e-07,6,ARC-d,3,Inside Halim (treated as Class C) → ARC-d
379.99810338020325,-6.263218402862549,106.89846801757812,27.499082565307617,67.95841217041016,1.0985456810885807e-06,6,ARC-d,3,Inside Halim (treated as Class C) → ARC-d
380.870644569397,-6.263218402862549,106.89846801757812,27.49908447265625,67.95841217041016,4.3420313886599615e-06,6,ARC-d,3,Inside Halim (treated as Class C) → ARC-d
381.53543162345886,-6.263218402862549,106.89846801757812,27.49908447265625,67.95841217041016,1.7862354070530273e-05,6,ARC-d,3,Inside Halim (treated as Class C) → ARC-d
382.4268493652344,-6.263218402862549,106.89846801757812,27.49908447265625,67.95841217041016,1.3533627679862548e-05,6,ARC-d,3,Inside Halim (treated as Class C) → ARC-d
383.28325366973877,-6.263218402862549,106.89846801757812,27.499086380004883,67.95841217041016,5.692174340765632e-07,6,ARC-d,3,Inside Halim (treated as Class C) → ARC-d
384.1924510002136,-6.263218402862549,106.89846801757812,27.499086380004883,67.95841217041016,6.759867687833321e-07,6,ARC-d,3,Inside Halim (treated as Class C) → ARC-d
385.1322774887085,-6.263218402862549,106.89846801757812,27.499088287353516,67.95841217041016,6.346571126414347e-07,6,ARC-d,3,Inside Halim (treated as Class C) → ARC-d
386.00747299194336,-6.263218402862549,106.89846801757812,27.499088287353516,67.95841217041016,2.1355626813601702e-06,6,ARC-d,3,Inside Halim (treated as Class C) → ARC-d
386.91963481903076,-6.263218402862549,106.89846801757812,27.49909019470215,67.95841217041016,4.167073257121956e-06,6,ARC-d,3,Inside Halim (treated as Class C) → ARC-d
387.5795040130615,-6.263218402862549,106.89846801757812,27.49909019470215,67.95841217041016,1.827899723139126e-05,6,ARC-d,3,Inside Halim (treated as Class C) → ARC-d
388.25309109687805,-6.263218402862549,106.89846801757812,27.49909019470215,67.95841217041016,7.774196433274483e-07,6,ARC-d,3,Inside Halim (treated as Class C) → ARC-d
389.01351141929626,-6.263218402862549,106.89846801757812,27.499101638793945,67.9583969116211,0.0012889454374089837,6,ARC-d,3,Inside Halim (treated as Class C) → ARC-d
389.6865622997284,-6.263218402862549,106.89846801757812,27.499101638793945,67.9583969116211,0.0012889454374089837,6,ARC-d,3,Inside Halim (treated as Class C) → ARC-d
390.5816648006439,-6.263218402862549,106.89846801757812,27.499101638793945,67.9583969116211,0.0012889454374089837,6,ARC-d,3,Inside Halim (treated as Class C) → ARC-d
391.47068524360657,-6.263218402862549,106.89846801757812,27.499652862548828,67.97694396972656,0.0071057421155273914,6,ARC-d,3,Inside Halim (treated as Class C) → ARC-d
392.1645541191101,-6.263218402862549,106.89846801757812,27.49970817565918,67.98304748535156,0.0061612618155777454,6,ARC-d,3,Inside Halim (treated as Class C) → ARC-d
393.1010944843292,-6.263218402862549,106.89846801757812,27.499530792236328,67.98933410644531,0.006950491573661566,6,ARC-d,3,Inside Halim (treated as Class C) → ARC-d
394.0004971027374,-6.263218402862549,106.89846801757812,27.499189376831055,67.98983764648438,0.0007358004804700613,6,ARC-d,3,Inside Halim (treated as Class C) → ARC-d
394.6788456439972,-6.263218402862549,106.89846801757812,27.499576568603516,67.98945617675781,0.003830652218312025,6,ARC-d,3,Inside Halim (treated as Class C) → ARC-d
395.3726360797882,-6.263218402862549,106.89846801757812,27.499143600463867,67.9897689819336,0.0013525045942515135,6,ARC-d,3,Inside Halim (treated as Class C) → ARC-d
396.07257318496704,-6.263218402862549,106.89846801757812,27.499834060668945,67.98937225341797,0.0025148370768874884,6,ARC-d,3,Inside Halim (treated as Class C) → ARC-d
396.7826166152954,-6.263218402862549,106.89846801757812,27.499265670776367,67.9896240234375,0.002801633207127452,6,ARC-d,3,Inside Halim (treated as Class C) → ARC-d
397.7484345436096,-6.263218402862549,106.89846801757812,27.499147415161133,67.98990631103516,0.0008128338376991451,6,ARC-d,3,Inside Halim (treated as Class C) → ARC-d
398.70251846313477,-6.263218402862549,106.89846801757812,27.4993896484375,67.9895248413086,0.0033431146293878555,6,ARC-d,3,Inside Halim (treated as Class C) → ARC-d
399.60125207901,-6.263218402862549,106.89846801757812,27.499147415161133,67.98995208740234,0.0007756214472465217,6,ARC-d,3,Inside Halim (treated as Class C) → ARC-d
400.56064009666443,-6.263218402862549,106.89846801757812,27.49895477294922,67.99012756347656,0.01760072633624077,6,ARC-d,3,Inside Halim (treated as Class C) → ARC-d
401.4876317977905,-6.263218402862549,106.89846801757812,27.49742889404297,67.94912719726562,0.004096634220331907,6,ARC-d,3,Inside Halim (treated as Class C) → ARC-d
402.4035212993622,-6.263218402862549,106.89846801757812,27.497777938842773,67.9757080078125,0.006739282049238682,6,ARC-d,3,Inside Halim (treated as Class C) → ARC-d
403.4015278816223,-6.263218402862549,106.89846801757812,27.498464584350586,67.98548126220703,0.012503576464951038,6,ARC-d,3,Inside Halim (treated as Class C) → ARC-d
404.30695700645447,-6.263218402862549,106.89846801757812,27.49894142150879,67.99935150146484,0.005813274998217821,6,ARC-d,3,Inside Halim (treated as Class C) → ARC-d
404.98537707328796,-6.263218402862549,106.89846801757812,27.499048233032227,68.00415802001953,0.001557565527036786,6,ARC-d,3,Inside Halim (treated as Class C) → ARC-d
405.88169384002686,-6.263218402862549,106.89846801757812,27.499725341796875,67.9609603881836,0.0022710252087563276,6,ARC-d,3,Inside Halim (treated as Class C) → ARC-d
406.570437669754,-6.263218402862549,106.89846801757812,27.4992618560791,67.98499298095703,0.0037203263491392136,6,ARC-d,3,Inside Halim (treated as Class C) → ARC-d
407.5195679664612,-6.263218402862549,106.89846801757812,27.49907875061035,67.98343658447266,0.009954532608389854,6,ARC-d,3,Inside Halim (treated as Class C) → ARC-d
408.4411835670471,-6.263218402862549,106.89846801757812,27.499053955078125,67.99622344970703,0.0010544490069150925,6,ARC-d,3,Inside Halim (treated as Class C) → ARC-d
409.37279081344604,-6.263218402862549,106.89846801757812,27.499134063720703,67.99586486816406,0.00029982419800944626,6,ARC-d,3,Inside Halim (treated as Class C) → ARC-d
410.09223675727844,-6.263218402862549,106.89846801757812,27.49913215637207,67.99586486816406,6.92139146849513e-05,6,ARC-d,3,Inside Halim (treated as Class C) → ARC-d
410.7737419605255,-6.263218402862549,106.89846801757812,27.49913215637207,67.99586486816406,1.878401599242352e-05,6,ARC-d,3,Inside Halim (treated as Class C) → ARC-d
411.46935296058655,-6.263218402862549,106.89846801757812,27.49913215637207,67.99586486816406,3.453265435382491e-06,6,ARC-d,3,Inside Halim (treated as Class C) → ARC-d
412.44091057777405,-6.263218402862549,106.89846801757812,27.499149322509766,67.99586486816406,0.00010068591654999182,6,ARC-d,3,Inside Halim (treated as Class C) → ARC-d
413.1561176776886,-6.263218402862549,106.89846801757812,27.499147415161133,67.99586486816406,2.4345381461898796e-05,6,ARC-d,3,Inside Halim (treated as Class C) → ARC-d
414.1052598953247,-6.263218402862549,106.89846801757812,27.499147415161133,67.99586486816406,1.4292651030700654e-05,6,ARC-d,3,Inside Halim (treated as Class C) → ARC-d
415.1205894947052,-6.263218402862549,106.89846801757812,27.499149322509766,67.99586486816406,9.896243682305794e-06,6,ARC-d,3,Inside Halim (treated as Class C) → ARC-d
416.0417215824127,-6.263218402862549,106.89846801757812,27.499149322509766,67.99586486816406,9.823867003433406e-06,6,ARC-d,3,Inside Halim (treated as Class C) → ARC-d
417.007511138916,-6.263218402862549,106.89846801757812,27.499149322509766,67.99586486816406,8.857768989400938e-06,6,ARC-d,3,Inside Halim (treated as Class C) → ARC-d
417.9394221305847,-6.263218402862549,106.89846801757812,27.4991512298584,67.99586486816406,6.236822400751407e-07,6,ARC-d,3,Inside Halim (treated as Class C) → ARC-d
418.87467527389526,-6.263218402862549,106.89846801757812,27.4991512298584,67.99586486816406,4.6464955971714517e-07,6,ARC-d,3,Inside Halim (treated as Class C) → ARC-d
419.8223512172699,-6.263218402862549,106.89846801757812,27.49915313720703,67.99586486816406,5.149141202309693e-07,6,ARC-d,3,Inside Halim (treated as Class C) → ARC-d
420.5181555747986,-6.263218402862549,106.89846801757812,27.49915313720703,67.99586486816406,2.48393666879565e-06,6,ARC-d,3,Inside Halim (treated as Class C) → ARC-d
421.21536111831665,-6.263218402862549,106.89846801757812,27.499155044555664,67.99586486816406,1.1003607141901739e-05,6,ARC-d,3,Inside Halim (treated as Class C) → ARC-d
421.94278597831726,-6.263218402862549,106.89846801757812,27.499155044555664,67.99586486816406,5.328437850948831e-07,6,ARC-d,3,Inside Halim (treated as Class C) → ARC-d
422.9387471675873,-6.263218402862549,106.89846801757812,27.499155044555664,67.99586486816406,7.249144573506783e-07,6,ARC-d,3,Inside Halim (treated as Class C) → ARC-d
423.8907401561737,-6.263218402862549,106.89846801757812,27.499156951904297,67.99586486816406,7.065775093906268e-07,6,ARC-d,3,Inside Halim (treated as Class C) → ARC-d
424.7717306613922,-6.263218402862549,106.89846801757812,27.499156951904297,67.99586486816406,7.722991313130478e-07,6,ARC-d,3,Inside Halim (treated as Class C) → ARC-d
425.6743812561035,-6.263218402862549,106.89846801757812,27.49915885925293,67.99585723876953,1.3395753057920956e-06,6,ARC-d,3,Inside Halim (treated as Class C) → ARC-d
426.6022434234619,-6.263218402862549,106.89846801757812,27.499160766601562,67.99585723876953,2.32546904044284e-06,6,ARC-d,3,Inside Halim (treated as Class C) → ARC-d
427.5741648674011,-6.263218402862549,106.89846801757812,27.499160766601562,67.99585723876953,2.3291534034797223e-06,6,ARC-d,3,Inside Halim (treated as Class C) → ARC-d
428.3440282344818,-6.263218402862549,106.89846801757812,27.499162673950195,67.99585723876953,9.426564247405622e-06,6,ARC-d,3,Inside Halim (treated as Class C) → ARC-d
429.4736182689667,-6.263218402862549,106.89846801757812,27.499162673950195,67.99585723876953,2.587616108939983e-06,6,ARC-d,3,Inside Halim (treated as Class C) → ARC-d
430.4736063480377,-6.263218402862549,106.89846801757812,27.499164581298828,67.99585723876953,2.814306526488508e-06,6,ARC-d,3,Inside Halim (treated as Class C) → ARC-d
431.37281823158264,-6.263218402862549,106.89846801757812,27.499271392822266,67.99584197998047,0.0059162103570997715,6,ARC-d,3,Inside Halim (treated as Class C) → ARC-d
432.0705056190491,-6.263218402862549,106.89846801757812,27.499311447143555,67.99554443359375,0.0022153095342218876,6,ARC-d,3,Inside Halim (treated as Class C) → ARC-d
432.7882823944092,-6.263218402862549,106.89846801757812,27.499217987060547,67.99573516845703,0.000987992505542934,6,ARC-d,3,Inside Halim (treated as Class C) → ARC-d
433.7657480239868,-6.263218402862549,106.89846801757812,27.499223709106445,67.99581146240234,0.004325482994318008,6,ARC-d,3,Inside Halim (treated as Class C) → ARC-d
434.7878518104553,-6.263218402862549,106.89846801757812,27.50265884399414,67.9301528930664,0.056518055498600006,6,ARC-d,3,Inside Halim (treated as Class C) → ARC-d
435.48554515838623,-6.263217926025391,106.89846801757812,27.522233963012695,67.912353515625,0.13367582857608795,6,ARC-d,3,Inside Halim (treated as Class C) → ARC-d
436.18801403045654,-6.263217449188232,106.89846801757812,27.5429744720459,67.8994140625,0.06735622137784958,6,ARC-d,3,Inside Halim (treated as Class C) → ARC-d
436.8720407485962,-6.263217449188232,106.89846801757812,27.548076629638672,67.90321350097656,0.002096266020089388,6,ARC-d,3,Inside Halim (treated as Class C) → ARC-d
437.7728672027588,-6.263217449188232,106.89846801757812,27.547853469848633,67.91299438476562,0.0012395974481478333,6,ARC-d,3,Inside Halim (treated as Class C) → ARC-d
438.7045724391937,-6.263217449188232,106.89846801757812,27.548093795776367,67.91271209716797,0.00010747180203907192,6,ARC-d,3,Inside Halim (treated as Class C) → ARC-d
439.6427583694458,-6.263217449188232,106.89846801757812,27.545040130615234,67.90795135498047,0.158397376537323,6,ARC-d,3,Inside Halim (treated as Class C) → ARC-d
440.59231972694397,-6.263218402862549,106.89846801757812,27.498214721679688,67.91468048095703,0.01752253994345665,6,ARC-d,3,Inside Halim (treated as Class C) → ARC-d
441.52432441711426,-6.263218402862549,106.89846801757812,27.499391555786133,67.93321990966797,0.008978727273643017,6,ARC-d,3,Inside Halim (treated as Class C) → ARC-d
442.443088054657,-6.263218402862549,106.89846801757812,27.499298095703125,67.96238708496094,0.001955247251316905,6,ARC-d,3,Inside Halim (treated as Class C) → ARC-d
443.141042470932,-6.263218402862549,106.89846801757812,27.49931526184082,67.98075103759766,0.005433233920484781,6,ARC-d,3,Inside Halim (treated as Class C) → ARC-d
444.0827076435089,-6.263218402862549,106.89846801757812,27.50260353088379,67.93333435058594,0.05508250743150711,6,ARC-d,3,Inside Halim (treated as Class C) → ARC-d
444.7536175251007,-6.263217926025391,106.89846801757812,27.52063751220703,67.91505432128906,0.13172084093093872,6,ARC-d,3,Inside Halim (treated as Class C) → ARC-d
445.7171323299408,-6.263217449188232,106.89846801757812,27.545974731445312,67.89852905273438,0.037146445363759995,6,ARC-d,3,Inside Halim (treated as Class C) → ARC-d
446.4080092906952,-6.263217449188232,106.89846801757812,27.54811668395996,67.91233825683594,0.0030066841281950474,6,ARC-d,3,Inside Halim (treated as Class C) → ARC-d
447.4501540660858,-6.263216018676758,106.89846801757812,27.509546279907227,67.84359741210938,2.1032230854034424,6,ARC-d,3,Inside Halim (treated as Class C) → ARC-d
448.3704445362091,-6.263205528259277,106.89849853515625,27.514432907104492,67.76597595214844,4.5750346183776855,6,ARC-d,3,Inside Halim (treated as Class C) → ARC-d
449.0508439540863,-6.2631940841674805,106.89852905273438,27.519084930419922,67.67878723144531,5.314180374145508,6,ARC-d,3,Inside Halim (treated as Class C) → ARC-d
449.95137643814087,-6.263176918029785,106.89856719970703,27.50597381591797,67.56087493896484,5.852301597595215,6,ARC-d,3,Inside Halim (treated as Class C) → ARC-d
450.8722369670868,-6.263161659240723,106.89861297607422,27.508522033691406,79.52550506591797,5.8112993240356445,6,ARC-d,3,Inside Halim (treated as Class C) → ARC-d
451.8443269729614,-6.263157367706299,106.89866638183594,27.510700225830078,89.53516387939453,6.2362961769104,6,ARC-d,3,Inside Halim (treated as Class C) → ARC-d
452.5530524253845,-6.263157367706299,106.8987045288086,27.50753402709961,90.39107513427734,6.633084774017334,6,ARC-d,3,Inside Halim (treated as Class C) → ARC-d
453.25413751602173,-6.263157367706299,106.89875030517578,27.50204849243164,90.25021362304688,7.297443389892578,6,ARC-d,3,Inside Halim (treated as Class C) → ARC-d
454.02406001091003,-6.263156414031982,106.8988037109375,27.499711990356445,87.27507781982422,8.537810325622559,6,ARC-d,3,Inside Halim (treated as Class C) → ARC-d
454.732962846756,-6.263151168823242,106.89886474609375,27.50749397277832,79.10871124267578,9.882317543029785,5,ARC-d,3,Inside Halim (treated as Class C) → ARC-d
455.43267035484314,-6.263134002685547,106.89892578125,27.518966674804688,65.76932525634766,10.859236717224121,5,ARC-d,3,Inside Halim (treated as Class C) → ARC-d
456.32015562057495,-6.263086795806885,106.89900207519531,27.53902244567871,38.325477600097656,11.04129409790039,5,ARC-d,3,Inside Halim (treated as Class C) → ARC-d
457.2209665775299,-6.263010025024414,106.89904022216797,27.564672470092773,2.351593494415283,10.41524600982666,5,ARC-d,3,Inside Halim (treated as Class C) → ARC-d
457.90029525756836,-6.262949466705322,106.89903259277344,27.55459213256836,333.566650390625,9.523752212524414,5,ARC-d,3,Inside Halim (treated as Class C) → ARC-d
458.7892515659332,-6.262895107269287,106.89898681640625,27.54982566833496,294.6720275878906,8.380743980407715,5,ARC-d,3,Inside Halim (treated as Class C) → ARC-d
459.6743404865265,-6.262884616851807,106.89892578125,27.553363800048828,252.92568969726562,7.499016284942627,5,ARC-d,3,Inside Halim (treated as Class C) → ARC-d
460.55783128738403,-6.262912750244141,106.89887237548828,27.52574348449707,226.45816040039062,7.330925464630127,5,ARC-d,3,Inside Halim (treated as Class C) → ARC-d
461.50729632377625,-6.262953281402588,106.8988265991211,27.513126373291016,234.1931915283203,7.227002143859863,4,ARC-d,3,Inside Halim (treated as Class C) → ARC-d
462.4031562805176,-6.262986660003662,106.8987808227539,27.492589950561523,237.13027954101562,7.9421234130859375,4,ARC-d,3,Inside Halim (treated as Class C) → ARC-d
463.1035406589508,-6.263015270233154,106.89873504638672,27.504812240600586,235.53900146484375,9.26570987701416,4,ARC-d,3,Inside Halim (treated as Class C) → ARC-d
464.01745414733887,-6.263062000274658,106.8986587524414,27.521127700805664,238.97000122070312,12.13359260559082,6,ARC-d,3,Inside Halim (treated as Class C) → ARC-d
464.86635851860046,-6.263105869293213,106.8985824584961,27.50800323486328,240.79672241210938,15.2006254196167,6,ARC-d,3,Inside Halim (treated as Class C) → ARC-d
465.859313249588,-6.26318883895874,106.8984375,27.500505447387695,241.92481994628906,18.860267639160156,6,ARC-d,3,Inside Halim (treated as Class C) → ARC-d
466.5508518218994,-6.263246536254883,106.89832305908203,27.503063201904297,242.29391479492188,21.320356369018555,6,ARC-d,3,Inside Halim (treated as Class C) → ARC-d
467.48532128334045,-6.263338088989258,106.89814758300781,27.50238800048828,242.52183532714844,24.686965942382812,6,ARC-d,3,Inside Halim (treated as Class C) → ARC-d
468.3311879634857,-6.263430118560791,106.8979721069336,27.574371337890625,242.6649169921875,27.597475051879883,6,ARC-d,3,Inside Halim (treated as Class C) → ARC-d
469.2215311527252,-6.26353645324707,106.89775085449219,27.630813598632812,244.78170776367188,30.718135833740234,5,ARC-d,3,Inside Halim (treated as Class C) → ARC-d
470.05928564071655,-6.263640403747559,106.89752960205078,27.698284149169922,248.48422241210938,33.4641227722168,5,ARC-d,3,Inside Halim (treated as Class C) → ARC-d
470.70804500579834,-6.26371431350708,106.89734649658203,27.732959747314453,247.57501220703125,35.560760498046875,5,ARC-d,3,Inside Halim (treated as Class C) → ARC-d
471.34741973876953,-6.263797760009766,106.89714813232422,27.798009872436523,244.50340270996094,37.59115219116211,5,ARC-d,3,Inside Halim (treated as Class C) → ARC-d
472.12869572639465,-6.263913154602051,106.89690399169922,27.6398868560791,242.9818572998047,40.09107208251953,4,ARC-d,3,Inside Halim (treated as Class C) → ARC-d
472.77263736724854,-6.2640180587768555,106.89669036865234,27.517961502075195,242.72647094726562,42.11359405517578,4,ARC-d,3,Inside Halim (treated as Class C) → ARC-d
473.5666434764862,-6.264155864715576,106.89641571044922,27.34510040283203,245.14834594726562,44.553436279296875,4,ARC-d,3,Inside Halim (treated as Class C) → ARC-d
474.3592448234558,-6.264293670654297,106.8961181640625,27.182010650634766,245.39364624023438,46.941654205322266,4,ARC-d,3,Inside Halim (treated as Class C) → ARC-d
475.14708638191223,-6.2644362449646,106.89580535888672,27.15144920349121,245.32376098632812,49.21354293823242,3,ARC-d,3,Inside Halim (treated as Class C) → ARC-d
475.986456155777,-6.264594078063965,106.89546203613281,27.240882873535156,245.2321319580078,51.57033920288086,3,ARC-d,3,Inside Halim (treated as Class C) → ARC-d
476.75806164741516,-6.264745712280273,106.89512634277344,27.345722198486328,245.14044189453125,53.67845153808594,4,ARC-d,3,Inside Halim (treated as Class C) → ARC-d
477.5186731815338,-6.264904975891113,106.89478302001953,27.365127563476562,245.06005859375,55.741573333740234,4,ARC-d,3,Inside Halim (treated as Class C) → ARC-d
478.3014643192291,-6.265070915222168,106.89442443847656,27.134719848632812,244.97454833984375,57.83242416381836,4,ARC-d,3,Inside Halim (treated as Class C) → ARC-d
479.07501339912415,-6.265243053436279,106.89405059814453,26.92107391357422,244.9088134765625,59.84488296508789,3,ARC-d,3,Inside Halim (treated as Class C) → ARC-d
479.84536480903625,-6.265419960021973,106.89366912841797,26.681907653808594,244.86895751953125,61.81212615966797,3,ARC-d,3,Inside Halim (treated as Class C) → ARC-d
480.62714672088623,-6.26560640335083,106.89326477050781,26.479581832885742,244.81988525390625,63.784725189208984,3,ARC-d,3,Inside Halim (treated as Class C) → ARC-d
481.4188144207001,-6.265801429748535,106.8928451538086,26.286762237548828,244.75473022460938,65.86166381835938,3,ARC-d,3,Inside Halim (treated as Class C) → ARC-d
482.25253891944885,-6.266017913818359,106.89237976074219,26.051298141479492,244.69009399414062,68.02670288085938,3,ARC-d,3,Inside Halim (treated as Class C) → ARC-d
483.01546597480774,-6.266219139099121,106.89196014404297,25.968219757080078,244.61534118652344,69.94804382324219,5,ARC-d,3,Inside Halim (treated as Class C) → ARC-d
483.63656425476074,-6.266386032104492,106.8916015625,26.344501495361328,244.49493408203125,71.44227600097656,3,ARC-d,3,Inside Halim (treated as Class C) → ARC-d
484.44263076782227,-6.266606330871582,106.8911361694336,27.32615089416504,244.234130859375,73.21610260009766,3,ARC-d,3,Inside Halim (treated as Class C) → ARC-d
485.0744502544403,-6.266789436340332,106.8907470703125,28.70745086669922,244.04132080078125,74.51622772216797,3,ARC-d,3,Inside Halim (treated as Class C) → ARC-d
485.8741841316223,-6.267024517059326,106.8902587890625,31.002416610717773,244.15692138671875,76.01841735839844,3,ARC-d,3,Inside Halim (treated as Class C) → ARC-d
486.6951575279236,-6.267264366149902,106.88975524902344,34.33877182006836,245.37393188476562,77.37741088867188,3,ARC-d,3,Inside Halim (treated as Class C) → ARC-d
487.470009803772,-6.267487525939941,106.88925170898438,38.32965087890625,247.37222290039062,78.5436019897461,6,ARC-d,3,Inside Halim (treated as Class C) → ARC-d
488.2513711452484,-6.267693519592285,106.88873291015625,42.72411346435547,249.6221923828125,79.64727020263672,6,ARC-d,3,Inside Halim (treated as Class C) → ARC-d
489.05713868141174,-6.26788854598999,106.88818359375,47.65473556518555,251.77017211914062,80.694091796875,4,ARC-d,3,Inside Halim (treated as Class C) → ARC-d
489.7004392147064,-6.268031120300293,106.88774108886719,52.15322494506836,253.75848388671875,81.47592163085938,3,ARC-d,3,Inside Halim (treated as Class C) → ARC-d
490.4772355556488,-6.26818323135376,106.8871841430664,58.028072357177734,256.231201171875,82.32534790039062,3,ARC-d,3,Inside Halim (treated as Class C) → ARC-d
491.28135442733765,-6.268310546875,106.88662719726562,64.61788177490234,258.9678955078125,83.10369110107422,3,ARC-d,3,Inside Halim (treated as Class C) → ARC-d
492.08033418655396,-6.268417835235596,106.88602447509766,72.04053497314453,262.0243835449219,83.81929779052734,4,ARC-d,3,Inside Halim (treated as Class C) → ARC-d
492.88441276550293,-6.268491268157959,106.88541412353516,79.67926788330078,265.2825927734375,84.51298522949219,5,ARC-d,3,Inside Halim (treated as Class C) → ARC-d
493.5454103946686,-6.268525123596191,106.8849105834961,85.92960357666016,268.1385498046875,85.09124755859375,5,ARC-d,3,Inside Halim (treated as Class C) → ARC-d
494.3365526199341,-6.268532752990723,106.88430786132812,93.22661590576172,271.7332458496094,85.81287384033203,6,ARC-d,3,Inside Halim (treated as Class C) → ARC-d
495.1403880119324,-6.268500328063965,106.88368225097656,100.37109375,275.399169921875,86.61981201171875,6,ARC-d,3,Inside Halim (treated as Class C) → ARC-d
495.94233560562134,-6.268425941467285,106.883056640625,107.02964782714844,279.45361328125,87.80874633789062,7,ARC-d,3,Inside Halim (treated as Class C) → ARC-d
496.58913826942444,-6.2683329582214355,106.8825454711914,111.97808074951172,282.5064697265625,88.8395004272461,7,ARC-d,3,Inside Halim (treated as Class C) → ARC-d
497.36320424079895,-6.268182754516602,106.88194274902344,117.25538635253906,285.9513854980469,90.14140319824219,7,ARC-d,3,Inside Halim (treated as Class C) → ARC-d
498.1753134727478,-6.267988204956055,106.88130950927734,122.07848358154297,289.46295166015625,91.5691146850586,7,ARC-d,3,Inside Halim (treated as Class C) → ARC-d
498.81815910339355,-6.267802715301514,106.88081359863281,125.46442413330078,291.9141845703125,92.74281311035156,7,ARC-d,3,Inside Halim (treated as Class C) → ARC-d
499.61249232292175,-6.267544269561768,106.88020324707031,129.36651611328125,294.45770263671875,94.18484497070312,7,ARC-d,3,Inside Halim (treated as Class C) → ARC-d
500.4310748577118,-6.267240524291992,106.87956237792969,133.7267303466797,296.8403015136719,95.62659454345703,7,ARC-d,3,Inside Halim (treated as Class C) → ARC-d
501.20242285728455,-6.2669291496276855,106.87896728515625,137.94081115722656,298.59930419921875,96.96345520019531,7,ARC-d,3,Inside Halim (treated as Class C) → ARC-d
501.8466901779175,-6.266652584075928,106.87847900390625,141.4449005126953,299.9486083984375,98.06842803955078,7,ARC-d,3,Inside Halim (treated as Class C) → ARC-d
502.6584668159485,-6.266284942626953,106.87785339355469,145.89004516601562,301.21343994140625,99.44265747070312,7,ARC-d,3,Inside Halim (treated as Class C) → ARC-d
503.43807077407837,-6.265915393829346,106.87725830078125,149.3068389892578,302.1300048828125,100.84680938720703,7,ARC-d,3,Inside Halim (treated as Class C) → ARC-d
504.07256507873535,-6.265604496002197,106.87677001953125,151.3617706298828,302.884765625,102.0344467163086,7,ARC-d,3,Inside Halim (treated as Class C) → ARC-d
504.86118817329407,-6.265201568603516,106.87615966796875,153.5405731201172,303.9740295410156,103.50455474853516,7,ARC-d,3,Inside Halim (treated as Class C) → ARC-d
505.50241351127625,-6.264863014221191,106.87567138671875,155.65353393554688,304.8902893066406,104.63848876953125,7,ARC-d,3,Inside Halim (treated as Class C) → ARC-d
506.28369784355164,-6.264433860778809,106.87506103515625,158.728271484375,305.8503112792969,105.9626693725586,7,ARC-d,3,Inside Halim (treated as Class C) → ARC-d
506.9422881603241,-6.264059066772461,106.87455749511719,161.32347106933594,306.44451904296875,107.07427978515625,7,ARC-d,3,Inside Halim (treated as Class C) → ARC-d
507.74104046821594,-6.263595104217529,106.87393188476562,163.37327575683594,306.9955749511719,108.5099868774414,7,ARC-d,3,Inside Halim (treated as Class C) → ARC-d
508.5342106819153,-6.263119697570801,106.8733139038086,163.9830780029297,307.4577941894531,110.03301239013672,7,ARC-d,3,Inside Halim (treated as Class C) → ARC-d
509.3814866542816,-6.262605667114258,106.87264251708984,163.6681671142578,307.7059631347656,111.69019317626953,7,ARC-d,3,Inside Halim (treated as Class C) → ARC-d
510.19513392448425,-6.26209831237793,106.87198638916016,163.28269958496094,307.830810546875,113.24275970458984,7,ARC-d,3,Inside Halim (treated as Class C) → ARC-d
510.8206341266632,-6.261704921722412,106.8714828491211,163.82102966308594,307.90338134765625,114.33761596679688,7,ARC-d,3,Inside Halim (treated as Class C) → ARC-d
511.4668905735016,-6.261292457580566,106.87095642089844,164.122314453125,307.9465026855469,115.4995346069336,7,ARC-d,3,Inside Halim (treated as Class C) → ARC-d
512.2905521392822,-6.260762691497803,106.87027740478516,162.232666015625,308.147216796875,117.12894439697266,7,ARC-d,3,Inside Halim (treated as Class C) → ARC-d
513.0683329105377,-6.260250091552734,106.86962890625,160.29641723632812,308.44219970703125,118.6177749633789,7,ARC-d,3,Inside Halim (treated as Class C) → ARC-d
513.835232257843,-6.259736061096191,106.86898803710938,159.53970336914062,308.7870788574219,119.95404052734375,7,ARC-d,3,Inside Halim (treated as Class C) → ARC-d
514.6338255405426,-6.259190082550049,106.86831665039062,159.72329711914062,309.5465087890625,121.24163818359375,7,ARC-d,3,Inside Halim (treated as Class C) → ARC-d
515.4550881385803,-6.258602619171143,106.86762237548828,160.89511108398438,311.0350036621094,122.45121765136719,7,ARC-d,3,Inside Halim (treated as Class C) → ARC-d
516.2528944015503,-6.258014678955078,106.86697387695312,162.37303161621094,312.33349609375,123.5888671875,7,ARC-d,3,Inside Halim (treated as Class C) → ARC-d
517.0705168247223,-6.257389545440674,106.8663101196289,163.43589782714844,313.8061218261719,124.75863647460938,7,ARC-d,3,Inside Halim (treated as Class C) → ARC-d
517.701178073883,-6.256886005401611,106.86579895019531,164.14346313476562,314.6452331542969,125.66129302978516,7,ARC-d,3,Inside Halim (treated as Class C) → ARC-d
518.3651049137115,-6.256354808807373,106.86527252197266,163.831787109375,315.27783203125,126.67941284179688,7,ARC-d,3,Inside Halim (treated as Class C) → ARC-d
519.216227054596,-6.255650043487549,106.86458587646484,161.6916961669922,315.8663635253906,128.08572387695312,7,ARC-d,3,Inside Halim (treated as Class C) → ARC-d
520.0111947059631,-6.2549848556518555,106.86394500732422,158.5552215576172,316.234130859375,129.43614196777344,7,ARC-d,3,Inside Halim (treated as Class C) → ARC-d
520.8091921806335,-6.254312992095947,106.8633041381836,156.10289001464844,316.43670654296875,130.69142150878906,7,ARC-d,3,Inside Halim (treated as Class C) → ARC-d
521.6463396549225,-6.253594875335693,106.86262512207031,154.3809051513672,316.5682678222656,131.9200897216797,7,ARC-d,3,Inside Halim (treated as Class C) → ARC-d
522.458758354187,-6.252889633178711,106.8619613647461,153.0823516845703,316.5711364746094,133.05380249023438,7,ARC-d,3,Inside Halim (treated as Class C) → ARC-d
523.2885417938232,-6.25217866897583,106.86128234863281,152.597900390625,316.38836669921875,134.10516357421875,7,ARC-d,3,Inside Halim (treated as Class C) → ARC-d
523.9408552646637,-6.251589775085449,106.8607177734375,153.27102661132812,316.3457336425781,134.81259155273438,7,ARC-d,3,Inside Halim (treated as Class C) → ARC-d
524.7423510551453,-6.250881671905518,106.86004638671875,157.68800354003906,316.43365478515625,135.43289184570312,7,ARC-d,3,Inside Halim (treated as Class C) → ARC-d
525.5256068706512,-6.250192165374756,106.85939025878906,162.0421142578125,316.43133544921875,136.0465850830078,7,ARC-d,3,Inside Halim (treated as Class C) → ARC-d
526.3067564964294,-6.249497413635254,106.85873413085938,163.00791931152344,316.5299072265625,136.89080810546875,7,ARC-d,3,Inside Halim (treated as Class C) → ARC-d
527.1055243015289,-6.248779296875,106.8580551147461,162.32398986816406,316.7526550292969,137.8419189453125,7,ARC-c,2,500 ft < OPS < FL600 in Uncontrolled Airspace → ARC-c
527.8966126441956,-6.2480621337890625,106.85738372802734,161.21533203125,317.01190185546875,138.78390502929688,7,ARC-c,2,500 ft < OPS < FL600 in Uncontrolled Airspace → ARC-c
528.7129566669464,-6.247307777404785,106.856689453125,160.2206573486328,317.3587341308594,139.71339416503906,7,ARC-c,2,500 ft < OPS < FL600 in Uncontrolled Airspace → ARC-c
529.5144662857056,-6.246567249298096,106.85601043701172,159.51109313964844,317.6570129394531,140.5892333984375,7,ARC-c,2,500 ft < OPS < FL600 in Uncontrolled Airspace → ARC-c
530.3301236629486,-6.245792865753174,106.85531616210938,159.1969757080078,318.0226135253906,141.42262268066406,7,ARC-c,2,500 ft < OPS < FL600 in Uncontrolled Airspace → ARC-c
531.1229596138,-6.2450361251831055,106.8546371459961,159.28518676757812,318.4041442871094,142.18917846679688,7,ARC-c,2,500 ft < OPS < FL600 in Uncontrolled Airspace → ARC-c
531.9801380634308,-6.2442193031311035,106.85391998291016,159.23641967773438,318.7349853515625,143.00958251953125,7,ARC-c,2,500 ft < OPS < FL600 in Uncontrolled Airspace → ARC-c
532.6442596912384,-6.243558883666992,106.85334777832031,158.16871643066406,319.013671875,143.70384216308594,6,ARC-c,2,500 ft < OPS < FL600 in Uncontrolled Airspace → ARC-c
533.4580311775208,-6.2427520751953125,106.8526611328125,155.65570068359375,319.34613037109375,144.61077880859375,7,ARC-c,2,500 ft < OPS < FL600 in Uncontrolled Airspace → ARC-c
534.260002374649,-6.241955757141113,106.85198211669922,151.8689422607422,319.7323303222656,145.55882263183594,8,ARC-c,2,OPS ≤ 500 ft AND Controlled or Urban → ARC-c
535.077118396759,-6.241135120391846,106.8512954711914,149.7955780029297,320.2765197753906,146.3453826904297,7,ARC-c,2,OPS ≤ 500 ft AND Controlled or Urban → ARC-c
535.8624727725983,-6.240333557128906,106.85063934326172,150.23263549804688,320.60479736328125,146.94802856445312,7,ARC-c,2,OPS ≤ 500 ft AND Controlled or Urban → ARC-c
536.6478152275085,-6.239529609680176,106.84998321533203,150.29351806640625,320.90374755859375,147.5667266845703,7,ARC-c,2,OPS ≤ 500 ft AND Controlled or Urban → ARC-c
537.4269754886627,-6.238719463348389,106.84933471679688,150.0266876220703,321.3442077636719,148.171875,7,ARC-c,2,OPS ≤ 500 ft AND Controlled or Urban → ARC-c
538.2229552268982,-6.237894058227539,106.84867858886719,151.88999938964844,321.67572021484375,148.63047790527344,7,ARC-c,2,OPS ≤ 500 ft AND Controlled or Urban → ARC-c
539.0623204708099,-6.237001419067383,106.84797668457031,153.34518432617188,321.88214111328125,149.15985107421875,7,ARC-c,2,500 ft < OPS < FL600 in Uncontrolled Airspace → ARC-c
539.8523712158203,-6.236160755157471,106.84732818603516,152.78842163085938,322.1268310546875,149.76109313964844,7,ARC-c,2,500 ft < OPS < FL600 in Uncontrolled Airspace → ARC-c
540.6460602283478,-6.235313415527344,106.84667205810547,152.2919464111328,322.36383056640625,150.33517456054688,7,ARC-c,2,OPS ≤ 500 ft AND Controlled or Urban → ARC-c
541.452347278595,-6.234446048736572,106.84600830078125,152.32830810546875,322.5221862792969,150.87303161621094,7,ARC-c,2,OPS ≤ 500 ft AND Controlled or Urban → ARC-c
542.2572598457336,-6.233578681945801,106.84534454345703,152.22120666503906,322.599609375,151.40338134765625,7,ARC-c,2,OPS ≤ 500 ft AND Controlled or Urban → ARC-c
542.8938512802124,-6.232885360717773,106.84481048583984,152.39735412597656,322.614013671875,151.79464721679688,7,ARC-c,2,OPS ≤ 500 ft AND Controlled or Urban → ARC-c
543.5523529052734,-6.232172012329102,106.84426879882812,152.62962341308594,322.62078857421875,152.1898651123047,7,ARC-c,2,500 ft < OPS < FL600 in Uncontrolled Airspace → ARC-c
544.3724050521851,-6.231276035308838,106.84358215332031,151.68873596191406,322.6593322753906,152.75120544433594,7,ARC-c,2,OPS ≤ 500 ft AND Controlled or Urban → ARC-c
545.1672036647797,-6.230405807495117,106.84292602539062,149.8911895751953,322.88409423828125,153.33384704589844,7,ARC-c,2,OPS ≤ 500 ft AND Controlled or Urban → ARC-c
545.9509699344635,-6.229535102844238,106.84227752685547,147.7117156982422,323.5953674316406,153.90609741210938,7,ARC-c,2,OPS ≤ 500 ft AND Controlled or Urban → ARC-c
546.7522656917572,-6.22863245010376,106.84162902832031,146.81829833984375,324.361083984375,154.39259338378906,7,ARC-c,2,OPS ≤ 500 ft AND Controlled or Urban → ARC-c
547.5609004497528,-6.2277092933654785,106.84098815917969,146.2593536376953,324.845703125,154.857177734375,7,ARC-c,2,OPS ≤ 500 ft AND Controlled or Urban → ARC-c
548.3613505363464,-6.226791858673096,106.8403549194336,142.07058715820312,324.90838623046875,155.52899169921875,7,ARC-c,2,OPS ≤ 500 ft AND Controlled or Urban → ARC-c
549.1381056308746,-6.225892066955566,106.83973693847656,134.15692138671875,325.6874694824219,156.39227294921875,7,ARC-c,2,OPS ≤ 500 ft AND Controlled or Urban → ARC-c
549.929993391037,-6.22496223449707,106.83911895751953,128.38206481933594,326.3453674316406,157.08558654785156,6,ARC-c,2,OPS ≤ 500 ft AND Controlled or Urban → ARC-c
550.5724890232086,-6.224200248718262,106.83861541748047,124.61393737792969,326.6028747558594,157.59226989746094,6,ARC-c,2,OPS ≤ 500 ft AND Controlled or Urban → ARC-c
551.224915266037,-6.2234272956848145,106.83810424804688,121.69926452636719,326.7225036621094,158.0311737060547,7,ARC-c,2,OPS ≤ 500 ft AND Controlled or Urban → ARC-c
551.8697662353516,-6.222663402557373,106.83760833740234,119.63729858398438,326.73431396484375,158.41502380371094,7,ARC-c,2,OPS ≤ 500 ft AND Controlled or Urban → ARC-c
552.5062162876129,-6.221899509429932,106.83710479736328,117.0865249633789,326.67236328125,158.81190490722656,7,ARC-c,2,OPS ≤ 500 ft AND Controlled or Urban → ARC-c
553.1500129699707,-6.221135139465332,106.83660125732422,114.80121612548828,326.49859619140625,159.18096923828125,6,ARC-c,2,OPS ≤ 500 ft AND Controlled or Urban → ARC-c
553.9899280071259,-6.220133304595947,106.83592987060547,114.91134643554688,326.358154296875,159.4385223388672,7,ARC-c,2,OPS ≤ 500 ft AND Controlled or Urban → ARC-c
554.7733421325684,-6.219202041625977,106.8353042602539,105.20993041992188,326.2119445800781,159.9043426513672,7,ARC-c,2,OPS ≤ 500 ft AND Controlled or Urban → ARC-c
555.4209218025208,-6.218442916870117,106.83479309082031,101.11368560791016,325.5455322265625,160.25674438476562,7,ARC-c,2,OPS ≤ 500 ft AND Controlled or Urban → ARC-c
556.2387676239014,-6.217465877532959,106.83411407470703,104.54296112060547,324.8964538574219,160.26300048828125,7,ARC-c,2,OPS ≤ 500 ft AND Controlled or Urban → ARC-c
557.0624380111694,-6.2164530754089355,106.83338928222656,105.89142608642578,324.5009765625,160.41603088378906,7,ARC-c,2,OPS ≤ 500 ft AND Controlled or Urban → ARC-c
557.8452532291412,-6.215542793273926,106.83271789550781,106.7373275756836,322.60986328125,160.58853149414062,7,ARC-c,2,OPS ≤ 500 ft AND Controlled or Urban → ARC-c
558.6238610744476,-6.2146687507629395,106.83200073242188,111.76642608642578,319.3705139160156,160.44334411621094,7,ARC-c,2,OPS ≤ 500 ft AND Controlled or Urban → ARC-c
559.4169692993164,-6.213827133178711,106.83124542236328,119.85009002685547,318.5501708984375,160.196044921875,7,ARC-c,2,OPS ≤ 500 ft AND Controlled or Urban → ARC-c
560.2446768283844,-6.212941646575928,106.8304443359375,122.45081329345703,318.6611022949219,160.27642822265625,7,ARC-c,2,OPS ≤ 500 ft AND Controlled or Urban → ARC-c
561.0798490047455,-6.212054252624512,106.82962799072266,121.189208984375,316.6158142089844,160.5902099609375,7,ARC-c,2,OPS ≤ 500 ft AND Controlled or Urban → ARC-c
561.8534989356995,-6.211242198944092,106.82884216308594,122.9249496459961,314.9434814453125,160.6981658935547,7,ARC-c,2,OPS ≤ 500 ft AND Controlled or Urban → ARC-c
562.5048289299011,-6.210601329803467,106.82816314697266,125.6429443359375,314.30609130859375,160.72967529296875,6,ARC-c,2,OPS ≤ 500 ft AND Controlled or Urban → ARC-c
563.1562111377716,-6.209956645965576,106.82748413085938,126.72517395019531,313.7905578613281,160.8580780029297,7,ARC-c,2,OPS ≤ 500 ft AND Controlled or Urban → ARC-c
563.8098783493042,-6.209304332733154,106.8267822265625,127.37934875488281,312.9998474121094,161.00344848632812,7,ARC-c,2,OPS ≤ 500 ft AND Controlled or Urban → ARC-c
564.6688106060028,-6.208460807800293,106.82586669921875,126.34291076660156,312.63970947265625,161.30096435546875,8,ARC-c,2,OPS ≤ 500 ft AND Controlled or Urban → ARC-c
565.4949064254761,-6.207650184631348,106.82498168945312,119.86128997802734,312.2891845703125,161.87081909179688,8,ARC-c,2,OPS ≤ 500 ft AND Controlled or Urban → ARC-c
566.2845602035522,-6.206872940063477,106.8241195678711,118.7366714477539,312.08331298828125,162.11410522460938,7,ARC-c,2,OPS ≤ 500 ft AND Controlled or Urban → ARC-c
566.9323003292084,-6.206241130828857,106.82341766357422,118.66690826416016,312.052490234375,162.28131103515625,7,ARC-c,2,OPS ≤ 500 ft AND Controlled or Urban → ARC-c
567.7353637218475,-6.20545768737793,106.82254791259766,115.84425354003906,312.02032470703125,162.64576721191406,7,ARC-c,2,OPS ≤ 500 ft AND Controlled or Urban → ARC-c
568.5182259082794,-6.2046918869018555,106.82169342041016,108.34065246582031,311.75567626953125,163.24424743652344,7,ARC-c,2,OPS ≤ 500 ft AND Controlled or Urban → ARC-c
569.2921454906464,-6.203945159912109,106.82083892822266,104.15937805175781,311.0508728027344,163.61175537109375,7,ARC-c,2,OPS ≤ 500 ft AND Controlled or Urban → ARC-c
570.075236082077,-6.203191757202148,106.81996154785156,101.0527114868164,310.301025390625,163.94207763671875,7,ARC-c,2,OPS ≤ 500 ft AND Controlled or Urban → ARC-c
570.8573234081268,-6.202465057373047,106.81905364990234,98.04248046875,307.00665283203125,164.2147216796875,6,ARC-c,2,OPS ≤ 500 ft AND Controlled or Urban → ARC-c
571.644294500351,-6.2018141746521,106.81807708740234,98.97420501708984,299.5796203613281,164.1209716796875,7,ARC-c,2,OPS ≤ 500 ft AND Controlled or Urban → ARC-c
572.4289898872375,-6.201290607452393,106.81704711914062,104.69119262695312,295.3333740234375,163.84539794921875,7,ARC-c,2,OPS ≤ 500 ft AND Controlled or Urban → ARC-c
573.0690124034882,-6.2009172439575195,106.8161849975586,110.0743179321289,294.07745361328125,163.4266357421875,6,ARC-c,2,OPS ≤ 500 ft AND Controlled or Urban → ARC-c
573.9552602767944,-6.200364112854004,106.81500244140625,119.28994750976562,296.6360168457031,162.98687744140625,7,ARC-c,2,OPS ≤ 500 ft AND Controlled or Urban → ARC-c
574.7433588504791,-6.1997880935668945,106.81399536132812,128.30870056152344,302.9285583496094,162.53477478027344,7,ARC-c,2,OPS ≤ 500 ft AND Controlled or Urban → ARC-c
575.5299050807953,-6.199113845825195,106.81306457519531,139.2945098876953,309.2816467285156,161.97412109375,6,ARC-c,2,OPS ≤ 500 ft AND Controlled or Urban → ARC-c
576.1639070510864,-6.198512077331543,106.81237030029297,147.35281372070312,309.84552001953125,161.64703369140625,7,ARC-c,2,OPS ≤ 500 ft AND Controlled or Urban → ARC-c
576.9883685112,-6.197717189788818,106.81147003173828,152.88821411132812,310.7253112792969,161.52783203125,7,ARC-c,2,500 ft < OPS < FL600 in Uncontrolled Airspace → ARC-c
577.7724318504333,-6.196948528289795,106.81063079833984,153.63990783691406,311.0379943847656,161.68882751464844,7,ARC-c,2,500 ft < OPS < FL600 in Uncontrolled Airspace → ARC-c
578.4049172401428,-6.196323871612549,106.80995178222656,150.34803771972656,312.0927429199219,162.04693603515625,6,ARC-c,2,OPS ≤ 500 ft AND Controlled or Urban → ARC-c
579.1989347934723,-6.195535182952881,106.80911254882812,143.5365753173828,313.47601318359375,162.64414978027344,7,ARC-c,2,OPS ≤ 500 ft AND Controlled or Urban → ARC-c
579.9896869659424,-6.19472074508667,106.80829620361328,138.91647338867188,315.2976379394531,163.0537567138672,7,ARC-c,2,OPS ≤ 500 ft AND Controlled or Urban → ARC-c
580.651650428772,-6.194015979766846,106.8076171875,137.94627380371094,315.96429443359375,163.24343872070312,7,ARC-c,2,OPS ≤ 500 ft AND Controlled or Urban → ARC-c
581.4621639251709,-6.193148612976074,106.80680084228516,136.50782775878906,316.8311462402344,163.49166870117188,7,ARC-c,2,OPS ≤ 500 ft AND Controlled or Urban → ARC-c
582.2743513584137,-6.192267417907715,106.80599212646484,134.44309997558594,317.32867431640625,163.77423095703125,7,ARC-c,2,OPS ≤ 500 ft AND Controlled or Urban → ARC-c
583.0622360706329,-6.191405296325684,106.80521392822266,131.2450408935547,317.8624572753906,164.1073455810547,7,ARC-c,2,OPS ≤ 500 ft AND Controlled or Urban → ARC-c
583.7136766910553,-6.190689563751221,106.80457305908203,128.16412353515625,318.263916015625,164.4008026123047,7,ARC-c,2,OPS ≤ 500 ft AND Controlled or Urban → ARC-c
584.5251431465149,-6.189737796783447,106.80374908447266,123.06773376464844,318.8834533691406,164.82525634765625,7,ARC-c,2,OPS ≤ 500 ft AND Controlled or Urban → ARC-c
585.2990045547485,-6.188865661621094,106.8030014038086,120.14604187011719,319.5570983886719,165.09580993652344,7,ARC-c,2,OPS ≤ 500 ft AND Controlled or Urban → ARC-c
586.0963361263275,-6.187965393066406,106.80224609375,118.65997314453125,320.0970458984375,165.28268432617188,7,ARC-c,2,OPS ≤ 500 ft AND Controlled or Urban → ARC-c
586.7611002922058,-6.187197685241699,106.8016128540039,116.02448272705078,320.26171875,165.5208282470703,7,ARC-c,2,OPS ≤ 500 ft AND Controlled or Urban → ARC-c
587.5861582756042,-6.186241626739502,106.80084228515625,112.68560028076172,321.0155334472656,165.7890167236328,7,ARC-c,2,OPS ≤ 500 ft AND Controlled or Urban → ARC-c
588.3663055896759,-6.185328006744385,106.80011749267578,109.25611114501953,321.43109130859375,166.07138061523438,7,ARC-c,2,OPS ≤ 500 ft AND Controlled or Urban → ARC-c
589.1548483371735,-6.18440055847168,106.79939270019531,103.86833953857422,321.8184509277344,166.46119689941406,8,ARC-c,2,OPS ≤ 500 ft AND Controlled or Urban → ARC-c
589.9526879787445,-6.183449745178223,106.79866027832031,98.24303436279297,322.5146789550781,166.83993530273438,8,ARC-c,2,OPS ≤ 500 ft AND Controlled or Urban → ARC-c
590.7664287090302,-6.1824750900268555,106.79792785644531,92.92671203613281,322.8853759765625,167.20361328125,7,ARC-c,2,OPS ≤ 500 ft AND Controlled or Urban → ARC-c
591.5545134544373,-6.181525707244873,106.7972183227539,85.9637222290039,323.0863342285156,167.64276123046875,7,ARC-c,2,OPS ≤ 500 ft AND Controlled or Urban → ARC-c
592.3451118469238,-6.180572986602783,106.79650115966797,79.69066619873047,323.11322021484375,168.0270233154297,7,ARC-c,2,OPS ≤ 500 ft AND Controlled or Urban → ARC-c
593.1343419551849,-6.179624557495117,106.79578399658203,73.50841522216797,322.9324035644531,168.3923797607422,5,ARC-b,1,OPS ≤ 500 ft in Uncontrolled Rural Area → ARC-b
593.9449188709259,-6.178646087646484,106.79503631591797,69.61357116699219,322.4389343261719,168.60292053222656,7,ARC-c,2,OPS ≤ 500 ft AND Controlled or Urban → ARC-c
594.7267482280731,-6.177713871002197,106.79430389404297,68.03754425048828,321.710205078125,168.6744842529297,7,ARC-c,2,OPS ≤ 500 ft AND Controlled or Urban → ARC-c
595.5224387645721,-6.176771640777588,106.79354095458984,69.07826232910156,320.9623718261719,168.6001739501953,7,ARC-c,2,OPS ≤ 500 ft AND Controlled or Urban → ARC-c
596.3047156333923,-6.17585563659668,106.79278564453125,70.61671447753906,320.58990478515625,168.5108184814453,7,ARC-c,2,OPS ≤ 500 ft AND Controlled or Urban → ARC-c
597.1154608726501,-6.1749091148376465,106.79199981689453,69.2185287475586,320.345947265625,168.58712768554688,6,ARC-c,2,OPS ≤ 500 ft AND Controlled or Urban → ARC-c
597.9140076637268,-6.173970699310303,106.79122924804688,67.1394271850586,320.9581604003906,168.69558715820312,7,ARC-c,2,OPS ≤ 500 ft AND Controlled or Urban → ARC-c
598.6914305686951,-6.173038959503174,106.79051208496094,69.00810241699219,323.8521728515625,168.5004119873047,7,ARC-c,2,OPS ≤ 500 ft AND Controlled or Urban → ARC-c
599.3333787918091,-6.17223596572876,106.78996276855469,76.46907043457031,327.63909912109375,167.98257446289062,7,ARC-c,2,OPS ≤ 500 ft AND Controlled or Urban → ARC-c
600.1598129272461,-6.171154499053955,106.78935241699219,91.67473602294922,334.4073791503906,167.01446533203125,7,ARC-c,2,OPS ≤ 500 ft AND Controlled or Urban → ARC-c
600.9478912353516,-6.170060157775879,106.7889175415039,107.45679473876953,343.1671447753906,166.00074768066406,7,ARC-c,2,OPS ≤ 500 ft AND Controlled or Urban → ARC-c
601.7421779632568,-6.16891622543335,106.78865814208984,119.72738647460938,352.27423095703125,165.2151641845703,7,ARC-c,2,OPS ≤ 500 ft AND Controlled or Urban → ARC-c
602.5268340110779,-6.16776180267334,106.78858947753906,124.63279724121094,1.4258360862731934,164.85665893554688,7,ARC-c,2,OPS ≤ 500 ft AND Controlled or Urban → ARC-c
603.3046588897705,-6.166614055633545,106.7886962890625,125.97254180908203,9.963310241699219,164.73036193847656,7,ARC-c,2,OPS ≤ 500 ft AND Controlled or Urban → ARC-c
604.0899314880371,-6.165487766265869,106.78895568847656,127.75931549072266,14.910001754760742,164.6783905029297,7,ARC-c,2,OPS ≤ 500 ft AND Controlled or Urban → ARC-c
604.8683431148529,-6.164389133453369,106.789306640625,129.90945434570312,16.58368682861328,164.64796447753906,7,ARC-c,2,OPS ≤ 500 ft AND Controlled or Urban → ARC-c
605.6619532108307,-6.16327428817749,106.78968048095703,127.70655059814453,18.127790451049805,164.8799285888672,6,ARC-c,2,OPS ≤ 500 ft AND Controlled or Urban → ARC-c
606.4623918533325,-6.162168502807617,106.79008483886719,122.58006286621094,19.45706558227539,165.29615783691406,7,ARC-c,2,OPS ≤ 500 ft AND Controlled or Urban → ARC-c
607.1081974506378,-6.1612725257873535,106.79043579101562,116.91555786132812,20.67033576965332,165.7091522216797,7,ARC-c,2,OPS ≤ 500 ft AND Controlled or Urban → ARC-c
607.9035964012146,-6.16017484664917,106.79088592529297,109.16065979003906,21.945560455322266,166.2477569580078,7,ARC-c,2,OPS ≤ 500 ft AND Controlled or Urban → ARC-c
608.7014164924622,-6.159079551696777,106.79135131835938,100.87939453125,22.785005569458008,166.7998809814453,7,ARC-c,2,OPS ≤ 500 ft AND Controlled or Urban → ARC-c
609.3337457180023,-6.158208847045898,106.79173278808594,93.98910522460938,23.344390869140625,167.22628784179688,6,ARC-c,2,OPS ≤ 500 ft AND Controlled or Urban → ARC-c
610.1208510398865,-6.1571245193481445,106.79219818115234,88.89726257324219,22.417922973632812,167.51730346679688,6,ARC-c,2,OPS ≤ 500 ft AND Controlled or Urban → ARC-c
610.9011144638062,-6.156014442443848,106.79261779785156,89.348388671875,18.616535186767578,167.44874572753906,7,ARC-c,2,OPS ≤ 500 ft AND Controlled or Urban → ARC-c
611.6779043674469,-6.154892444610596,106.79293823242188,94.52989196777344,12.28642749786377,167.07675170898438,7,ARC-c,2,OPS ≤ 500 ft AND Controlled or Urban → ARC-c
612.4627614021301,-6.1537346839904785,106.7931137084961,102.09466552734375,2.700997829437256,166.49481201171875,7,ARC-c,2,OPS ≤ 500 ft AND Controlled or Urban → ARC-c
613.2529940605164,-6.152559280395508,106.7930679321289,108.03497314453125,351.5021057128906,165.93455505371094,6,ARC-c,2,OPS ≤ 500 ft AND Controlled or Urban → ARC-c
614.0327858924866,-6.151429653167725,106.79280853271484,110.82011413574219,340.4941711425781,165.55958557128906,6,ARC-c,2,OPS ≤ 500 ft AND Controlled or Urban → ARC-c
614.8357965946198,-6.15033483505249,106.79235076904297,115.83145141601562,335.2284851074219,165.09213256835938,7,ARC-c,2,OPS ≤ 500 ft AND Controlled or Urban → ARC-c
615.6253392696381,-6.149301052093506,106.79185485839844,122.57344055175781,333.78680419921875,164.77455139160156,7,ARC-c,2,OPS ≤ 500 ft AND Controlled or Urban → ARC-c
616.4045126438141,-6.1482343673706055,106.79134368896484,122.75664520263672,334.2240905761719,164.86410522460938,6,ARC-c,2,OPS ≤ 500 ft AND Controlled or Urban → ARC-c
617.2122974395752,-6.14715051651001,106.79082489013672,119.52153778076172,334.3465881347656,165.15235900878906,7,ARC-c,2,OPS ≤ 500 ft AND Controlled or Urban → ARC-c
617.9919683933258,-6.146105766296387,106.79032897949219,116.27305603027344,334.6610412597656,165.43080139160156,5,ARC-b,1,OPS ≤ 500 ft in Uncontrolled Rural Area → ARC-b
618.7995009422302,-6.145018577575684,106.7898178100586,115.2413101196289,334.84967041015625,165.58233642578125,7,ARC-c,2,OPS ≤ 500 ft AND Controlled or Urban → ARC-c
619.5833690166473,-6.143965721130371,106.7893295288086,114.05540466308594,334.922607421875,165.70309448242188,6,ARC-c,2,OPS ≤ 500 ft AND Controlled or Urban → ARC-c
620.3821957111359,-6.142882823944092,106.78883361816406,110.27108764648438,335.1211853027344,165.4234161376953,7,ARC-c,2,OPS ≤ 500 ft AND Controlled or Urban → ARC-c
621.1777079105377,-6.14182710647583,106.7883529663086,106.04084014892578,335.573974609375,165.02822875976562,6,ARC-c,2,OPS ≤ 500 ft AND Controlled or Urban → ARC-c
621.9563295841217,-6.140746116638184,106.78787231445312,101.20342254638672,335.7632751464844,164.72897338867188,6,ARC-c,2,OPS ≤ 500 ft AND Controlled or Urban → ARC-c
622.7412629127502,-6.139684677124023,106.78739929199219,94.6862564086914,335.9925231933594,164.6275634765625,7,ARC-c,2,OPS ≤ 500 ft AND Controlled or Urban → ARC-c
623.5207867622375,-6.138635635375977,106.78693389892578,90.2970199584961,335.81573486328125,164.5131072998047,7,ARC-c,2,OPS ≤ 500 ft AND Controlled or Urban → ARC-c
624.1576237678528,-6.137776851654053,106.78653717041016,87.33615112304688,335.5191650390625,164.39276123046875,7,ARC-c,2,OPS ≤ 500 ft AND Controlled or Urban → ARC-c
624.9349045753479,-6.1367411613464355,106.78605651855469,83.85221099853516,335.0494079589844,164.24102783203125,7,ARC-c,2,OPS ≤ 500 ft AND Controlled or Urban → ARC-c
625.7446100711823,-6.13566255569458,106.78553771972656,81.16674041748047,334.1525573730469,163.72630310058594,6,ARC-c,2,OPS ≤ 500 ft AND Controlled or Urban → ARC-c
626.5187931060791,-6.13464879989624,106.7850341796875,79.48661041259766,333.2789306640625,162.87843322753906,3,ARC-b,1,OPS ≤ 500 ft in Uncontrolled Rural Area → ARC-b
627.2911026477814,-6.13364839553833,106.78450012207031,78.70114135742188,331.94500732421875,161.94410705566406,4,ARC-b,1,OPS ≤ 500 ft in Uncontrolled Rural Area → ARC-b
628.06352186203,-6.132666110992432,106.7839584350586,78.37626647949219,331.0442810058594,161.01531982421875,3,ARC-b,1,OPS ≤ 500 ft in Uncontrolled Rural Area → ARC-b
628.8546237945557,-6.131678104400635,106.78338623046875,77.50363159179688,329.6039123535156,160.13819885253906,6,ARC-c,2,OPS ≤ 500 ft AND Controlled or Urban → ARC-c
629.6210100650787,-6.130734920501709,106.78280639648438,77.19310760498047,328.3013000488281,159.3179168701172,6,ARC-c,2,OPS ≤ 500 ft AND Controlled or Urban → ARC-c
630.3938217163086,-6.129812717437744,106.78219604492188,77.37545013427734,326.05792236328125,158.49575805664062,6,ARC-c,2,OPS ≤ 500 ft AND Controlled or Urban → ARC-c
631.1746892929077,-6.128906726837158,106.78155517578125,78.24568176269531,324.6182861328125,157.7289276123047,6,ARC-c,2,OPS ≤ 500 ft AND Controlled or Urban → ARC-c
631.9877409934998,-6.127988815307617,106.7808609008789,78.2538070678711,322.7690124511719,157.02362060546875,7,ARC-c,2,OPS ≤ 500 ft AND Controlled or Urban → ARC-c
632.7667071819305,-6.127141952514648,106.78015899658203,78.21949005126953,318.7468566894531,156.3357391357422,7,ARC-c,2,OPS ≤ 500 ft AND Controlled or Urban → ARC-c
633.5543308258057,-6.126344203948975,106.7793960571289,81.01750183105469,314.8053283691406,155.47789001464844,7,ARC-c,2,OPS ≤ 500 ft AND Controlled or Urban → ARC-c
634.353556394577,-6.125593185424805,106.778564453125,84.78874206542969,309.70355224609375,154.5803985595703,7,ARC-c,2,OPS ≤ 500 ft AND Controlled or Urban → ARC-c
635.1441223621368,-6.124938011169434,106.7776870727539,89.52943420410156,303.77978515625,153.6107177734375,7,ARC-c,2,OPS ≤ 500 ft AND Controlled or Urban → ARC-c
635.9278800487518,-6.1243743896484375,106.77674865722656,94.03202056884766,299.4239196777344,152.45066833496094,6,ARC-c,2,OPS ≤ 500 ft AND Controlled or Urban → ARC-c
636.7094986438751,-6.123901844024658,106.77579498291016,97.22602081298828,293.4488525390625,150.9031524658203,5,ARC-b,1,OPS ≤ 500 ft in Uncontrolled Rural Area → ARC-b
637.3419971466064,-6.123596668243408,106.77499389648438,99.40885925292969,288.1612243652344,149.55682373046875,6,ARC-c,2,OPS ≤ 500 ft AND Controlled or Urban → ARC-c
637.9886314868927,-6.12336540222168,106.774169921875,101.68022918701172,283.454345703125,148.19082641601562,6,ARC-c,2,OPS ≤ 500 ft AND Controlled or Urban → ARC-c
638.8110723495483,-6.123156547546387,106.7730941772461,104.76742553710938,279.48455810546875,146.51976013183594,6,ARC-c,2,OPS ≤ 500 ft AND Controlled or Urban → ARC-c
639.6173644065857,-6.123022556304932,106.77204132080078,107.6531753540039,275.60430908203125,144.9237060546875,6,ARC-c,2,OPS ≤ 500 ft AND Controlled or Urban → ARC-c
640.4121022224426,-6.122952461242676,106.77103424072266,111.7016830444336,273.4140625,143.4361572265625,5,ARC-b,1,OPS ≤ 500 ft in Uncontrolled Rural Area → ARC-b
641.2624680995941,-6.122900485992432,106.76995086669922,114.7063980102539,272.64361572265625,142.54518127441406,3,ARC-b,1,OPS ≤ 500 ft in Uncontrolled Rural Area → ARC-b
641.9152407646179,-6.122860908508301,106.76910400390625,110.78492736816406,272.4187927246094,142.58462524414062,4,ARC-b,1,OPS ≤ 500 ft in Uncontrolled Rural Area → ARC-b
642.7235190868378,-6.122810363769531,106.76805114746094,103.28242492675781,272.595458984375,142.795166015625,3,ARC-b,1,OPS ≤ 500 ft in Uncontrolled Rural Area → ARC-b
643.5350351333618,-6.122757911682129,106.76701354980469,95.59701538085938,272.7165832519531,143.04946899414062,5,ARC-b,1,OPS ≤ 500 ft in Uncontrolled Rural Area → ARC-b
644.3454422950745,-6.122702598571777,106.7659683227539,88.11912536621094,272.9200744628906,143.31666564941406,3,ARC-b,1,OPS ≤ 500 ft in Uncontrolled Rural Area → ARC-b
645.1720170974731,-6.12264347076416,106.76490020751953,83.65925598144531,273.051513671875,143.4165496826172,3,ARC-b,1,OPS ≤ 500 ft in Uncontrolled Rural Area → ARC-b
645.8319804668427,-6.122594356536865,106.76404571533203,81.98429107666016,273.1284484863281,143.4119415283203,3,ARC-b,1,OPS ≤ 500 ft in Uncontrolled Rural Area → ARC-b
646.6475267410278,-6.122533798217773,106.76299285888672,81.31398010253906,273.18572998046875,143.39657592773438,3,ARC-b,1,OPS ≤ 500 ft in Uncontrolled Rural Area → ARC-b
647.3218929767609,-6.1224822998046875,106.76212310791016,81.11434173583984,273.22412109375,143.47348022460938,3,ARC-b,1,OPS ≤ 500 ft in Uncontrolled Rural Area → ARC-b
648.1453173160553,-6.122418403625488,106.76105499267578,81.51927185058594,273.27972412109375,143.6323699951172,3,ARC-b,1,OPS ≤ 500 ft in Uncontrolled Rural Area → ARC-b
648.9509797096252,-6.1223554611206055,106.76001739501953,82.39885711669922,273.31842041015625,143.82635498046875,3,ARC-b,1,OPS ≤ 500 ft in Uncontrolled Rural Area → ARC-b
649.8180696964264,-6.122287750244141,106.75889587402344,82.30783081054688,273.3372802734375,144.29737854003906,3,ARC-b,1,OPS ≤ 500 ft in Uncontrolled Rural Area → ARC-b
650.6321008205414,-6.122220993041992,106.7578125,81.31278991699219,273.34503173828125,144.9988555908203,3,ARC-b,1,OPS ≤ 500 ft in Uncontrolled Rural Area → ARC-b
651.3068268299103,-6.122167110443115,106.75695037841797,79.41555786132812,273.40740966796875,145.6659698486328,3,ARC-b,1,OPS ≤ 500 ft in Uncontrolled Rural Area → ARC-b
652.2072699069977,-6.1220927238464355,106.75579071044922,76.5589370727539,273.5360107421875,146.56216430664062,3,ARC-b,1,OPS ≤ 500 ft in Uncontrolled Rural Area → ARC-b
653.0055372714996,-6.1220197677612305,106.75469207763672,73.7674331665039,273.63800048828125,147.39013671875,3,ARC-b,1,OPS ≤ 500 ft in Uncontrolled Rural Area → ARC-b
653.7975523471832,-6.121947765350342,106.75363159179688,71.2762451171875,273.7172546386719,148.17308044433594,6,ARC-c,2,OPS ≤ 500 ft AND Controlled or Urban → ARC-c
654.461573600769,-6.121886730194092,106.75274658203125,69.56293487548828,273.80755615234375,148.78121948242188,5,ARC-b,1,OPS ≤ 500 ft in Uncontrolled Rural Area → ARC-b
655.32972240448,-6.121801853179932,106.7515640258789,68.89110565185547,274.0189514160156,149.4599609375,4,ARC-b,1,OPS ≤ 500 ft in Uncontrolled Rural Area → ARC-b
656.1146099567413,-6.121718883514404,106.7505111694336,68.3945083618164,274.3407897949219,150.05543518066406,3,ARC-b,1,OPS ≤ 500 ft in Uncontrolled Rural Area → ARC-b
656.8970537185669,-6.121624946594238,106.74945068359375,67.74081420898438,275.144287109375,150.6341094970703,3,ARC-b,1,OPS ≤ 500 ft in Uncontrolled Rural Area → ARC-b
657.6825015544891,-6.121511936187744,106.74838256835938,68.56476593017578,276.17510986328125,151.09951782226562,3,ARC-b,1,OPS ≤ 500 ft in Uncontrolled Rural Area → ARC-b
658.5068817138672,-6.121370315551758,106.74726867675781,70.26083374023438,277.1505432128906,151.52847290039062,3,ARC-b,1,OPS ≤ 500 ft in Uncontrolled Rural Area → ARC-b
659.2895727157593,-6.121215343475342,106.7462158203125,70.79381561279297,278.34893798828125,151.7095489501953,3,ARC-b,1,OPS ≤ 500 ft in Uncontrolled Rural Area → ARC-b
660.0845048427582,-6.121030330657959,106.7451400756836,70.56582641601562,279.81427001953125,151.70567321777344,3,ARC-b,1,OPS ≤ 500 ft in Uncontrolled Rural Area → ARC-b
660.7376561164856,-6.120856285095215,106.7442626953125,69.82698822021484,280.3402099609375,151.60816955566406,5,ARC-b,1,OPS ≤ 500 ft in Uncontrolled Rural Area → ARC-b
661.5508353710175,-6.120639324188232,106.74317169189453,63.30331039428711,280.80682373046875,151.68296813964844,5,ARC-b,1,OPS ≤ 500 ft in Uncontrolled Rural Area → ARC-b
662.3513922691345,-6.120412826538086,106.74210357666016,55.49049377441406,282.25640869140625,151.80618286132812,3,ARC-b,1,OPS ≤ 500 ft in Uncontrolled Rural Area → ARC-b
662.9994885921478,-6.120212078094482,106.74122619628906,53.0313720703125,283.36505126953125,151.58607482910156,3,ARC-b,1,OPS ≤ 500 ft in Uncontrolled Rural Area → ARC-b
663.7895705699921,-6.1199493408203125,106.74018096923828,56.17583465576172,284.53955078125,150.96266174316406,3,ARC-b,1,OPS ≤ 500 ft in Uncontrolled Rural Area → ARC-b
664.588721036911,-6.119658946990967,106.7391357421875,63.08237075805664,285.80462646484375,150.15286254882812,4,ARC-b,1,OPS ≤ 500 ft in Uncontrolled Rural Area → ARC-b
665.4080624580383,-6.11932897567749,106.738037109375,70.56025695800781,285.71380615234375,149.62376403808594,3,ARC-b,1,OPS ≤ 500 ft in Uncontrolled Rural Area → ARC-b
666.2041854858398,-6.119019508361816,106.73701477050781,71.88412475585938,286.7725830078125,149.5714569091797,3,ARC-b,1,OPS ≤ 500 ft in Uncontrolled Rural Area → ARC-b
666.9894857406616,-6.118688106536865,106.73600006103516,73.59461212158203,288.8148498535156,149.4634552001953,6,ARC-c,2,OPS ≤ 500 ft AND Controlled or Urban → ARC-c
667.7618606090546,-6.118322372436523,106.73501586914062,79.16783905029297,291.44659423828125,149.11935424804688,5,ARC-b,1,OPS ≤ 500 ft in Uncontrolled Rural Area → ARC-b
668.4008026123047,-6.1179890632629395,106.73422241210938,86.16712188720703,292.44793701171875,148.7374267578125,3,ARC-b,1,OPS ≤ 500 ft in Uncontrolled Rural Area → ARC-b
669.198075056076,-6.117554664611816,106.73324584960938,93.49813842773438,294.9857177734375,148.29983520507812,5,ARC-b,1,OPS ≤ 500 ft in Uncontrolled Rural Area → ARC-b
669.9738473892212,-6.117082118988037,106.73233032226562,102.31219482421875,299.4369201660156,147.7211151123047,6,ARC-c,2,OPS ≤ 500 ft AND Controlled or Urban → ARC-c
670.7516667842865,-6.116530418395996,106.73143768310547,114.14057922363281,304.2355651855469,147.0565948486328,6,ARC-c,2,OPS ≤ 500 ft AND Controlled or Urban → ARC-c
671.5603394508362,-6.115910530090332,106.7306137084961,128.7996826171875,309.13311767578125,146.54571533203125,6,ARC-c,2,OPS ≤ 500 ft AND Controlled or Urban → ARC-c
672.324526309967,-6.1152424812316895,106.7298583984375,145.57272338867188,313.3493347167969,145.9974365234375,6,ARC-c,2,OPS ≤ 500 ft AND Controlled or Urban → ARC-c
673.1054663658142,-6.114517688751221,106.7291488647461,164.26968383789062,317.4070739746094,145.36065673828125,6,ARC-c,2,500 ft < OPS < FL600 in Uncontrolled Airspace → ARC-c
673.8919291496277,-6.11375093460083,106.7284927368164,184.80162048339844,320.9066162109375,144.61953735351562,7,ARC-c,2,500 ft < OPS < FL600 in Uncontrolled Airspace → ARC-c
674.6793959140778,-6.112949848175049,106.72789001464844,206.50343322753906,324.1685485839844,143.82379150390625,7,ARC-c,2,500 ft < OPS < FL600 in Uncontrolled Airspace → ARC-c
675.4570083618164,-6.112133979797363,106.72734069824219,229.3427734375,326.66278076171875,142.96527099609375,7,ARC-c,2,500 ft < OPS < FL600 in Uncontrolled Airspace → ARC-c
676.2368819713593,-6.11130428314209,106.72682189941406,252.73138427734375,328.56512451171875,142.09268188476562,5,ARC-c,2,500 ft < OPS < FL600 in Uncontrolled Airspace → ARC-c
677.01846575737,-6.110466003417969,106.72632598876953,276.13238525390625,329.01385498046875,141.24063110351562,3,ARC-c,2,500 ft < OPS < FL600 in Uncontrolled Airspace → ARC-c
677.666775226593,-6.109772682189941,106.72592163085938,292.0391540527344,329.7971496582031,140.77069091796875,3,ARC-c,2,500 ft < OPS < FL600 in Uncontrolled Airspace → ARC-c
678.5255117416382,-6.1088433265686035,106.72537231445312,305.71942138671875,328.8534240722656,140.6613311767578,6,ARC-c,2,500 ft < OPS < FL600 in Uncontrolled Airspace → ARC-c
679.3031942844391,-6.108030796051025,106.72481536865234,316.4508056640625,320.4860534667969,140.54159545898438,7,ARC-c,2,500 ft < OPS < FL600 in Uncontrolled Airspace → ARC-c
679.941713809967,-6.1074347496032715,106.72427368164062,325.3489990234375,312.3791809082031,140.35382080078125,7,ARC-c,2,500 ft < OPS < FL600 in Uncontrolled Airspace → ARC-c
680.7365620136261,-6.106823444366455,106.7235107421875,335.1879577636719,302.4256286621094,140.1927947998047,7,ARC-c,2,500 ft < OPS < FL600 in Uncontrolled Airspace → ARC-c
681.516900062561,-6.1063361167907715,106.7226333618164,343.73321533203125,294.2807312011719,140.199951171875,7,ARC-c,2,500 ft < OPS < FL600 in Uncontrolled Airspace → ARC-c
682.2964007854462,-6.105978965759277,106.72171783447266,351.7000732421875,287.79010009765625,139.74082946777344,7,ARC-c,2,500 ft < OPS < FL600 in Uncontrolled Airspace → ARC-c
683.0817008018494,-6.1057233810424805,106.72077178955078,359.8907470703125,282.480224609375,138.68832397460938,6,ARC-c,2,500 ft < OPS < FL600 in Uncontrolled Airspace → ARC-c
683.8717954158783,-6.105549335479736,106.71981048583984,367.6215515136719,279.7344970703125,137.34500122070312,7,ARC-c,2,500 ft < OPS < FL600 in Uncontrolled Airspace → ARC-c
684.6883883476257,-6.105416297912598,106.71881103515625,372.9438781738281,276.4609069824219,136.1489715576172,7,ARC-c,2,500 ft < OPS < FL600 in Uncontrolled Airspace → ARC-c
685.3221611976624,-6.105350971221924,106.71803283691406,375.16656494140625,274.5844421386719,135.380859375,7,ARC-c,2,500 ft < OPS < FL600 in Uncontrolled Airspace → ARC-c
686.1019225120544,-6.105321884155273,106.71710205078125,375.6567077636719,269.17242431640625,133.86773681640625,7,ARC-c,2,500 ft < OPS < FL600 in Uncontrolled Airspace → ARC-c
686.8808352947235,-6.105370044708252,106.71614837646484,375.0732116699219,265.5476379394531,132.42930603027344,7,ARC-c,2,500 ft < OPS < FL600 in Uncontrolled Airspace → ARC-c
687.6591770648956,-6.10547399520874,106.71521759033203,372.80108642578125,263.30224609375,131.1497344970703,7,ARC-c,2,500 ft < OPS < FL600 in Uncontrolled Airspace → ARC-c
688.3028893470764,-6.1055827140808105,106.71448516845703,369.3375244140625,260.18975830078125,130.20382690429688,7,ARC-c,2,500 ft < OPS < FL600 in Uncontrolled Airspace → ARC-c
689.1093764305115,-6.105764865875244,106.71356201171875,364.5175476074219,257.9259948730469,129.18124389648438,7,ARC-c,2,500 ft < OPS < FL600 in Uncontrolled Airspace → ARC-c
689.9117650985718,-6.105988025665283,106.71266174316406,359.1627502441406,254.71578979492188,128.2274932861328,7,ARC-c,2,500 ft < OPS < FL600 in Uncontrolled Airspace → ARC-c
690.7210524082184,-6.106257438659668,106.71178436279297,353.8946533203125,251.11569213867188,127.30657958984375,7,ARC-c,2,500 ft < OPS < FL600 in Uncontrolled Airspace → ARC-c
691.5841598510742,-6.10659646987915,106.71086883544922,348.7097473144531,248.58432006835938,126.4831771850586,7,ARC-c,2,500 ft < OPS < FL600 in Uncontrolled Airspace → ARC-c
692.4142379760742,-6.106954097747803,106.71000671386719,342.8853759765625,246.87939453125,125.58899688720703,7,ARC-c,2,500 ft < OPS < FL600 in Uncontrolled Airspace → ARC-c
693.2265367507935,-6.107335567474365,106.70915985107422,335.715576171875,244.60400390625,124.40985870361328,7,ARC-c,2,500 ft < OPS < FL600 in Uncontrolled Airspace → ARC-c
693.8956241607666,-6.107665061950684,106.70849609375,329.6337585449219,242.6956329345703,123.41858673095703,7,ARC-c,2,500 ft < OPS < FL600 in Uncontrolled Airspace → ARC-c
694.7264256477356,-6.108105659484863,106.70767974853516,322.5472106933594,240.49551391601562,122.17035675048828,6,ARC-c,2,500 ft < OPS < FL600 in Uncontrolled Airspace → ARC-c
695.3878953456879,-6.108468055725098,106.7070541381836,317.3898620605469,239.34765625,121.18720245361328,3,ARC-c,2,500 ft < OPS < FL600 in Uncontrolled Airspace → ARC-c
696.213748216629,-6.10892915725708,106.70629119873047,310.6200256347656,238.30381774902344,120.04852294921875,3,ARC-c,2,500 ft < OPS < FL600 in Uncontrolled Airspace → ARC-c
697.0118687152863,-6.1093926429748535,106.70555114746094,302.8264465332031,237.63267517089844,119.08993530273438,3,ARC-c,2,500 ft < OPS < FL600 in Uncontrolled Airspace → ARC-c
697.8432433605194,-6.109866142272949,106.70480346679688,292.439453125,237.2754669189453,118.3451919555664,7,ARC-c,2,500 ft < OPS < FL600 in Uncontrolled Airspace → ARC-c
698.6413214206696,-6.110321521759033,106.70409393310547,278.7442626953125,236.97769165039062,117.94883728027344,7,ARC-c,2,500 ft < OPS < FL600 in Uncontrolled Airspace → ARC-c
699.4337246417999,-6.1107707023620605,106.7033920288086,263.90216064453125,236.72987365722656,117.65872192382812,7,ARC-c,2,500 ft < OPS < FL600 in Uncontrolled Airspace → ARC-c
700.2317159175873,-6.111228942871094,106.70269012451172,249.26766967773438,236.27149963378906,117.32522583007812,7,ARC-c,2,500 ft < OPS < FL600 in Uncontrolled Airspace → ARC-c
700.8881390094757,-6.111610412597656,106.70211791992188,238.77798461914062,235.7601776123047,116.92142486572266,7,ARC-c,2,500 ft < OPS < FL600 in Uncontrolled Airspace → ARC-c
701.6994178295135,-6.112086772918701,106.701416015625,227.44422912597656,235.2008514404297,116.33154296875,7,ARC-c,2,500 ft < OPS < FL600 in Uncontrolled Airspace → ARC-c
702.4878582954407,-6.112555027008057,106.70074462890625,217.7412567138672,234.6548614501953,115.66754913330078,6,ARC-c,2,500 ft < OPS < FL600 in Uncontrolled Airspace → ARC-c
703.2795021533966,-6.113027572631836,106.7000732421875,209.2445068359375,234.22540283203125,114.9355239868164,6,ARC-c,2,500 ft < OPS < FL600 in Uncontrolled Airspace → ARC-c
704.0934672355652,-6.113516807556152,106.69939422607422,200.9397735595703,233.93942260742188,114.19226837158203,6,ARC-c,2,500 ft < OPS < FL600 in Uncontrolled Airspace → ARC-c
704.8894188404083,-6.1139936447143555,106.69873046875,193.19544982910156,233.69830322265625,113.45218658447266,7,ARC-c,2,500 ft < OPS < FL600 in Uncontrolled Airspace → ARC-c
705.5486524105072,-6.114388465881348,106.69818878173828,187.28550720214844,233.63369750976562,112.82432556152344,7,ARC-c,2,500 ft < OPS < FL600 in Uncontrolled Airspace → ARC-c
706.368280172348,-6.114872932434082,106.69751739501953,180.0809326171875,233.69342041015625,112.0751724243164,6,ARC-c,2,Inside Soetta (Class A) → ARC-c
707.1863081455231,-6.115355968475342,106.69685363769531,172.43173217773438,233.81858825683594,111.39026641845703,5,ARC-c,2,Inside Soetta (Class A) → ARC-c
707.8382263183594,-6.1157379150390625,106.69631958007812,166.64451599121094,233.92697143554688,110.81910705566406,5,ARC-c,2,Inside Soetta (Class A) → ARC-c
708.6483297348022,-6.116208076477051,106.69567108154297,160.61227416992188,234.05078125,110.0368423461914,3,ARC-c,2,Inside Soetta (Class A) → ARC-c
709.3191084861755,-6.116589069366455,106.69513702392578,156.60623168945312,234.19161987304688,109.33285522460938,3,ARC-c,2,Inside Soetta (Class A) → ARC-c
710.1622207164764,-6.117069721221924,106.6944580078125,152.26931762695312,234.42640686035156,108.42868041992188,3,ARC-c,2,Inside Soetta (Class A) → ARC-c
710.9652597904205,-6.117518424987793,106.69381713867188,147.81826782226562,234.69168090820312,107.6436538696289,3,ARC-c,2,Inside Soetta (Class A) → ARC-c
711.6007158756256,-6.117870807647705,106.69330596923828,143.65943908691406,234.88555908203125,107.10079956054688,5,ARC-c,2,Inside Soetta (Class A) → ARC-c
712.4615712165833,-6.118331432342529,106.69264221191406,137.79383850097656,235.08157348632812,106.40386199951172,3,ARC-c,2,Inside Soetta (Class A) → ARC-c
713.1441879272461,-6.118709087371826,106.69209289550781,133.5849609375,235.175048828125,105.81072235107422,3,ARC-c,2,Inside Soetta (Class A) → ARC-c
714.0309541225433,-6.119176864624023,106.69140625,128.97201538085938,235.25448608398438,105.00691223144531,6,ARC-c,2,Inside Soetta (Class A) → ARC-c
714.8785178661346,-6.119635581970215,106.69074249267578,125.16144561767578,235.27536010742188,104.2081069946289,6,ARC-c,2,Inside Soetta (Class A) → ARC-c
715.717955827713,-6.120075225830078,106.69009399414062,122.01065063476562,235.2470245361328,103.391357421875,6,ARC-c,2,Inside Soetta (Class A) → ARC-c
716.551825761795,-6.120518207550049,106.689453125,119.26146697998047,235.1815643310547,102.58827209472656,7,ARC-c,2,Inside Soetta (Class A) → ARC-c
717.3632500171661,-6.120942115783691,106.68883514404297,116.62188720703125,235.0944366455078,101.83194732666016,7,ARC-c,2,Inside Soetta (Class A) → ARC-c
718.1750736236572,-6.121364593505859,106.68822479248047,113.76993560791016,235.01597595214844,101.12875366210938,7,ARC-c,2,Inside Soetta (Class A) → ARC-c
718.8491299152374,-6.121710777282715,106.68772888183594,111.06017303466797,234.97219848632812,100.6006088256836,7,ARC-c,2,Inside Soetta (Class A) → ARC-c
719.6753013134003,-6.122137546539307,106.6871109008789,107.24029541015625,234.96144104003906,100.01634979248047,7,ARC-c,2,Inside Soetta (Class A) → ARC-c
720.4855933189392,-6.122555255889893,106.68650817871094,102.9990234375,234.98068237304688,99.51316833496094,7,ARC-c,2,Inside Soetta (Class A) → ARC-c
721.2853741645813,-6.122962474822998,106.68592071533203,98.28936004638672,234.9927978515625,99.09259033203125,6,ARC-c,2,Inside Soetta (Class A) → ARC-c
722.0707964897156,-6.123358249664307,106.68534088134766,93.34037780761719,234.98544311523438,98.72600555419922,6,ARC-c,2,Inside Soetta (Class A) → ARC-c
722.8635056018829,-6.123758316040039,106.68476867675781,88.2352066040039,234.96319580078125,98.3729019165039,6,ARC-c,2,Inside Soetta (Class A) → ARC-c
723.6583671569824,-6.124159812927246,106.68418884277344,83.30464172363281,234.95362854003906,98.00657653808594,4,ARC-c,2,Inside Soetta (Class A) → ARC-c
724.4578392505646,-6.1245598793029785,106.68360900878906,78.59867095947266,235.01171875,97.63518524169922,3,ARC-c,2,Inside Soetta (Class A) → ARC-c
725.253212928772,-6.124956130981445,106.68303680419922,73.76536560058594,235.15869140625,97.29638671875,3,ARC-c,2,Inside Soetta (Class A) → ARC-c
725.9051530361176,-6.125274181365967,106.68257141113281,69.70699310302734,235.32962036132812,97.03720092773438,3,ARC-c,2,Inside Soetta (Class A) → ARC-c
726.6961302757263,-6.12566614151001,106.68199157714844,64.8277587890625,235.57659912109375,96.71255493164062,3,ARC-c,2,Inside Soetta (Class A) → ARC-c
727.3456490039825,-6.125982761383057,106.68152618408203,61.1768684387207,235.814697265625,96.41944885253906,3,ARC-c,2,Inside Soetta (Class A) → ARC-c
728.1373529434204,-6.126363277435303,106.68095397949219,57.02362823486328,236.1385498046875,96.0527572631836,3,ARC-c,2,Inside Soetta (Class A) → ARC-c
728.9367887973785,-6.126739978790283,106.68038177490234,52.80364990234375,236.50332641601562,95.7053451538086,3,ARC-c,2,Inside Soetta (Class A) → ARC-c
729.7693521976471,-6.127139568328857,106.67976379394531,48.25374221801758,236.96339416503906,95.33441162109375,3,ARC-c,2,Inside Soetta (Class A) → ARC-c
730.5425460338593,-6.127500534057617,106.67919921875,44.72517395019531,237.45590209960938,94.97260284423828,3,ARC-c,2,Inside Soetta (Class A) → ARC-c
731.2028253078461,-6.127799987792969,106.67871856689453,41.85050582885742,237.90643310546875,94.67024993896484,3,ARC-c,2,Inside Soetta (Class A) → ARC-c
732.0063676834106,-6.12815523147583,106.67813873291016,38.80862045288086,238.60049438476562,94.25430297851562,3,ARC-c,2,Inside Soetta (Class A) → ARC-c
732.7993316650391,-6.128498077392578,106.67755889892578,36.341552734375,239.2779541015625,93.8089370727539,3,ARC-c,2,Inside Soetta (Class A) → ARC-c
733.5774476528168,-6.1288275718688965,106.67699432373047,34.05895233154297,240.04331970214844,93.34727478027344,3,ARC-c,2,Inside Soetta (Class A) → ARC-c
734.3643085956573,-6.129151821136475,106.67640686035156,31.670438766479492,240.810791015625,92.61372375488281,3,ARC-c,2,Inside Soetta (Class A) → ARC-c
735.2139375209808,-6.129487991333008,106.67579650878906,28.851150512695312,241.7572479248047,91.56103515625,4,ARC-c,2,Inside Soetta (Class A) → ARC-c
736.0024359226227,-6.129786968231201,106.67521667480469,26.229034423828125,242.5563507080078,90.5655288696289,4,ARC-c,2,Inside Soetta (Class A) → ARC-c
736.8093657493591,-6.130080699920654,106.67463684082031,23.55875015258789,243.5605010986328,89.5334701538086,5,ARC-c,2,Inside Soetta (Class A) → ARC-c
737.4663066864014,-6.130309104919434,106.67416381835938,21.963964462280273,244.2843475341797,88.65365600585938,5,ARC-c,2,Inside Soetta (Class A) → ARC-c
738.310555934906,-6.130598545074463,106.67354583740234,20.318660736083984,245.2779083251953,87.50141906738281,4,ARC-c,2,Inside Soetta (Class A) → ARC-c
739.1039357185364,-6.130852699279785,106.67298126220703,19.251054763793945,246.25775146484375,86.40667724609375,3,ARC-c,2,Inside Soetta (Class A) → ARC-c
739.8995468616486,-6.131094455718994,106.67240905761719,18.33348846435547,247.24835205078125,85.34086608886719,4,ARC-c,2,Inside Soetta (Class A) → ARC-c
740.7094767093658,-6.1313252449035645,106.67183685302734,16.744226455688477,248.14459228515625,84.37873077392578,6,ARC-c,2,Inside Soetta (Class A) → ARC-c
741.4918158054352,-6.131542682647705,106.6712875366211,15.005626678466797,248.36767578125,83.48121643066406,6,ARC-c,2,Inside Soetta (Class A) → ARC-c
742.3146080970764,-6.131767272949219,106.67071533203125,13.839437484741211,248.27679443359375,82.48546600341797,6,ARC-c,2,Inside Soetta (Class A) → ARC-c
743.1532297134399,-6.1319966316223145,106.67012786865234,13.753645896911621,248.1297607421875,81.37508392333984,6,ARC-c,2,Inside Soetta (Class A) → ARC-c
743.9672758579254,-6.132216453552246,106.6695785522461,14.33138370513916,247.97035217285156,80.25898742675781,6,ARC-c,2,Inside Soetta (Class A) → ARC-c
744.7762613296509,-6.132431507110596,106.6690444946289,14.949248313903809,247.80810546875,79.17790222167969,5,ARC-c,2,Inside Soetta (Class A) → ARC-c
745.5472075939178,-6.132637023925781,106.66853332519531,15.183122634887695,247.73382568359375,78.2182846069336,4,ARC-c,2,Inside Soetta (Class A) → ARC-c
746.3541548252106,-6.132850170135498,106.66800689697266,15.098055839538574,247.78546142578125,77.27985382080078,5,ARC-c,2,Inside Soetta (Class A) → ARC-c
747.1341586112976,-6.133051872253418,106.6675033569336,14.500967979431152,247.91207885742188,76.4551010131836,5,ARC-c,2,Inside Soetta (Class A) → ARC-c
747.9305505752563,-6.133254051208496,106.66699981689453,13.74811840057373,248.07473754882812,75.65553283691406,5,ARC-c,2,Inside Soetta (Class A) → ARC-c
748.5618894100189,-6.133413314819336,106.66659545898438,13.105284690856934,248.20623779296875,75.04153442382812,5,ARC-c,2,Inside Soetta (Class A) → ARC-c
749.3631045818329,-6.133612155914307,106.66609191894531,12.387149810791016,248.3096923828125,74.27316284179688,5,ARC-c,2,Inside Soetta (Class A) → ARC-c
750.1466228961945,-6.133802890777588,106.66560363769531,12.008759498596191,248.33665466308594,73.4687728881836,5,ARC-c,2,Inside Soetta (Class A) → ARC-c
750.8142621517181,-6.133963108062744,106.66519927978516,12.021458625793457,248.2315673828125,72.76960754394531,4,ARC-c,2,Inside Soetta (Class A) → ARC-c
751.5893614292145,-6.134150505065918,106.66471862792969,11.903029441833496,248.166015625,71.9135513305664,3,ARC-c,2,Inside Soetta (Class A) → ARC-c
752.3773605823517,-6.134336948394775,106.66425323486328,11.85759162902832,248.0618438720703,70.91613006591797,3,ARC-c,2,Inside Soetta (Class A) → ARC-c
753.1632304191589,-6.134521484375,106.66378784179688,11.871798515319824,248.03799438476562,70.00873565673828,3,ARC-c,2,Inside Soetta (Class A) → ARC-c
753.9617471694946,-6.134707450866699,106.66332244873047,11.863607406616211,247.95986938476562,69.0385513305664,5,ARC-c,2,Inside Soetta (Class A) → ARC-c
754.7693841457367,-6.134893894195557,106.66285705566406,11.853362083435059,247.86715698242188,68.04690551757812,5,ARC-c,2,Inside Soetta (Class A) → ARC-c
755.5491371154785,-6.135069370269775,106.66242218017578,11.852334976196289,247.7310028076172,64.44973754882812,4,ARC-c,2,Inside Soetta (Class A) → ARC-c
756.3348965644836,-6.13523530960083,106.6620101928711,11.86277961730957,247.59414672851562,60.555519104003906,4,ARC-c,2,Inside Soetta (Class A) → ARC-c
757.1594243049622,-6.135401248931885,106.66160583496094,11.856904029846191,247.617919921875,56.61737060546875,4,ARC-c,2,Inside Soetta (Class A) → ARC-c
757.9358220100403,-6.135546684265137,106.66124725341797,11.862980842590332,248.1636962890625,53.204036712646484,3,ARC-c,2,Inside Soetta (Class A) → ARC-c
758.7162938117981,-6.13568115234375,106.66090393066406,11.86080265045166,249.27578735351562,50.078712463378906,3,ARC-c,2,Inside Soetta (Class A) → ARC-c
759.4970722198486,-6.135804176330566,106.66058349609375,11.867063522338867,248.76116943359375,47.13673400878906,3,ARC-c,2,Inside Soetta (Class A) → ARC-c
760.2788963317871,-6.135921478271484,106.66028594970703,11.867654800415039,247.40846252441406,44.28331756591797,3,ARC-c,2,Inside Soetta (Class A) → ARC-c
761.0665867328644,-6.136034965515137,106.66000366210938,11.864091873168945,248.62413024902344,41.47458267211914,3,ARC-c,2,Inside Soetta (Class A) → ARC-c
761.8273673057556,-6.136137008666992,106.65974426269531,11.862356185913086,248.691162109375,38.807708740234375,3,ARC-c,2,Inside Soetta (Class A) → ARC-c
762.6155226230621,-6.136233806610107,106.65949249267578,11.888647079467773,248.58438110351562,36.094017028808594,3,ARC-c,2,Inside Soetta (Class A) → ARC-c
763.2831473350525,-6.13631010055542,106.65929412841797,11.899643898010254,248.39593505859375,33.82440948486328,3,ARC-c,2,Inside Soetta (Class A) → ARC-c
764.057722568512,-6.1363935470581055,106.6590805053711,11.899360656738281,248.09329223632812,31.249103546142578,3,ARC-c,2,Inside Soetta (Class A) → ARC-c
764.8514692783356,-6.136472702026367,106.65888214111328,11.901740074157715,247.51058959960938,28.636974334716797,3,ARC-c,2,Inside Soetta (Class A) → ARC-c
765.6332166194916,-6.136547565460205,106.65870666503906,11.897711753845215,246.51458740234375,26.067136764526367,5,ARC-c,2,Inside Soetta (Class A) → ARC-c
766.4141871929169,-6.136617183685303,106.65853881835938,11.891900062561035,245.24905395507812,23.560686111450195,3,ARC-c,2,Inside Soetta (Class A) → ARC-c
767.203774690628,-6.136679172515869,106.65839385986328,11.895831108093262,251.26040649414062,21.134693145751953,3,ARC-c,2,Inside Soetta (Class A) → ARC-c
767.9881687164307,-6.136725425720215,106.65826416015625,11.895840644836426,251.60128784179688,18.77364158630371,3,ARC-c,2,Inside Soetta (Class A) → ARC-c
768.7731373310089,-6.136768817901611,106.65814208984375,11.894107818603516,247.61138916015625,16.293682098388672,3,ARC-c,2,Inside Soetta (Class A) → ARC-c
769.5604374408722,-6.1367998123168945,106.65803527832031,11.895610809326172,261.11810302734375,14.180563926696777,3,ARC-c,2,Inside Soetta (Class A) → ARC-c
770.3842771053314,-6.136821269989014,106.65794372558594,11.896679878234863,253.84323120117188,11.62526798248291,3,ARC-c,2,Inside Soetta (Class A) → ARC-c
771.0274677276611,-6.136838912963867,106.65788269042969,11.901358604431152,251.01991271972656,9.726496696472168,3,ARC-c,2,Inside Soetta (Class A) → ARC-c
771.6957564353943,-6.1368560791015625,106.6578369140625,11.905065536499023,249.42724609375,7.677405834197998,3,ARC-c,2,Inside Soetta (Class A) → ARC-c
772.522533416748,-6.136873245239258,106.65779113769531,11.903630256652832,249.16629028320312,5.160985946655273,3,ARC-c,2,Inside Soetta (Class A) → ARC-c
773.3351323604584,-6.1368842124938965,106.65776062011719,11.903205871582031,248.62823486328125,2.6982858180999756,3,ARC-c,2,Inside Soetta (Class A) → ARC-c
773.9671785831451,-6.136888027191162,106.65775299072266,11.903898239135742,248.58837890625,0.9656123518943787,3,ARC-c,2,Inside Soetta (Class A) → ARC-c
774.7730243206024,-6.136890411376953,106.65774536132812,11.880584716796875,248.68118286132812,0.40256980061531067,3,ARC-c,2,Inside Soetta (Class A) → ARC-c
775.4154741764069,-6.136890888214111,106.65774536132812,11.879340171813965,248.72552490234375,0.08283805102109909,3,ARC-c,2,Inside Soetta (Class A) → ARC-c
776.2126405239105,-6.136890888214111,106.65774536132812,11.873923301696777,248.748046875,0.0015111749526113272,3,ARC-c,2,Inside Soetta (Class A) → ARC-c
777.0160415172577,-6.136890888214111,106.65774536132812,11.87390422821045,248.75177001953125,4.275939136277884e-05,3,ARC-c,2,Inside Soetta (Class A) → ARC-c
777.6503598690033,-6.136890888214111,106.65774536132812,11.873908996582031,248.75164794921875,1.6374433471355587e-05,3,ARC-c,2,Inside Soetta (Class A) → ARC-c
778.449150800705,-6.136890888214111,106.65774536132812,11.873908996582031,248.75164794921875,2.997966248585726e-07,3,ARC-c,2,Inside Soetta (Class A) → ARC-c
779.2227606773376,-6.136890888214111,106.65774536132812,11.873909950256348,248.75164794921875,8.127456680995238e-07,3,ARC-c,2,Inside Soetta (Class A) → ARC-c
780.0440549850464,-6.136890888214111,106.65774536132812,11.873910903930664,248.75164794921875,2.147895429516211e-06,3,ARC-c,2,Inside Soetta (Class A) → ARC-c
780.8281857967377,-6.136890888214111,106.65774536132812,11.87391185760498,248.75164794921875,3.2131915759237017e-06,3,ARC-c,2,Inside Soetta (Class A) → ARC-c
781.65660572052,-6.136890888214111,106.65774536132812,11.87391185760498,248.75164794921875,1.6848131281221868e-06,3,ARC-c,2,Inside Soetta (Class A) → ARC-c
782.4540889263153,-6.136890888214111,106.65774536132812,11.87391185760498,248.75164794921875,1.6848131281221868e-06,3,ARC-c,2,Inside Soetta (Class A) → ARC-c
783.2589871883392,-6.136890888214111,106.65774536132812,11.87391185760498,248.75164794921875,1.6848131281221868e-06,3,ARC-c,2,Inside Soetta (Class A) → ARC-c
783.8989109992981,-6.136890888214111,106.65774536132812,11.87391185760498,248.75164794921875,1.6848131281221868e-06,3,ARC-c,2,Inside Soetta (Class A) → ARC-c
784.7054436206818,-6.136890888214111,106.65774536132812,11.87391185760498,248.75164794921875,1.6848131281221868e-06,3,ARC-c,2,Inside Soetta (Class A) → ARC-c
785.5174219608307,-6.136890888214111,106.65774536132812,11.87391185760498,248.75164794921875,1.6848131281221868e-06,3,ARC-c,2,Inside Soetta (Class A) → ARC-c
786.2846491336823,-6.136890888214111,106.65774536132812,11.87391185760498,248.75164794921875,1.6848131281221868e-06,3,ARC-c,2,Inside Soetta (Class A) → ARC-c
787.0653896331787,-6.136890888214111,106.65774536132812,11.87391185760498,248.75164794921875,1.6848131281221868e-06,3,ARC-c,2,Inside Soetta (Class A) → ARC-c
787.8320758342743,-6.136890888214111,106.65774536132812,11.87391185760498,248.75164794921875,1.6848131281221868e-06,3,ARC-c,2,Inside Soetta (Class A) → ARC-c
788.6188278198242,-6.136890888214111,106.65774536132812,11.87391185760498,248.75164794921875,1.6848131281221868e-06,3,ARC-c,2,Inside Soetta (Class A) → ARC-c
789.4119279384613,-6.136890888214111,106.65774536132812,11.87391185760498,248.75164794921875,1.6848131281221868e-06,3,ARC-c,2,Inside Soetta (Class A) → ARC-c
790.175487279892,-6.136890888214111,106.65774536132812,11.87391185760498,248.75164794921875,1.6848131281221868e-06,3,ARC-c,2,Inside Soetta (Class A) → ARC-c
790.7990829944611,-6.136890888214111,106.65774536132812,11.87391185760498,248.75164794921875,1.6848131281221868e-06,3,ARC-c,2,Inside Soetta (Class A) → ARC-c
791.4291994571686,-6.136890888214111,106.65774536132812,11.87391185760498,248.75164794921875,1.6848131281221868e-06,3,ARC-c,2,Inside Soetta (Class A) → ARC-c
792.2105505466461,-6.136890888214111,106.65774536132812,11.87391185760498,248.75164794921875,1.6848131281221868e-06,3,ARC-c,2,Inside Soetta (Class A) → ARC-c
792.9947803020477,-6.136890888214111,106.65774536132812,11.87391185760498,248.75164794921875,1.6848131281221868e-06,3,ARC-c,2,Inside Soetta (Class A) → ARC-c
793.7791345119476,-6.136890888214111,106.65774536132812,11.87391185760498,248.75164794921875,1.6848131281221868e-06,3,ARC-c,2,Inside Soetta (Class A) → ARC-c
794.5647571086884,-6.136890888214111,106.65774536132812,11.87391185760498,248.75164794921875,1.6848131281221868e-06,3,ARC-c,2,Inside Soetta (Class A) → ARC-c
795.3458025455475,-6.136890888214111,106.65774536132812,11.87391185760498,248.75164794921875,1.6848131281221868e-06,3,ARC-c,2,Inside Soetta (Class A) → ARC-c
796.3113586902618,-6.136890888214111,106.65774536132812,11.87391185760498,248.75164794921875,1.6848131281221868e-06,3,ARC-c,2,Inside Soetta (Class A) → ARC-c
797.1410129070282,-6.136890888214111,106.65774536132812,11.87391185760498,248.75164794921875,1.6848131281221868e-06,3,ARC-c,2,Inside Soetta (Class A) → ARC-c
797.803094625473,-6.136890888214111,106.65774536132812,11.87391185760498,248.75164794921875,1.6848131281221868e-06,3,ARC-c,2,Inside Soetta (Class A) → ARC-c
798.4729225635529,-6.136890888214111,106.65774536132812,11.87391185760498,248.75164794921875,1.6848131281221868e-06,3,ARC-c,2,Inside Soetta (Class A) → ARC-c
799.363028049469,-6.136890888214111,106.65774536132812,11.87391185760498,248.75164794921875,1.6848131281221868e-06,3,ARC-c,2,Inside Soetta (Class A) → ARC-c
800.2307901382446,-6.136890888214111,106.65774536132812,11.87391185760498,248.75164794921875,1.6848131281221868e-06,3,ARC-c,2,Inside Soetta (Class A) → ARC-c
800.9187862873077,-6.136890888214111,106.65774536132812,11.87391185760498,248.75164794921875,1.6848131281221868e-06,3,ARC-c,2,Inside Soetta (Class A) → ARC-c
801.5676245689392,-6.136890888214111,106.65774536132812,11.87391185760498,248.75164794921875,1.6848131281221868e-06,3,ARC-c,2,Inside Soetta (Class A) → ARC-c
802.2412710189819,-6.136890888214111,106.65774536132812,11.87391185760498,248.75164794921875,1.6848131281221868e-06,3,ARC-c,2,Inside Soetta (Class A) → ARC-c
803.1943905353546,-6.136890888214111,106.65774536132812,11.87391185760498,248.75164794921875,1.6848131281221868e-06,3,ARC-c,2,Inside Soetta (Class A) → ARC-c
