t_sec,lat,lon,alt_m,hdg_deg,spd_mps,grc,arc_label,arc,arc_rule
0.11110472679138184,-6.142455577850342,106.64386749267578,11.673352241516113,68.13646697998047,0.0002736103779170662,5,ARC-c,2,Inside Soetta (Class A) → ARC-c
0.8510422706604004,-6.142455577850342,106.64386749267578,11.673351287841797,68.13597106933594,7.819433085387573e-05,5,ARC-c,2,Inside Soetta (Class A) → ARC-c
1.5515711307525635,-6.142455577850342,106.64386749267578,11.67336368560791,68.13435363769531,3.4866327041527256e-05,5,ARC-c,2,Inside Soetta (Class A) → ARC-c
2.2376937866210938,-6.142455577850342,106.64386749267578,11.673357963562012,68.13543701171875,0.00018143952183891088,5,ARC-c,2,Inside Soetta (Class A) → ARC-c
2.9091315269470215,-6.142455577850342,106.64386749267578,11.673385620117188,68.13370513916016,0.0001688717893557623,5,ARC-c,2,Inside Soetta (Class A) → ARC-c
3.5966360569000244,-6.142455577850342,106.64386749267578,11.673327445983887,68.13568878173828,0.00018403453577775508,5,ARC-c,2,Inside Soetta (Class A) → ARC-c
4.290559768676758,-6.142455577850342,106.64386749267578,11.673337936401367,68.13570404052734,0.0001571332977619022,5,ARC-c,2,Inside Soetta (Class A) → ARC-c
5.564865350723267,-6.142455577850342,106.64386749267578,11.673388481140137,68.1343994140625,6.864467286504805e-05,5,ARC-c,2,Inside Soetta (Class A) → ARC-c
6.363939046859741,-6.142455577850342,106.64386749267578,11.673337936401367,68.1337890625,0.00017680680321063846,5,ARC-c,2,Inside Soetta (Class A) → ARC-c
7.025445222854614,-6.142455577850342,106.64386749267578,11.67335319519043,68.13494110107422,0.00023360151681117713,5,ARC-c,2,Inside Soetta (Class A) → ARC-c
7.706740617752075,-6.142455577850342,106.64386749267578,11.673343658447266,68.13374328613281,0.00041287869680672884,5,ARC-c,2,Inside Soetta (Class A) → ARC-c
8.44193959236145,-6.142455577850342,106.64386749267578,11.673297882080078,68.13340759277344,5.877471994608641e-05,5,ARC-c,2,Inside Soetta (Class A) → ARC-c
9.128407955169678,-6.142455577850342,106.64386749267578,11.67335033416748,68.13577270507812,0.0004029093834105879,5,ARC-c,2,Inside Soetta (Class A) → ARC-c
9.80332636833191,-6.142455577850342,106.64386749267578,11.673349380493164,68.13411712646484,0.0003041426825802773,5,ARC-c,2,Inside Soetta (Class A) → ARC-c
10.500091552734375,-6.142455577850342,106.64386749267578,11.673368453979492,68.13569641113281,0.00034618141944520175,5,ARC-c,2,Inside Soetta (Class A) → ARC-c
11.232948780059814,-6.142455577850342,106.64386749267578,11.673354148864746,68.1350326538086,0.000293170363875106,5,ARC-c,2,Inside Soetta (Class A) → ARC-c
11.907670974731445,-6.142455577850342,106.64386749267578,11.673314094543457,68.13614654541016,0.00031004397897049785,5,ARC-c,2,Inside Soetta (Class A) → ARC-c
12.580634117126465,-6.142455577850342,106.64386749267578,11.673373222351074,68.13374328613281,0.0003365738957654685,5,ARC-c,2,Inside Soetta (Class A) → ARC-c
13.26369595527649,-6.142455577850342,106.64386749267578,11.673337936401367,68.1341781616211,0.0005052420310676098,5,ARC-c,2,Inside Soetta (Class A) → ARC-c
13.964038610458374,-6.142455577850342,106.64386749267578,11.673343658447266,68.1340103149414,0.00013936150935478508,5,ARC-c,2,Inside Soetta (Class A) → ARC-c
14.666545629501343,-6.142455577850342,106.64386749267578,11.673355102539062,68.13520050048828,0.00037697632797062397,5,ARC-c,2,Inside Soetta (Class A) → ARC-c
15.357578754425049,-6.142455577850342,106.64386749267578,11.67334270477295,68.13614654541016,0.00044419747428037226,5,ARC-c,2,Inside Soetta (Class A) → ARC-c
16.050365924835205,-6.142455577850342,106.64386749267578,11.673362731933594,68.13606262207031,0.0001233441143995151,5,ARC-c,2,Inside Soetta (Class A) → ARC-c
16.753742694854736,-6.142455577850342,106.64386749267578,11.673368453979492,68.1351089477539,4.487674596020952e-05,5,ARC-c,2,Inside Soetta (Class A) → ARC-c
17.618367671966553,-6.142455577850342,106.64386749267578,11.673358917236328,68.13455963134766,0.00023800197232048959,5,ARC-c,2,Inside Soetta (Class A) → ARC-c
18.308389902114868,-6.142455577850342,106.64386749267578,11.673359870910645,68.1342544555664,7.214163633761927e-05,5,ARC-c,2,Inside Soetta (Class A) → ARC-c
19.054779291152954,-6.142455577850342,106.64386749267578,11.673365592956543,68.13473510742188,0.00033087393967434764,5,ARC-c,2,Inside Soetta (Class A) → ARC-c
19.800677061080933,-6.142455577850342,106.64386749267578,11.673327445983887,68.13378143310547,0.0005145817412994802,5,ARC-c,2,Inside Soetta (Class A) → ARC-c
20.54258966445923,-6.142455577850342,106.64386749267578,11.673355102539062,68.13670349121094,6.792459316784516e-05,5,ARC-c,2,Inside Soetta (Class A) → ARC-c
21.239348649978638,-6.142455577850342,106.64386749267578,11.673373222351074,68.13523864746094,0.00014046623255126178,5,ARC-c,2,Inside Soetta (Class A) → ARC-c
21.95992159843445,-6.142455577850342,106.64386749267578,11.673385620117188,68.13580322265625,6.117652083048597e-05,5,ARC-c,2,Inside Soetta (Class A) → ARC-c
22.6436665058136,-6.142455577850342,106.64386749267578,11.673298835754395,68.13391876220703,0.0014580473070964217,5,ARC-c,2,Inside Soetta (Class A) → ARC-c
23.56363320350647,-6.142455577850342,106.64386749267578,11.673309326171875,68.13408660888672,0.0016588534926995635,5,ARC-c,2,Inside Soetta (Class A) → ARC-c
24.44390082359314,-6.142455577850342,106.64386749267578,11.673323631286621,68.13056182861328,0.00969834066927433,5,ARC-c,2,Inside Soetta (Class A) → ARC-c
25.104779720306396,-6.142455577850342,106.64386749267578,11.676185607910156,68.04267883300781,0.12599381804466248,5,ARC-c,2,Inside Soetta (Class A) → ARC-c
25.771690130233765,-6.142455101013184,106.64386749267578,11.681792259216309,67.8314208984375,0.11519014835357666,5,ARC-c,2,Inside Soetta (Class A) → ARC-c
26.461337089538574,-6.142455101013184,106.64386749267578,11.68065357208252,67.6065902709961,0.7226834893226624,5,ARC-c,2,Inside Soetta (Class A) → ARC-c
27.128431797027588,-6.142451286315918,106.64387512207031,11.67524528503418,65.7972412109375,2.8046374320983887,5,ARC-c,2,Inside Soetta (Class A) → ARC-c
27.7891788482666,-6.14244270324707,106.6438980102539,11.680728912353516,65.6553726196289,4.525031089782715,5,ARC-c,2,Inside Soetta (Class A) → ARC-c
28.458431482315063,-6.142430305480957,106.64392852783203,11.680158615112305,67.38832092285156,6.367757320404053,5,ARC-c,2,Inside Soetta (Class A) → ARC-c
29.120646715164185,-6.1424150466918945,106.64396667480469,11.675127983093262,68.74983215332031,8.187790870666504,5,ARC-c,2,Inside Soetta (Class A) → ARC-c
29.954964637756348,-6.142391204833984,106.64402770996094,11.67469310760498,68.80706787109375,10.476579666137695,5,ARC-c,2,Inside Soetta (Class A) → ARC-c
30.60131072998047,-6.142367362976074,106.64408874511719,11.679876327514648,68.31166076660156,12.185547828674316,5,ARC-c,2,Inside Soetta (Class A) → ARC-c
31.272277116775513,-6.14233922958374,106.6441650390625,11.67982292175293,68.9437026977539,13.890362739562988,5,ARC-c,2,Inside Soetta (Class A) → ARC-c
31.93966817855835,-6.142308712005615,106.64424896240234,11.681175231933594,69.78834533691406,15.574697494506836,5,ARC-c,2,Inside Soetta (Class A) → ARC-c
32.60292315483093,-6.142275333404541,106.64434051513672,11.681394577026367,69.24520874023438,17.248170852661133,5,ARC-c,2,Inside Soetta (Class A) → ARC-c
33.45332050323486,-6.142225742340088,106.64447021484375,11.680830001831055,67.05210876464844,19.35445785522461,5,ARC-c,2,Inside Soetta (Class A) → ARC-c
34.274322748184204,-6.142168045043945,106.64460754394531,11.675281524658203,65.69840240478516,21.295944213867188,5,ARC-c,2,Inside Soetta (Class A) → ARC-c
35.11396813392639,-6.142102241516113,106.64476013183594,11.6885404586792,67.74919891357422,23.170486450195312,5,ARC-c,2,Inside Soetta (Class A) → ARC-c
35.78063941001892,-6.142047882080078,106.64488983154297,11.682361602783203,69.3885269165039,24.64743423461914,5,ARC-c,2,Inside Soetta (Class A) → ARC-c
36.45243310928345,-6.141993045806885,106.64503479003906,11.687644958496094,68.86663055419922,26.111948013305664,5,ARC-c,2,Inside Soetta (Class A) → ARC-c
37.2927610874176,-6.141920566558838,106.64522552490234,11.687374114990234,67.90409851074219,27.87464714050293,5,ARC-c,2,Inside Soetta (Class A) → ARC-c
37.957438230514526,-6.141857624053955,106.6453857421875,11.69011116027832,67.63961029052734,29.229949951171875,5,ARC-c,2,Inside Soetta (Class A) → ARC-c
38.777384996414185,-6.141775131225586,106.64559173583984,11.697378158569336,67.49117279052734,30.849411010742188,5,ARC-c,2,Inside Soetta (Class A) → ARC-c
39.436344623565674,-6.141704559326172,106.64576721191406,11.699372291564941,67.39031219482422,32.110443115234375,5,ARC-c,2,Inside Soetta (Class A) → ARC-c
40.10738682746887,-6.141629695892334,106.64595031738281,11.700403213500977,67.33345794677734,33.35558319091797,5,ARC-c,2,Inside Soetta (Class A) → ARC-c
41.00987648963928,-6.141523838043213,106.64620208740234,11.697052001953125,67.28451538085938,34.976097106933594,5,ARC-c,2,Inside Soetta (Class A) → ARC-c
41.82328462600708,-6.141424179077148,106.64644622802734,11.704273223876953,67.21931457519531,36.379764556884766,5,ARC-c,2,Inside Soetta (Class A) → ARC-c
42.618950843811035,-6.141322612762451,106.64669036865234,11.703085899353027,67.32928466796875,37.71104049682617,5,ARC-c,2,Inside Soetta (Class A) → ARC-c
43.42402505874634,-6.14121675491333,106.6469497680664,11.709260940551758,67.43238067626953,39.00798416137695,5,ARC-c,2,Inside Soetta (Class A) → ARC-c
44.25335502624512,-6.1411027908325195,106.64722442626953,11.700697898864746,67.48001861572266,40.30504608154297,5,ARC-c,2,Inside Soetta (Class A) → ARC-c
45.0536048412323,-6.140992164611816,106.64749145507812,11.710935592651367,67.73955535888672,41.50795364379883,5,ARC-c,2,Inside Soetta (Class A) → ARC-c
45.70853590965271,-6.140897274017334,106.6477279663086,11.718582153320312,67.66726684570312,42.46479034423828,5,ARC-c,2,Inside Soetta (Class A) → ARC-c
46.53660750389099,-6.140775203704834,106.64802551269531,11.729211807250977,67.77759552001953,43.63901138305664,5,ARC-c,2,Inside Soetta (Class A) → ARC-c
47.341641664505005,-6.140654563903809,106.64832305908203,11.953624725341797,68.23085021972656,44.662479400634766,3,ARC-c,2,Inside Soetta (Class A) → ARC-c
48.15626668930054,-6.140529155731201,106.64862823486328,12.760099411010742,68.17420196533203,45.518646240234375,3,ARC-c,2,Inside Soetta (Class A) → ARC-c
48.956358194351196,-6.140403747558594,106.64893341064453,14.241375923156738,68.15827178955078,46.166236877441406,3,ARC-c,2,Inside Soetta (Class A) → ARC-c
49.81962060928345,-6.140268325805664,106.64926147460938,16.63206672668457,69.14564514160156,46.64072799682617,5,ARC-c,2,Inside Soetta (Class A) → ARC-c
50.634111642837524,-6.140138149261475,106.64958190917969,19.656566619873047,68.98904418945312,46.90522384643555,5,ARC-c,2,Inside Soetta (Class A) → ARC-c
51.45123529434204,-6.140010356903076,106.64990234375,23.312314987182617,69.22447204589844,47.032379150390625,5,ARC-c,2,Inside Soetta (Class A) → ARC-c
52.26900124549866,-6.139883518218994,106.65022277832031,27.56334114074707,69.705078125,47.04328155517578,5,ARC-c,2,Inside Soetta (Class A) → ARC-c
53.06764769554138,-6.139761924743652,106.65054321289062,32.0477180480957,70.046630859375,47.04479217529297,4,ARC-c,2,Inside Soetta (Class A) → ARC-c
53.8883638381958,-6.1396379470825195,106.65086364746094,36.12506866455078,70.38312530517578,47.187721252441406,4,ARC-c,2,Inside Soetta (Class A) → ARC-c
54.55149698257446,-6.1395392417907715,106.65113067626953,39.07998275756836,70.53598022460938,47.356834411621094,5,ARC-c,2,Inside Soetta (Class A) → ARC-c
55.39822316169739,-6.139411449432373,106.6514663696289,42.51393508911133,70.67916107177734,47.63926315307617,5,ARC-c,2,Inside Soetta (Class A) → ARC-c
56.19449234008789,-6.139291763305664,106.65178680419922,45.375694274902344,70.52569580078125,47.96656036376953,5,ARC-c,2,Inside Soetta (Class A) → ARC-c
57.03446006774902,-6.139163494110107,106.65213012695312,48.12828826904297,70.35704803466797,48.34535598754883,3,ARC-c,2,Inside Soetta (Class A) → ARC-c
57.86758255958557,-6.139034748077393,106.6524658203125,50.734920501708984,70.59819793701172,48.718929290771484,3,ARC-c,2,Inside Soetta (Class A) → ARC-c
58.733721017837524,-6.1388983726501465,106.65282440185547,53.66219711303711,71.06871032714844,49.024593353271484,3,ARC-c,2,Inside Soetta (Class A) → ARC-c
59.58374881744385,-6.138765335083008,106.6531753540039,56.78456115722656,71.02645111083984,49.284183502197266,3,ARC-c,2,Inside Soetta (Class A) → ARC-c
60.23553490638733,-6.138662338256836,106.65345001220703,59.15871047973633,71.15492248535156,49.492069244384766,3,ARC-c,2,Inside Soetta (Class A) → ARC-c
61.08533024787903,-6.138530731201172,106.65380096435547,62.22377014160156,71.54805755615234,49.746456146240234,3,ARC-c,2,Inside Soetta (Class A) → ARC-c
61.95050859451294,-6.138396263122559,106.65416717529297,65.45509338378906,71.94845581054688,49.97715377807617,3,ARC-c,2,Inside Soetta (Class A) → ARC-c
62.60964751243591,-6.138295650482178,106.6544418334961,67.99823760986328,72.50428771972656,50.12644577026367,3,ARC-c,2,Inside Soetta (Class A) → ARC-c
63.451722621917725,-6.138167381286621,106.6548080444336,71.4550552368164,73.35999298095703,50.275882720947266,3,ARC-c,2,Inside Soetta (Class A) → ARC-c
64.26834559440613,-6.138047218322754,106.65516662597656,75.1082534790039,75.31621551513672,50.34294891357422,3,ARC-c,2,Inside Soetta (Class A) → ARC-c
65.08339715003967,-6.1379289627075195,106.655517578125,78.87034606933594,77.26219177246094,50.317481994628906,3,ARC-c,2,Inside Soetta (Class A) → ARC-c
65.90178632736206,-6.137824058532715,106.65587615966797,82.84778594970703,78.94129943847656,50.230125427246094,3,ARC-c,2,Inside Soetta (Class A) → ARC-c
66.55528545379639,-6.1377458572387695,106.65615844726562,86.29468536376953,81.04412078857422,50.105796813964844,3,ARC-c,2,Inside Soetta (Class A) → ARC-c
67.41644597053528,-6.137655735015869,106.65653228759766,91.0058822631836,83.71733856201172,49.89179992675781,3,ARC-c,2,Inside Soetta (Class A) → ARC-c
68.25342512130737,-6.137584209442139,106.65689849853516,95.68795013427734,85.60275268554688,49.67630386352539,3,ARC-c,2,Inside Soetta (Class A) → ARC-c
68.93439984321594,-6.137537002563477,106.6572036743164,99.56065368652344,87.8631362915039,49.49960708618164,3,ARC-c,2,Inside Soetta (Class A) → ARC-c
69.60115885734558,-6.1375017166137695,106.6574935913086,103.3340835571289,90.27510070800781,49.328521728515625,3,ARC-c,2,Inside Soetta (Class A) → ARC-c
70.4353859424591,-6.13747501373291,106.6578598022461,107.79106903076172,92.64273834228516,49.20280838012695,3,ARC-c,2,Inside Soetta (Class A) → ARC-c
71.26949572563171,-6.137465953826904,106.65823364257812,111.08903503417969,93.4498291015625,49.39203643798828,3,ARC-c,2,Inside Soetta (Class A) → ARC-c
71.93518376350403,-6.137467861175537,106.65853118896484,112.46502685546875,94.98358917236328,49.7919807434082,3,ARC-c,2,Inside Soetta (Class A) → ARC-c
72.76929831504822,-6.137479305267334,106.65890502929688,113.32098388671875,96.4527359008789,50.38391876220703,3,ARC-c,2,Inside Soetta (Class A) → ARC-c
73.60656332969666,-6.137498378753662,106.65928649902344,113.78759002685547,96.23904418945312,51.0542106628418,3,ARC-c,2,Inside Soetta (Class A) → ARC-c
74.45266151428223,-6.137520790100098,106.65968322753906,114.60614013671875,97.10189819335938,51.56966018676758,3,ARC-c,2,Inside Soetta (Class A) → ARC-c
75.26817989349365,-6.137544631958008,106.66006469726562,116.0255355834961,97.05023956298828,51.941707611083984,3,ARC-c,2,Inside Soetta (Class A) → ARC-c
76.11855459213257,-6.137571334838867,106.66046142578125,118.08563232421875,97.35213470458984,52.2058219909668,3,ARC-c,2,Inside Soetta (Class A) → ARC-c
76.7633924484253,-6.13759183883667,106.6607666015625,120.08918762207031,97.18204498291016,52.32173156738281,3,ARC-c,2,Inside Soetta (Class A) → ARC-c
77.60228419303894,-6.137617588043213,106.6611557006836,123.19287872314453,96.32707214355469,52.4332160949707,3,ARC-c,2,Inside Soetta (Class A) → ARC-c
78.26832962036133,-6.137635707855225,106.66146850585938,126.03102111816406,95.85662841796875,52.45675277709961,3,ARC-c,2,Inside Soetta (Class A) → ARC-c
79.11655616760254,-6.137656211853027,106.66187286376953,130.14761352539062,96.2550048828125,52.381046295166016,6,ARC-c,2,Inside Soetta (Class A) → ARC-c
79.93373894691467,-6.137674331665039,106.6622543334961,134.48324584960938,96.95185852050781,52.19651794433594,6,ARC-c,2,Inside Soetta (Class A) → ARC-c
80.81872129440308,-6.137694835662842,106.66266632080078,139.26951599121094,96.60887145996094,52.01057815551758,6,ARC-c,2,Inside Soetta (Class A) → ARC-c
81.65033411979675,-6.137714385986328,106.66305541992188,143.5543212890625,96.78044128417969,51.884544372558594,7,ARC-c,2,Inside Soetta (Class A) → ARC-c
82.51987075805664,-6.137735366821289,106.66345977783203,147.84646606445312,96.71329498291016,51.78669357299805,7,ARC-c,2,Inside Soetta (Class A) → ARC-c
83.38520693778992,-6.137756824493408,106.66386413574219,151.96261596679688,96.83580780029297,51.728755950927734,7,ARC-c,2,Inside Soetta (Class A) → ARC-c
84.0344135761261,-6.137774467468262,106.66416931152344,154.9110565185547,97.0248031616211,51.71275329589844,6,ARC-c,2,Inside Soetta (Class A) → ARC-c
84.85413670539856,-6.13779878616333,106.66454315185547,158.4115447998047,97.58025360107422,51.733909606933594,6,ARC-c,2,Inside Soetta (Class A) → ARC-c
85.70276284217834,-6.137828350067139,106.6649398803711,161.71383666992188,97.7381820678711,51.85171127319336,7,ARC-c,2,Inside Soetta (Class A) → ARC-c
86.55160546302795,-6.137862682342529,106.66533660888672,164.66995239257812,97.5830078125,52.06199264526367,7,ARC-c,2,Inside Soetta (Class A) → ARC-c
87.37279391288757,-6.137898921966553,106.66571807861328,167.1584014892578,96.44827270507812,52.3444709777832,7,ARC-c,2,Inside Soetta (Class A) → ARC-c
88.03530550003052,-6.137929916381836,106.66603088378906,168.9019012451172,96.85052490234375,52.618446350097656,7,ARC-c,2,Inside Soetta (Class A) → ARC-c
88.69185495376587,-6.1379618644714355,106.66634368896484,170.44981384277344,96.78296661376953,52.910709381103516,7,ARC-c,2,Inside Soetta (Class A) → ARC-c
89.3514096736908,-6.13799524307251,106.66665649414062,171.8928680419922,96.67430877685547,53.21158981323242,7,ARC-c,2,Inside Soetta (Class A) → ARC-c
90.25378441810608,-6.13804292678833,106.6670913696289,173.78323364257812,97.07779693603516,53.62066650390625,7,ARC-c,2,Inside Soetta (Class A) → ARC-c
91.13231325149536,-6.138092517852783,106.66751861572266,175.70083618164062,96.52236938476562,53.988502502441406,7,ARC-c,2,Inside Soetta (Class A) → ARC-c
91.95204734802246,-6.138139247894287,106.66791534423828,177.55264282226562,96.5923080444336,54.31260299682617,7,ARC-c,2,Inside Soetta (Class A) → ARC-c
92.60070204734802,-6.138176918029785,106.66822814941406,179.05027770996094,96.75309753417969,54.557125091552734,7,ARC-c,2,Inside Soetta (Class A) → ARC-c
93.43647050857544,-6.13822603225708,106.66864013671875,180.94439697265625,96.69964599609375,54.873329162597656,7,ARC-c,2,Inside Soetta (Class A) → ARC-c
94.10007429122925,-6.138265609741211,106.6689682006836,182.4210205078125,96.72398376464844,55.12322998046875,7,ARC-c,2,Inside Soetta (Class A) → ARC-c
94.75318431854248,-6.138304233551025,106.66929626464844,183.8291778564453,96.67073822021484,55.37523651123047,7,ARC-c,2,Inside Soetta (Class A) → ARC-c
95.60008907318115,-6.13835334777832,106.66970825195312,185.49806213378906,96.54499053955078,55.709800720214844,7,ARC-c,2,Inside Soetta (Class A) → ARC-c
96.41722846031189,-6.138400554656982,106.67012023925781,187.09893798828125,96.34907531738281,56.01944351196289,7,ARC-c,2,Inside Soetta (Class A) → ARC-c
97.06633400917053,-6.138436794281006,106.67044830322266,188.43309020996094,96.13802337646484,56.24597930908203,7,ARC-c,2,Inside Soetta (Class A) → ARC-c
97.90161204338074,-6.138481140136719,106.67086791992188,190.26173400878906,95.7977066040039,56.50365447998047,7,ARC-c,2,Inside Soetta (Class A) → ARC-c
98.5637948513031,-6.138514518737793,106.67120361328125,191.8372802734375,95.4648666381836,56.68129348754883,6,ARC-c,2,Inside Soetta (Class A) → ARC-c
99.38438606262207,-6.138553142547607,106.67162322998047,193.95077514648438,95.00535583496094,56.86381530761719,6,ARC-c,2,Inside Soetta (Class A) → ARC-c
100.1843204498291,-6.138587474822998,106.67203521728516,196.24220275878906,94.62677764892578,56.997379302978516,7,ARC-c,2,Inside Soetta (Class A) → ARC-c
101.01829886436462,-6.138619899749756,106.6724624633789,198.8755340576172,94.16971588134766,57.08873748779297,7,ARC-c,2,Inside Soetta (Class A) → ARC-c
101.81615567207336,-6.13864803314209,106.6728744506836,201.66172790527344,93.73943328857422,57.128910064697266,7,ARC-c,2,Inside Soetta (Class A) → ARC-c
102.4542589187622,-6.138668537139893,106.67320251464844,204.0716094970703,93.46302795410156,57.1333122253418,7,ARC-c,2,Inside Soetta (Class A) → ARC-c
103.25941228866577,-6.1386919021606445,106.67362213134766,207.0723419189453,93.18293762207031,57.16688537597656,7,ARC-c,2,Inside Soetta (Class A) → ARC-c
103.91549253463745,-6.138709545135498,106.67395782470703,209.25515747070312,92.99529266357422,57.23284912109375,7,ARC-c,2,Inside Soetta (Class A) → ARC-c
104.77434659004211,-6.138731002807617,106.67440032958984,211.93673706054688,93.23443603515625,57.33706283569336,7,ARC-c,2,Inside Soetta (Class A) → ARC-c
105.58202242851257,-6.1387505531311035,106.67481231689453,214.3487548828125,93.05215454101562,57.4503059387207,7,ARC-c,2,Inside Soetta (Class A) → ARC-c
106.3895194530487,-6.13877010345459,106.67523193359375,216.55169677734375,93.07071685791016,57.60066604614258,7,ARC-c,2,Inside Soetta (Class A) → ARC-c
107.03151893615723,-6.138785362243652,106.67556762695312,218.1551971435547,93.04569244384766,57.73553466796875,7,ARC-c,2,Inside Soetta (Class A) → ARC-c
107.84617495536804,-6.138805389404297,106.67599487304688,220.08192443847656,93.01819610595703,57.918331146240234,7,ARC-c,2,Inside Soetta (Class A) → ARC-c
108.49605250358582,-6.138821125030518,106.67633056640625,221.56243896484375,93.05672454833984,58.067684173583984,7,ARC-c,2,Inside Soetta (Class A) → ARC-c
109.16537976264954,-6.138837814331055,106.67668151855469,223.04234313964844,93.07433319091797,58.222816467285156,7,ARC-c,2,Inside Soetta (Class A) → ARC-c
109.98437595367432,-6.138858795166016,106.67711639404297,224.82347106933594,93.13756561279297,58.412559509277344,7,ARC-c,2,Inside Soetta (Class A) → ARC-c
110.80919408798218,-6.138880252838135,106.67755126953125,226.59400939941406,93.19744110107422,58.59870529174805,7,ARC-c,2,Inside Soetta (Class A) → ARC-c
111.6874725818634,-6.138903617858887,106.67801666259766,228.4792938232422,93.29878997802734,58.78827667236328,7,ARC-c,2,Inside Soetta (Class A) → ARC-c
112.48407816886902,-6.138926029205322,106.67843627929688,230.19329833984375,93.38407897949219,58.9511604309082,7,ARC-c,2,Inside Soetta (Class A) → ARC-c
113.30042243003845,-6.138949871063232,106.67887115478516,232.03199768066406,93.4875259399414,59.09658432006836,7,ARC-c,2,Inside Soetta (Class A) → ARC-c
114.11723399162292,-6.138974189758301,106.67930603027344,233.98211669921875,93.58876037597656,59.21369934082031,7,ARC-c,2,Inside Soetta (Class A) → ARC-c
114.93303346633911,-6.138999938964844,106.67974090576172,236.15505981445312,93.14759063720703,59.29856491088867,7,ARC-c,2,Inside Soetta (Class A) → ARC-c
115.76721930503845,-6.139026165008545,106.68018341064453,238.37237548828125,93.23844146728516,59.39977264404297,7,ARC-c,2,Inside Soetta (Class A) → ARC-c
116.60429334640503,-6.139052391052246,106.68063354492188,240.48719787597656,93.19174194335938,59.505279541015625,7,ARC-c,2,Inside Soetta (Class A) → ARC-c
117.48892140388489,-6.139079570770264,106.68110656738281,242.69691467285156,93.13139343261719,59.62190246582031,7,ARC-c,2,Inside Soetta (Class A) → ARC-c
118.15115880966187,-6.139099597930908,106.68146514892578,244.30618286132812,93.04107666015625,59.711727142333984,7,ARC-c,2,Inside Soetta (Class A) → ARC-c
119.0481948852539,-6.139125823974609,106.68195343017578,246.43209838867188,92.9218521118164,59.84187316894531,7,ARC-c,2,Inside Soetta (Class A) → ARC-c
119.86024475097656,-6.139147758483887,106.68238830566406,248.2106170654297,92.7765884399414,59.97538375854492,7,ARC-c,2,Inside Soetta (Class A) → ARC-c
120.72609519958496,-6.139170169830322,106.68285369873047,250.0112762451172,92.5998764038086,60.128170013427734,7,ARC-c,2,Inside Soetta (Class A) → ARC-c
121.55236744880676,-6.139190673828125,106.68331146240234,251.63314819335938,92.44596862792969,60.28176498413086,7,ARC-c,2,Inside Soetta (Class A) → ARC-c
122.38618159294128,-6.139209270477295,106.68376159667969,253.20069885253906,92.3004150390625,60.438629150390625,7,ARC-c,2,Inside Soetta (Class A) → ARC-c
123.03530955314636,-6.139223098754883,106.68411254882812,254.4136962890625,92.15304565429688,60.558284759521484,7,ARC-c,2,Inside Soetta (Class A) → ARC-c
123.88518810272217,-6.13923978805542,106.68457794189453,256.0158386230469,91.97927856445312,60.706886291503906,7,ARC-c,2,Inside Soetta (Class A) → ARC-c
124.70065212249756,-6.139254093170166,106.68502807617188,257.6352233886719,91.80175018310547,60.823482513427734,7,ARC-c,2,Inside Soetta (Class A) → ARC-c
125.5489912033081,-6.139267921447754,106.68549346923828,259.4742126464844,91.62274932861328,60.92704391479492,7,ARC-c,2,Inside Soetta (Class A) → ARC-c
126.36831378936768,-6.139280319213867,106.68594360351562,260.8955993652344,91.52509307861328,61.09416580200195,7,ARC-c,2,Inside Soetta (Class A) → ARC-c
127.18434691429138,-6.139292240142822,106.68639373779297,261.9326477050781,91.5172119140625,61.303470611572266,7,ARC-c,2,Inside Soetta (Class A) → ARC-c
127.9995527267456,-6.1393046379089355,106.68684387207031,262.7908630371094,91.54997253417969,61.52923583984375,7,ARC-c,2,Inside Soetta (Class A) → ARC-c
128.81825613975525,-6.139317512512207,106.68730163574219,263.5408020019531,91.63314056396484,61.7613410949707,7,ARC-c,2,Inside Soetta (Class A) → ARC-c
129.66818356513977,-6.139331340789795,106.68777465820312,264.2378845214844,91.697021484375,62.0032958984375,7,ARC-c,2,Inside Soetta (Class A) → ARC-c
130.48346424102783,-6.139345645904541,106.688232421875,264.879150390625,91.7674560546875,62.22990417480469,6,ARC-c,2,Inside Soetta (Class A) → ARC-c
131.30011558532715,-6.139359951019287,106.68869018554688,265.5235290527344,91.83671569824219,62.44350814819336,6,ARC-c,2,Inside Soetta (Class A) → ARC-c
131.94912314414978,-6.1393723487854,106.68905639648438,266.1031799316406,91.89153289794922,62.59546661376953,6,ARC-c,2,Inside Soetta (Class A) → ARC-c
132.66263389587402,-6.139385223388672,106.68944549560547,266.8014221191406,91.95272827148438,62.74205017089844,7,ARC-c,2,Inside Soetta (Class A) → ARC-c
133.64422821998596,-6.139405727386475,106.69001770019531,267.9528503417969,92.03351593017578,62.91840744018555,7,ARC-c,2,Inside Soetta (Class A) → ARC-c
134.46801710128784,-6.13942289352417,106.69048309326172,269.0340576171875,92.10526275634766,63.04136276245117,7,ARC-c,2,Inside Soetta (Class A) → ARC-c
135.3169858455658,-6.139440536499023,106.69096374511719,270.175537109375,92.17943572998047,63.15547561645508,7,ARC-c,2,Inside Soetta (Class A) → ARC-c
136.16234922409058,-6.139459609985352,106.69145202636719,271.4414367675781,92.24938201904297,63.25094985961914,7,ARC-c,2,Inside Soetta (Class A) → ARC-c
136.97321391105652,-6.13947868347168,106.6919174194336,272.75537109375,92.31532287597656,63.32002258300781,7,ARC-c,2,Inside Soetta (Class A) → ARC-c
137.7761731147766,-6.13949728012085,106.69237518310547,274.1346435546875,92.37632751464844,63.3736572265625,7,ARC-c,2,Inside Soetta (Class A) → ARC-c
138.6402449607849,-6.1395182609558105,106.69286346435547,275.57220458984375,92.4382095336914,63.445709228515625,7,ARC-c,2,Inside Soetta (Class A) → ARC-c
139.55047178268433,-6.139541149139404,106.69338989257812,276.9255676269531,92.51030731201172,63.542667388916016,7,ARC-c,2,Inside Soetta (Class A) → ARC-c
140.3672227859497,-6.139562129974365,106.69386291503906,277.99786376953125,92.5316162109375,63.6457633972168,7,ARC-c,2,Inside Soetta (Class A) → ARC-c
141.0171136856079,-6.139578819274902,106.6942367553711,278.7674255371094,92.5649642944336,63.7381477355957,7,ARC-c,2,Inside Soetta (Class A) → ARC-c
141.6673653125763,-6.1395955085754395,106.69461059570312,279.4707336425781,92.54988861083984,63.83396911621094,7,ARC-c,2,Inside Soetta (Class A) → ARC-c
142.53323316574097,-6.139617919921875,106.69510650634766,280.3484191894531,92.5516586303711,63.969905853271484,7,ARC-c,2,Inside Soetta (Class A) → ARC-c
143.35512804985046,-6.139638900756836,106.6955795288086,280.9679870605469,92.51813507080078,64.12749481201172,7,ARC-c,2,Inside Soetta (Class A) → ARC-c
144.01810479164124,-6.139655590057373,106.69596099853516,281.3760070800781,92.47472381591797,64.25692749023438,7,ARC-c,2,Inside Soetta (Class A) → ARC-c
144.6860797405243,-6.13967227935791,106.69635009765625,281.83538818359375,92.42632293701172,64.37307739257812,7,ARC-c,2,Inside Soetta (Class A) → ARC-c
145.35150504112244,-6.139688491821289,106.69673919677734,282.3629150390625,92.34904479980469,64.47603607177734,7,ARC-c,2,Inside Soetta (Class A) → ARC-c
146.2033166885376,-6.139708042144775,106.69723510742188,283.08819580078125,92.24607849121094,64.59410858154297,7,ARC-c,2,Inside Soetta (Class A) → ARC-c
147.11826705932617,-6.139728546142578,106.69776916503906,284.05975341796875,92.1202392578125,64.68416595458984,7,ARC-c,2,Inside Soetta (Class A) → ARC-c
147.7703070640564,-6.139742374420166,106.69815063476562,284.86480712890625,92.02850341796875,64.73155975341797,7,ARC-c,2,Inside Soetta (Class A) → ARC-c
148.43491458892822,-6.139755725860596,106.69853973388672,285.7187805175781,91.9349136352539,64.77522277832031,7,ARC-c,2,Inside Soetta (Class A) → ARC-c
149.08515286445618,-6.139768123626709,106.69892120361328,286.6051940917969,91.83824920654297,64.80767059326172,7,ARC-c,2,Inside Soetta (Class A) → ARC-c
149.7510950565338,-6.139780044555664,106.69931030273438,287.548828125,91.76510620117188,64.83585357666016,7,ARC-c,2,Inside Soetta (Class A) → ARC-c
150.41724920272827,-6.139791488647461,106.69969940185547,288.5435791015625,91.6867446899414,64.85462188720703,7,ARC-c,2,Inside Soetta (Class A) → ARC-c
151.3023636341095,-6.139806270599365,106.7002182006836,289.927734375,91.5989990234375,64.86922454833984,7,ARC-c,2,Inside Soetta (Class A) → ARC-c
152.173485994339,-6.139819145202637,106.70072174072266,291.37408447265625,91.50367736816406,64.86949157714844,7,ARC-c,2,Inside Soetta (Class A) → ARC-c
153.07519602775574,-6.139832019805908,106.70125579833984,292.9791564941406,91.39937591552734,64.85549926757812,7,ARC-c,2,Inside Soetta (Class A) → ARC-c
153.73619055747986,-6.139840602874756,106.70164489746094,294.0997314453125,91.34120178222656,64.86591339111328,7,ARC-c,2,Inside Soetta (Class A) → ARC-c
154.65410256385803,-6.139852046966553,106.70217895507812,295.28369140625,91.24585723876953,64.93282318115234,7,ARC-c,2,Inside Soetta (Class A) → ARC-c
155.53629398345947,-6.139862537384033,106.70269775390625,296.0596923828125,91.16570281982422,65.04447174072266,7,ARC-c,2,Inside Soetta (Class A) → ARC-c
156.4335663318634,-6.139872074127197,106.7032241821289,296.5362854003906,91.08600616455078,65.19901275634766,7,ARC-c,2,Inside Soetta (Class A) → ARC-c
157.25796556472778,-6.139880657196045,106.7037124633789,296.6763916015625,91.03202819824219,65.3795166015625,7,ARC-c,2,Inside Soetta (Class A) → ARC-c
158.08512377738953,-6.139888286590576,106.7042007446289,296.4320373535156,90.97509765625,65.6105728149414,7,ARC-c,2,Inside Soetta (Class A) → ARC-c
158.90040183067322,-6.139895439147949,106.7046890258789,295.8756408691406,90.9113998413086,65.86988830566406,7,ARC-c,2,Inside Soetta (Class A) → ARC-c
159.73901867866516,-6.139902114868164,106.70518493652344,295.1199645996094,90.85457611083984,66.14773559570312,7,ARC-c,2,Inside Soetta (Class A) → ARC-c
160.41615390777588,-6.139907360076904,106.7055892944336,294.4134216308594,90.78739166259766,66.37616729736328,7,ARC-c,2,Inside Soetta (Class A) → ARC-c
161.28364849090576,-6.139914035797119,106.70610809326172,293.5214538574219,90.72592163085938,66.64797973632812,7,ARC-c,2,Inside Soetta (Class A) → ARC-c
162.1322865486145,-6.139919281005859,106.70662689208984,292.86016845703125,90.6566162109375,66.8697509765625,7,ARC-c,2,Inside Soetta (Class A) → ARC-c
162.95011949539185,-6.1399245262146,106.70711517333984,292.4569091796875,90.59860229492188,67.04342651367188,7,ARC-c,2,Inside Soetta (Class A) → ARC-c
163.7849977016449,-6.139928817749023,106.70762634277344,292.28582763671875,90.5499038696289,67.18290710449219,7,ARC-c,2,Inside Soetta (Class A) → ARC-c
164.61867666244507,-6.139933109283447,106.7081298828125,292.3098449707031,90.49578857421875,67.29928588867188,7,ARC-c,2,500 ft < OPS < FL600 in Uncontrolled Airspace → ARC-c
165.4494342803955,-6.139936923980713,106.70863342285156,292.4900207519531,90.44100952148438,67.38578033447266,7,ARC-c,2,500 ft < OPS < FL600 in Uncontrolled Airspace → ARC-c
166.26628637313843,-6.13994026184082,106.70913696289062,292.7967224121094,90.41098022460938,67.4521713256836,7,ARC-c,2,500 ft < OPS < FL600 in Uncontrolled Airspace → ARC-c
167.08378863334656,-6.1399431228637695,106.70963287353516,293.1669616699219,90.35628509521484,67.50772857666016,7,ARC-c,2,500 ft < OPS < FL600 in Uncontrolled Airspace → ARC-c
167.93520760536194,-6.139945983886719,106.71015167236328,293.54388427734375,90.32195281982422,67.56687927246094,7,ARC-c,2,500 ft < OPS < FL600 in Uncontrolled Airspace → ARC-c
168.7737913131714,-6.13994836807251,106.71066284179688,293.8014221191406,90.29357147216797,67.64018249511719,7,ARC-c,2,500 ft < OPS < FL600 in Uncontrolled Airspace → ARC-c
169.6424641609192,-6.139950275421143,106.71118927001953,293.9456787109375,90.24465942382812,67.72950744628906,7,ARC-c,2,500 ft < OPS < FL600 in Uncontrolled Airspace → ARC-c
170.54928183555603,-6.139951705932617,106.71174621582031,293.94927978515625,90.17735290527344,67.83753967285156,7,ARC-c,2,500 ft < OPS < FL600 in Uncontrolled Airspace → ARC-c
171.43219923973083,-6.139953136444092,106.71231079101562,293.8236389160156,90.1310043334961,67.9564208984375,7,ARC-c,2,500 ft < OPS < FL600 in Uncontrolled Airspace → ARC-c
172.24933552742004,-6.139953136444092,106.71281433105469,293.6802062988281,90.07378387451172,68.06002044677734,7,ARC-c,2,500 ft < OPS < FL600 in Uncontrolled Airspace → ARC-c
173.08489108085632,-6.139953136444092,106.71332550048828,293.4970703125,90.00613403320312,68.16669464111328,7,ARC-c,2,500 ft < OPS < FL600 in Uncontrolled Airspace → ARC-c
173.9525728225708,-6.139952182769775,106.71385955810547,293.2533874511719,89.90593719482422,68.27845001220703,7,ARC-c,2,500 ft < OPS < FL600 in Uncontrolled Airspace → ARC-c
174.60806226730347,-6.139950752258301,106.71426391601562,293.04486083984375,89.83386993408203,68.36194610595703,7,ARC-c,2,500 ft < OPS < FL600 in Uncontrolled Airspace → ARC-c
175.43512296676636,-6.13994836807251,106.71477508544922,292.763427734375,89.72943115234375,68.4653549194336,7,ARC-c,2,500 ft < OPS < FL600 in Uncontrolled Airspace → ARC-c
176.2531235218048,-6.139944553375244,106.71528625488281,292.4249572753906,89.63414001464844,68.57129669189453,7,ARC-c,2,500 ft < OPS < FL600 in Uncontrolled Airspace → ARC-c
176.91797137260437,-6.139941215515137,106.7156982421875,292.1271667480469,89.5557632446289,68.65560150146484,7,ARC-c,2,500 ft < OPS < FL600 in Uncontrolled Airspace → ARC-c
177.57995295524597,-6.139936923980713,106.71609497070312,291.8184814453125,89.44164276123047,68.73805236816406,7,ARC-c,2,500 ft < OPS < FL600 in Uncontrolled Airspace → ARC-c
178.48497080802917,-6.13992977142334,106.71666717529297,291.3498840332031,89.30186462402344,68.8513412475586,7,ARC-c,2,500 ft < OPS < FL600 in Uncontrolled Airspace → ARC-c
179.3037986755371,-6.139922142028809,106.71717834472656,290.9417419433594,89.13994598388672,68.94325256347656,7,ARC-c,2,500 ft < OPS < FL600 in Uncontrolled Airspace → ARC-c
180.11861300468445,-6.1399126052856445,106.71768951416016,290.58966064453125,88.95740509033203,69.02425384521484,7,ARC-c,2,500 ft < OPS < FL600 in Uncontrolled Airspace → ARC-c
180.96016144752502,-6.139901638031006,106.71820831298828,290.2023010253906,88.77101135253906,69.10919189453125,7,ARC-c,2,500 ft < OPS < FL600 in Uncontrolled Airspace → ARC-c
181.63909721374512,-6.139890670776367,106.71863555908203,289.8338928222656,88.59007263183594,69.18167114257812,7,ARC-c,2,500 ft < OPS < FL600 in Uncontrolled Airspace → ARC-c
182.52582478523254,-6.139875411987305,106.71918487548828,289.32208251953125,88.36727142333984,69.27468872070312,7,ARC-c,2,500 ft < OPS < FL600 in Uncontrolled Airspace → ARC-c
183.3720486164093,-6.139857769012451,106.71971893310547,288.83685302734375,88.12509155273438,69.35759735107422,7,ARC-c,2,500 ft < OPS < FL600 in Uncontrolled Airspace → ARC-c
184.01946544647217,-6.139842987060547,106.72012329101562,288.43841552734375,87.92414093017578,69.42388153076172,7,ARC-c,2,500 ft < OPS < FL600 in Uncontrolled Airspace → ARC-c
184.86624884605408,-6.139821529388428,106.72065734863281,287.8675231933594,87.67243194580078,69.51144409179688,7,ARC-c,2,500 ft < OPS < FL600 in Uncontrolled Airspace → ARC-c
185.68397569656372,-6.139798164367676,106.7211685180664,287.3128356933594,87.40270233154297,69.59041595458984,7,ARC-c,2,500 ft < OPS < FL600 in Uncontrolled Airspace → ARC-c
186.50121092796326,-6.139772891998291,106.72168731689453,286.7767639160156,87.10514831542969,69.66136932373047,7,ARC-c,2,500 ft < OPS < FL600 in Uncontrolled Airspace → ARC-c
187.36875534057617,-6.139742851257324,106.72222900390625,286.4030456542969,86.79808807373047,69.69807434082031,7,ARC-c,2,500 ft < OPS < FL600 in Uncontrolled Airspace → ARC-c
188.19829630851746,-6.139710426330566,106.72276306152344,286.402099609375,87.48214721679688,69.68339538574219,7,ARC-c,2,500 ft < OPS < FL600 in Uncontrolled Airspace → ARC-c
189.01787900924683,-6.139679908752441,106.7232666015625,286.51043701171875,87.88099670410156,69.64179992675781,7,ARC-c,2,500 ft < OPS < FL600 in Uncontrolled Airspace → ARC-c
189.85148334503174,-6.139650344848633,106.72378540039062,286.8470764160156,88.12323760986328,69.56529235839844,7,ARC-c,2,500 ft < OPS < FL600 in Uncontrolled Airspace → ARC-c
190.68325424194336,-6.139623641967773,106.72431182861328,287.5255126953125,88.67365264892578,69.44441986083984,7,ARC-c,2,500 ft < OPS < FL600 in Uncontrolled Airspace → ARC-c
191.56914973258972,-6.139599323272705,106.72486877441406,288.6358947753906,89.26773834228516,69.26968383789062,7,ARC-c,2,500 ft < OPS < FL600 in Uncontrolled Airspace → ARC-c
192.40089440345764,-6.139583110809326,106.72538757324219,289.7996826171875,89.86244201660156,69.11277770996094,7,ARC-c,2,500 ft < OPS < FL600 in Uncontrolled Airspace → ARC-c
193.04774951934814,-6.1395745277404785,106.72578430175781,290.48406982421875,90.44805908203125,69.02899932861328,7,ARC-c,2,500 ft < OPS < FL600 in Uncontrolled Airspace → ARC-c
193.88506889343262,-6.1395697593688965,106.72631072998047,291.1969299316406,91.22191619873047,68.94281005859375,7,ARC-c,2,500 ft < OPS < FL600 in Uncontrolled Airspace → ARC-c
194.71589708328247,-6.139573574066162,106.7268295288086,291.69012451171875,92.11933135986328,68.89856719970703,7,ARC-c,2,500 ft < OPS < FL600 in Uncontrolled Airspace → ARC-c
195.5678961277008,-6.139586448669434,106.72735595703125,291.8310852050781,93.12446594238281,68.90486145019531,7,ARC-c,2,500 ft < OPS < FL600 in Uncontrolled Airspace → ARC-c
196.402916431427,-6.139608860015869,106.72787475585938,291.548828125,94.13677978515625,68.9745864868164,7,ARC-c,2,500 ft < OPS < FL600 in Uncontrolled Airspace → ARC-c
197.2161808013916,-6.139639854431152,106.72838592529297,290.06561279296875,95.1203384399414,69.26160430908203,7,ARC-c,2,500 ft < OPS < FL600 in Uncontrolled Airspace → ARC-c
197.86701321601868,-6.139669895172119,106.72879028320312,287.4099426269531,95.88500213623047,69.65202331542969,7,ARC-c,2,500 ft < OPS < FL600 in Uncontrolled Airspace → ARC-c
198.82071900367737,-6.139717102050781,106.7293472290039,282.81207275390625,96.82322692871094,70.30429077148438,7,ARC-c,2,500 ft < OPS < FL600 in Uncontrolled Airspace → ARC-c
199.46767830848694,-6.13976526260376,106.72981262207031,279.03515625,97.1867904663086,70.70539855957031,7,ARC-c,2,500 ft < OPS < FL600 in Uncontrolled Airspace → ARC-c
200.3370258808136,-6.139822483062744,106.7303695678711,275.43621826171875,97.52831268310547,71.06346130371094,7,ARC-c,2,500 ft < OPS < FL600 in Uncontrolled Airspace → ARC-c
201.16633200645447,-6.139880657196045,106.73089599609375,272.77496337890625,97.87918853759766,71.31061553955078,7,ARC-c,2,500 ft < OPS < FL600 in Uncontrolled Airspace → ARC-c
202.01697945594788,-6.139944553375244,106.73143768310547,270.187255859375,98.2130126953125,71.53789520263672,7,ARC-c,2,500 ft < OPS < FL600 in Uncontrolled Airspace → ARC-c
202.85185861587524,-6.140010356903076,106.73197937011719,267.6104736328125,98.40975952148438,71.75765228271484,7,ARC-c,2,500 ft < OPS < FL600 in Uncontrolled Airspace → ARC-c
203.67272686958313,-6.140078544616699,106.73250579833984,264.9126892089844,98.63629150390625,71.98697662353516,7,ARC-c,2,500 ft < OPS < FL600 in Uncontrolled Airspace → ARC-c
204.5015344619751,-6.140149116516113,106.73303985595703,262.092529296875,98.79991149902344,72.20986938476562,7,ARC-c,2,500 ft < OPS < FL600 in Uncontrolled Airspace → ARC-c
205.16775631904602,-6.140207767486572,106.73347473144531,259.8511657714844,98.9640121459961,72.37480163574219,8,ARC-c,2,500 ft < OPS < FL600 in Uncontrolled Airspace → ARC-c
206.018981218338,-6.140284061431885,106.73402404785156,257.047119140625,99.14823150634766,72.56993865966797,8,ARC-c,2,500 ft < OPS < FL600 in Uncontrolled Airspace → ARC-c
206.8356955051422,-6.140358924865723,106.73455047607422,254.3674774169922,99.28868865966797,72.73863983154297,7,ARC-c,2,500 ft < OPS < FL600 in Uncontrolled Airspace → ARC-c
207.66800737380981,-6.140437602996826,106.73509216308594,251.8686065673828,99.40345001220703,72.86734771728516,7,ARC-c,2,500 ft < OPS < FL600 in Uncontrolled Airspace → ARC-c
208.3179235458374,-6.140500068664551,106.73551940917969,250.1856231689453,99.49691772460938,72.92579650878906,7,ARC-c,2,500 ft < OPS < FL600 in Uncontrolled Airspace → ARC-c
209.2247552871704,-6.140588283538818,106.7361068725586,248.33705139160156,99.60382843017578,72.93742370605469,7,ARC-c,2,500 ft < OPS < FL600 in Uncontrolled Airspace → ARC-c
210.0694282054901,-6.1406731605529785,106.73665618896484,247.11581420898438,99.64952087402344,72.90028381347656,7,ARC-c,2,500 ft < OPS < FL600 in Uncontrolled Airspace → ARC-c
210.8827362060547,-6.140755653381348,106.73719024658203,246.3286590576172,99.64086151123047,72.82149505615234,7,ARC-c,2,500 ft < OPS < FL600 in Uncontrolled Airspace → ARC-c
211.78507447242737,-6.140847682952881,106.7377700805664,245.87843322753906,99.77740478515625,72.68578338623047,7,ARC-c,2,500 ft < OPS < FL600 in Uncontrolled Airspace → ARC-c
212.58572936058044,-6.140932083129883,106.7383041381836,245.80459594726562,99.89491271972656,72.53353881835938,7,ARC-c,2,500 ft < OPS < FL600 in Uncontrolled Airspace → ARC-c
213.41783618927002,-6.141017913818359,106.73883056640625,245.72930908203125,99.97063446044922,72.39485931396484,7,ARC-c,2,500 ft < OPS < FL600 in Uncontrolled Airspace → ARC-c
214.25089526176453,-6.141106605529785,106.73936462402344,245.46144104003906,100.10596466064453,72.28794860839844,7,ARC-c,2,500 ft < OPS < FL600 in Uncontrolled Airspace → ARC-c
215.10186004638672,-6.14119815826416,106.73991394042969,245.04739379882812,100.224365234375,72.20187377929688,7,ARC-c,2,500 ft < OPS < FL600 in Uncontrolled Airspace → ARC-c
215.75184202194214,-6.141269207000732,106.7403335571289,244.67333984375,100.3511962890625,72.14727020263672,7,ARC-c,2,500 ft < OPS < FL600 in Uncontrolled Airspace → ARC-c
216.4059615135193,-6.141341209411621,106.7407455444336,244.2007598876953,100.44707489013672,72.1085205078125,7,ARC-c,2,500 ft < OPS < FL600 in Uncontrolled Airspace → ARC-c
217.28220963478088,-6.1414384841918945,106.7413101196289,243.4320526123047,100.61550903320312,72.07730865478516,7,ARC-c,2,500 ft < OPS < FL600 in Uncontrolled Airspace → ARC-c
217.96983575820923,-6.14151668548584,106.74174499511719,242.68612670898438,100.75291442871094,72.07344055175781,7,ARC-c,2,500 ft < OPS < FL600 in Uncontrolled Airspace → ARC-c
218.82497787475586,-6.1416168212890625,106.74230194091797,241.58993530273438,101.00184631347656,72.08735656738281,7,ARC-c,2,500 ft < OPS < FL600 in Uncontrolled Airspace → ARC-c
219.70513653755188,-6.141721248626709,106.74286651611328,240.33457946777344,101.16310119628906,72.11608123779297,7,ARC-c,2,500 ft < OPS < FL600 in Uncontrolled Airspace → ARC-c
220.3740770816803,-6.141800880432129,106.7432861328125,239.43069458007812,101.37036895751953,72.12601470947266,7,ARC-c,2,500 ft < OPS < FL600 in Uncontrolled Airspace → ARC-c
221.06915736198425,-6.141886234283447,106.74373626708984,238.6349334716797,101.54939270019531,72.11250305175781,7,ARC-c,2,500 ft < OPS < FL600 in Uncontrolled Airspace → ARC-c
221.9523959159851,-6.141995429992676,106.74430084228516,238.00450134277344,101.84925842285156,72.04740905761719,7,ARC-c,2,500 ft < OPS < FL600 in Uncontrolled Airspace → ARC-c
222.8708062171936,-6.142112731933594,106.74488830566406,237.54957580566406,102.17235565185547,71.96347045898438,7,ARC-c,2,500 ft < OPS < FL600 in Uncontrolled Airspace → ARC-c
223.69400691986084,-6.142221450805664,106.74541473388672,237.27816772460938,102.34587097167969,71.8745346069336,7,ARC-c,2,500 ft < OPS < FL600 in Uncontrolled Airspace → ARC-c
224.51761865615845,-6.142331600189209,106.74593353271484,237.1186981201172,102.70484161376953,71.77750396728516,7,ARC-c,2,500 ft < OPS < FL600 in Uncontrolled Airspace → ARC-c
225.35180950164795,-6.142446041107178,106.7464599609375,236.99330139160156,103.04121398925781,71.68059539794922,7,ARC-c,2,500 ft < OPS < FL600 in Uncontrolled Airspace → ARC-c
226.18511605262756,-6.142563343048096,106.74698638916016,236.9220428466797,103.31871795654297,71.5820083618164,7,ARC-c,2,500 ft < OPS < FL600 in Uncontrolled Airspace → ARC-c
227.0688235759735,-6.142690658569336,106.74754333496094,236.82168579101562,103.4170150756836,71.49176025390625,7,ARC-c,2,500 ft < OPS < FL600 in Uncontrolled Airspace → ARC-c
227.9011116027832,-6.142813682556152,106.7480697631836,236.45082092285156,103.61316680908203,71.45869445800781,7,ARC-c,2,500 ft < OPS < FL600 in Uncontrolled Airspace → ARC-c
228.55038905143738,-6.142910480499268,106.74847412109375,235.79010009765625,103.77059173583984,71.48080444335938,7,ARC-c,2,500 ft < OPS < FL600 in Uncontrolled Airspace → ARC-c
229.41763710975647,-6.143042087554932,106.7490234375,234.57554626464844,103.72554779052734,71.55155181884766,7,ARC-c,2,500 ft < OPS < FL600 in Uncontrolled Airspace → ARC-c
230.2348415851593,-6.143167018890381,106.7495346069336,233.08999633789062,103.87885284423828,71.65782165527344,7,ARC-c,2,500 ft < OPS < FL600 in Uncontrolled Airspace → ARC-c
231.0683948993683,-6.143295764923096,106.75006103515625,231.2741241455078,103.95214080810547,71.79573059082031,6,ARC-c,2,500 ft < OPS < FL600 in Uncontrolled Airspace → ARC-c
231.90094232559204,-6.143424034118652,106.75057983398438,229.3438720703125,103.91915893554688,71.93588256835938,6,ARC-c,2,500 ft < OPS < FL600 in Uncontrolled Airspace → ARC-c
232.71861338615417,-6.143552303314209,106.75111389160156,227.5142059326172,103.81990814208984,72.04855346679688,7,ARC-c,2,500 ft < OPS < FL600 in Uncontrolled Airspace → ARC-c
233.36911725997925,-6.143649578094482,106.75151062011719,226.44134521484375,103.70658111572266,72.06997680664062,7,ARC-c,2,500 ft < OPS < FL600 in Uncontrolled Airspace → ARC-c
234.250652551651,-6.143783092498779,106.75206756591797,225.73594665527344,103.58966827392578,72.00481414794922,7,ARC-c,2,500 ft < OPS < FL600 in Uncontrolled Airspace → ARC-c
235.08783054351807,-6.143908977508545,106.75260162353516,225.71083068847656,103.46829986572266,71.86847686767578,7,ARC-c,2,500 ft < OPS < FL600 in Uncontrolled Airspace → ARC-c
236.02401304244995,-6.144046306610107,106.75318908691406,226.09771728515625,103.36491394042969,71.67961120605469,7,ARC-c,2,500 ft < OPS < FL600 in Uncontrolled Airspace → ARC-c
236.90876936912537,-6.144179821014404,106.75375366210938,226.04312133789062,103.31999969482422,71.60514068603516,7,ARC-c,2,500 ft < OPS < FL600 in Uncontrolled Airspace → ARC-c
237.73381805419922,-6.144299507141113,106.7542724609375,224.7593994140625,103.250732421875,71.69981384277344,7,ARC-c,2,500 ft < OPS < FL600 in Uncontrolled Airspace → ARC-c
238.70053434371948,-6.144403457641602,106.7547378540039,222.7689666748047,103.19258880615234,71.89885711669922,7,ARC-c,2,500 ft < OPS < FL600 in Uncontrolled Airspace → ARC-c
239.51780033111572,-6.144564151763916,106.75541687011719,219.19998168945312,103.13432312011719,72.21931457519531,7,ARC-c,2,500 ft < OPS < FL600 in Uncontrolled Airspace → ARC-c
240.40282368659973,-6.144693374633789,106.75597381591797,215.47633361816406,103.20222473144531,72.57221984863281,7,ARC-c,2,500 ft < OPS < FL600 in Uncontrolled Airspace → ARC-c
241.23944759368896,-6.1448163986206055,106.75650787353516,211.51268005371094,103.23369598388672,72.94116973876953,7,ARC-c,2,500 ft < OPS < FL600 in Uncontrolled Airspace → ARC-c
241.91792058944702,-6.144918918609619,106.75695037841797,208.01927185058594,103.40963745117188,73.25192260742188,7,ARC-c,2,500 ft < OPS < FL600 in Uncontrolled Airspace → ARC-c
242.8022232055664,-6.145054340362549,106.75751495361328,203.5980224609375,103.68294525146484,73.5908432006836,7,ARC-c,2,500 ft < OPS < FL600 in Uncontrolled Airspace → ARC-c
243.63351607322693,-6.145186424255371,106.758056640625,200.15806579589844,103.99916076660156,73.81645202636719,7,ARC-c,2,500 ft < OPS < FL600 in Uncontrolled Airspace → ARC-c
244.30829000473022,-6.145296096801758,106.75849151611328,197.22357177734375,104.29804229736328,74.0141830444336,7,ARC-c,2,500 ft < OPS < FL600 in Uncontrolled Airspace → ARC-c
245.16556668281555,-6.145437240600586,106.759033203125,193.40335083007812,104.66356658935547,74.26486206054688,7,ARC-c,2,500 ft < OPS < FL600 in Uncontrolled Airspace → ARC-c
245.85751390457153,-6.145558834075928,106.75949096679688,190.092041015625,105.01367950439453,74.47700500488281,7,ARC-c,2,500 ft < OPS < FL600 in Uncontrolled Airspace → ARC-c
246.53463196754456,-6.1456780433654785,106.75993347167969,186.7953338623047,105.36092376708984,74.68313598632812,7,ARC-c,2,500 ft < OPS < FL600 in Uncontrolled Airspace → ARC-c
247.1988275051117,-6.145798206329346,106.76036071777344,183.59800720214844,105.73207092285156,74.86553192138672,7,ARC-c,2,500 ft < OPS < FL600 in Uncontrolled Airspace → ARC-c
248.05129528045654,-6.145956993103027,106.76091766357422,179.65187072753906,106.19679260253906,75.06877899169922,7,ARC-c,2,500 ft < OPS < FL600 in Uncontrolled Airspace → ARC-c
248.90095829963684,-6.146120071411133,106.76146697998047,175.6123809814453,106.59690856933594,75.27964782714844,7,ARC-c,2,500 ft < OPS < FL600 in Uncontrolled Airspace → ARC-c
249.718501329422,-6.146279811859131,106.76199340820312,171.1799774169922,106.88958740234375,75.5530776977539,7,ARC-c,2,500 ft < OPS < FL600 in Uncontrolled Airspace → ARC-c
250.55157780647278,-6.1464457511901855,106.76254272460938,166.1139678955078,107.10090637207031,75.84431457519531,7,ARC-c,2,500 ft < OPS < FL600 in Uncontrolled Airspace → ARC-c
251.20005321502686,-6.146576881408691,106.7629623413086,163.69857788085938,107.13410186767578,75.77403259277344,7,ARC-c,2,500 ft < OPS < FL600 in Uncontrolled Airspace → ARC-c
251.84973978996277,-6.146707534790039,106.76338958740234,163.63059997558594,107.02953338623047,75.44947814941406,7,ARC-c,2,500 ft < OPS < FL600 in Uncontrolled Airspace → ARC-c
252.50088930130005,-6.1468377113342285,106.7638168334961,164.3928680419922,106.96429443359375,75.07579803466797,7,ARC-c,2,500 ft < OPS < FL600 in Uncontrolled Airspace → ARC-c
253.3536193370819,-6.147005558013916,106.76436614990234,168.3859100341797,107.03231811523438,74.09588623046875,7,ARC-c,2,500 ft < OPS < FL600 in Uncontrolled Airspace → ARC-c
254.23500633239746,-6.147176265716553,106.7649154663086,176.64752197265625,106.98329162597656,72.66283416748047,7,ARC-c,2,500 ft < OPS < FL600 in Uncontrolled Airspace → ARC-c
255.0687301158905,-6.147337436676025,106.76543426513672,178.80931091308594,107.25971984863281,72.12408447265625,7,ARC-c,2,500 ft < OPS < FL600 in Uncontrolled Airspace → ARC-c
255.88351607322693,-6.147494792938232,106.76593780517578,184.09423828125,107.43096923828125,71.1778564453125,7,ARC-c,2,500 ft < OPS < FL600 in Uncontrolled Airspace → ARC-c
256.71831941604614,-6.1476569175720215,106.76644134521484,192.60597229003906,107.6662826538086,69.8821792602539,7,ARC-c,2,500 ft < OPS < FL600 in Uncontrolled Airspace → ARC-c
257.5245862007141,-6.14780855178833,106.76691436767578,202.61790466308594,107.85275268554688,68.46629333496094,7,ARC-c,2,500 ft < OPS < FL600 in Uncontrolled Airspace → ARC-c
258.34755063056946,-6.14796257019043,106.76738739013672,213.74925231933594,108.04304504394531,66.9452896118164,7,ARC-c,2,500 ft < OPS < FL600 in Uncontrolled Airspace → ARC-c
259.1576769351959,-6.1481122970581055,106.76783752441406,225.52255249023438,108.2601318359375,65.3567123413086,7,ARC-c,2,500 ft < OPS < FL600 in Uncontrolled Airspace → ARC-c
259.8014757633209,-6.148225784301758,106.76817321777344,234.7055206298828,108.25194549560547,64.1965560913086,7,ARC-c,2,500 ft < OPS < FL600 in Uncontrolled Airspace → ARC-c
260.4695165157318,-6.148346424102783,106.76853942871094,239.5233154296875,108.4607925415039,63.723628997802734,7,ARC-c,2,500 ft < OPS < FL600 in Uncontrolled Airspace → ARC-c
261.1356508731842,-6.148468017578125,106.76890563964844,240.36398315429688,108.34684753417969,63.835533142089844,7,ARC-c,2,500 ft < OPS < FL600 in Uncontrolled Airspace → ARC-c
261.9677028656006,-6.148616313934326,106.76936340332031,242.56573486328125,107.617431640625,63.597835540771484,7,ARC-c,2,500 ft < OPS < FL600 in Uncontrolled Airspace → ARC-c
262.7829875946045,-6.148752212524414,106.76980590820312,248.55873107910156,106.54785919189453,62.76264953613281,7,ARC-c,2,500 ft < OPS < FL600 in Uncontrolled Airspace → ARC-c
263.6918001174927,-6.14888334274292,106.7702865600586,259.8178405761719,104.1913070678711,61.13844680786133,7,ARC-c,2,500 ft < OPS < FL600 in Uncontrolled Airspace → ARC-c
264.5766739845276,-6.148998260498047,106.77074432373047,273.9718017578125,106.93102264404297,59.175804138183594,7,ARC-c,2,500 ft < OPS < FL600 in Uncontrolled Airspace → ARC-c
265.3908107280731,-6.14910364151001,106.77113342285156,287.9886779785156,103.57921600341797,57.29228210449219,7,ARC-c,2,500 ft < OPS < FL600 in Uncontrolled Airspace → ARC-c
266.21778631210327,-6.149209976196289,106.77151489257812,303.7798156738281,107.04193878173828,54.9312629699707,7,ARC-c,2,500 ft < OPS < FL600 in Uncontrolled Airspace → ARC-c
267.05066776275635,-6.149317741394043,106.77188110351562,318.7720031738281,105.30609893798828,53.019283294677734,7,ARC-c,2,500 ft < OPS < FL600 in Uncontrolled Airspace → ARC-c
267.70279145240784,-6.14940071105957,106.77217102050781,324.14080810546875,105.8399887084961,52.63264465332031,7,ARC-c,2,500 ft < OPS < FL600 in Uncontrolled Airspace → ARC-c
268.36859679222107,-6.149488925933838,106.77247619628906,324.8763732910156,106.41725158691406,53.05448913574219,7,ARC-c,2,500 ft < OPS < FL600 in Uncontrolled Airspace → ARC-c
269.2016541957855,-6.149601936340332,106.77286529541016,326.48455810546875,106.30728149414062,53.39425277709961,7,ARC-c,2,500 ft < OPS < FL600 in Uncontrolled Airspace → ARC-c
270.00616788864136,-6.149714469909668,106.77323913574219,328.85919189453125,106.85543823242188,53.5634765625,7,ARC-c,2,500 ft < OPS < FL600 in Uncontrolled Airspace → ARC-c
270.68461561203003,-6.149806976318359,106.77354431152344,331.3743591308594,106.5279541015625,53.63010025024414,7,ARC-c,2,500 ft < OPS < FL600 in Uncontrolled Airspace → ARC-c
271.5374803543091,-6.1499199867248535,106.77394104003906,334.45599365234375,106.1080093383789,53.77213668823242,7,ARC-c,2,500 ft < OPS < FL600 in Uncontrolled Airspace → ARC-c
272.18554162979126,-6.1500020027160645,106.77424621582031,336.43438720703125,103.96991729736328,53.92318344116211,7,ARC-c,2,500 ft < OPS < FL600 in Uncontrolled Airspace → ARC-c
273.01767110824585,-6.150092601776123,106.77464294433594,339.3677062988281,101.6456527709961,54.00810241699219,7,ARC-c,2,500 ft < OPS < FL600 in Uncontrolled Airspace → ARC-c
273.83470392227173,-6.150173664093018,106.77503204345703,342.0596008300781,101.72596740722656,54.198280334472656,7,ARC-c,2,500 ft < OPS < FL600 in Uncontrolled Airspace → ARC-c
274.65197920799255,-6.150251388549805,106.77542877197266,343.51727294921875,100.62487030029297,54.64970016479492,7,ARC-c,2,500 ft < OPS < FL600 in Uncontrolled Airspace → ARC-c
275.52044224739075,-6.150332450866699,106.77584838867188,343.3999938964844,100.51663970947266,55.35171890258789,7,ARC-c,2,500 ft < OPS < FL600 in Uncontrolled Airspace → ARC-c
276.33472323417664,-6.150411128997803,106.77625274658203,342.3648376464844,100.71892547607422,56.14930725097656,7,ARC-c,2,500 ft < OPS < FL600 in Uncontrolled Airspace → ARC-c
277.201678276062,-6.150505065917969,106.77667999267578,340.0041809082031,102.41191101074219,57.180721282958984,7,ARC-c,2,500 ft < OPS < FL600 in Uncontrolled Airspace → ARC-c
278.01931953430176,-6.150603771209717,106.77709197998047,335.72406005859375,103.92908477783203,58.45906448364258,7,ARC-c,2,500 ft < OPS < FL600 in Uncontrolled Airspace → ARC-c
278.868625164032,-6.150710582733154,106.77753448486328,330.0938720703125,103.58148956298828,59.78771209716797,7,ARC-c,2,500 ft < OPS < FL600 in Uncontrolled Airspace → ARC-c
279.70484495162964,-6.150806903839111,106.7779769897461,326.9476318359375,100.76255798339844,60.48191833496094,7,ARC-c,2,500 ft < OPS < FL600 in Uncontrolled Airspace → ARC-c
280.354421377182,-6.150869846343994,106.77832794189453,327.45050048828125,98.90425872802734,60.46390914916992,7,ARC-c,2,500 ft < OPS < FL600 in Uncontrolled Airspace → ARC-c
281.1873836517334,-6.1509318351745605,106.77877807617188,334.07708740234375,96.08991241455078,59.299503326416016,7,ARC-c,2,500 ft < OPS < FL600 in Uncontrolled Airspace → ARC-c
281.9867866039276,-6.150975704193115,106.77918243408203,344.86444091796875,95.47650146484375,57.859161376953125,7,ARC-c,2,500 ft < OPS < FL600 in Uncontrolled Airspace → ARC-c
282.84991574287415,-6.151018142700195,106.77961730957031,356.0989685058594,95.39369201660156,56.59978485107422,7,ARC-c,2,500 ft < OPS < FL600 in Uncontrolled Airspace → ARC-c
283.744690656662,-6.151061534881592,106.78005981445312,361.1043395996094,95.44097137451172,56.477630615234375,7,ARC-c,2,500 ft < OPS < FL600 in Uncontrolled Airspace → ARC-c
284.4188575744629,-6.151094913482666,106.78040313720703,360.7265930175781,95.41514587402344,57.07881546020508,7,ARC-c,2,500 ft < OPS < FL600 in Uncontrolled Airspace → ARC-c
285.08873438835144,-6.151128768920898,106.78075408935547,358.2261047363281,95.48284912109375,58.00226974487305,7,ARC-c,2,500 ft < OPS < FL600 in Uncontrolled Airspace → ARC-c
285.99451971054077,-6.151174545288086,106.78121948242188,346.2627868652344,95.58177947998047,60.46180725097656,7,ARC-c,2,500 ft < OPS < FL600 in Uncontrolled Airspace → ARC-c
286.6707766056061,-6.151208877563477,106.78158569335938,336.89202880859375,95.12291717529297,61.84865951538086,7,ARC-c,2,500 ft < OPS < FL600 in Uncontrolled Airspace → ARC-c
287.53180980682373,-6.151251792907715,106.78207397460938,340.45025634765625,95.6794204711914,58.83310317993164,7,ARC-c,2,500 ft < OPS < FL600 in Uncontrolled Airspace → ARC-c
288.3285000324249,-6.151283264160156,106.78246307373047,356.6028137207031,93.77404022216797,56.434051513671875,7,ARC-c,2,500 ft < OPS < FL600 in Uncontrolled Airspace → ARC-c
289.15058970451355,-6.151312828063965,106.78285217285156,369.9015808105469,95.64250183105469,54.79116439819336,7,ARC-c,2,500 ft < OPS < FL600 in Uncontrolled Airspace → ARC-c
289.82064962387085,-6.151341438293457,106.78317260742188,373.3072509765625,96.86376953125,54.6964225769043,7,ARC-c,2,500 ft < OPS < FL600 in Uncontrolled Airspace → ARC-c
290.6687595844269,-6.151384353637695,106.78360748291016,369.2809753417969,94.76421356201172,56.04874038696289,7,ARC-c,2,500 ft < OPS < FL600 in Uncontrolled Airspace → ARC-c
291.5017704963684,-6.151413440704346,106.78402709960938,366.876953125,92.53801727294922,56.749237060546875,7,ARC-c,2,500 ft < OPS < FL600 in Uncontrolled Airspace → ARC-c
292.31894993782043,-6.151431083679199,106.78445434570312,370.3143310546875,91.23599243164062,56.04741668701172,7,ARC-c,2,500 ft < OPS < FL600 in Uncontrolled Airspace → ARC-c
293.18364548683167,-6.151446342468262,106.78487396240234,378.9932861328125,92.18516540527344,55.0925178527832,7,ARC-c,2,500 ft < OPS < FL600 in Uncontrolled Airspace → ARC-c
294.0015118122101,-6.151461124420166,106.7852783203125,384.77777099609375,92.1087417602539,54.816993713378906,7,ARC-c,2,500 ft < OPS < FL600 in Uncontrolled Airspace → ARC-c
294.6673617362976,-6.151474475860596,106.78560638427734,387.4755859375,92.55146789550781,54.85585021972656,7,ARC-c,2,500 ft < OPS < FL600 in Uncontrolled Airspace → ARC-c
295.5020010471344,-6.151493072509766,106.78601837158203,390.8178405761719,93.4703140258789,54.86796951293945,7,ARC-c,2,500 ft < OPS < FL600 in Uncontrolled Airspace → ARC-c
296.33548045158386,-6.151515483856201,106.78643035888672,393.5235290527344,93.93829345703125,55.0924186706543,7,ARC-c,2,500 ft < OPS < FL600 in Uncontrolled Airspace → ARC-c
297.1731324195862,-6.151540756225586,106.7868423461914,391.1023254394531,93.23812103271484,56.22621154785156,7,ARC-c,2,500 ft < OPS < FL600 in Uncontrolled Airspace → ARC-c
298.0526633262634,-6.151567459106445,106.78729248046875,381.0647888183594,93.5094985961914,58.549259185791016,7,ARC-c,2,500 ft < OPS < FL600 in Uncontrolled Airspace → ARC-c
298.70061898231506,-6.151586055755615,106.78763580322266,373.5529479980469,93.265869140625,59.96107864379883,7,ARC-c,2,500 ft < OPS < FL600 in Uncontrolled Airspace → ARC-c
299.5513770580292,-6.151596546173096,106.78809356689453,367.3450012207031,89.92732238769531,61.062198638916016,7,ARC-c,2,500 ft < OPS < FL600 in Uncontrolled Airspace → ARC-c
300.19898414611816,-6.1515960693359375,106.78845977783203,365.8119201660156,88.4624252319336,61.31813430786133,7,ARC-c,2,500 ft < OPS < FL600 in Uncontrolled Airspace → ARC-c
301.0075988769531,-6.15161657333374,106.78890228271484,367.3493957519531,95.99707794189453,61.16942596435547,7,ARC-c,2,500 ft < OPS < FL600 in Uncontrolled Airspace → ARC-c
301.86638832092285,-6.151674747467041,106.78936767578125,371.224609375,99.14705657958984,60.80084991455078,7,ARC-c,2,500 ft < OPS < FL600 in Uncontrolled Airspace → ARC-c
302.67760372161865,-6.15172815322876,106.78981018066406,375.5065612792969,95.64370727539062,60.46424102783203,7,ARC-c,2,500 ft < OPS < FL600 in Uncontrolled Airspace → ARC-c
303.3258616924286,-6.151754379272461,106.7901611328125,379.04437255859375,93.52099609375,60.19099044799805,7,ARC-c,2,500 ft < OPS < FL600 in Uncontrolled Airspace → ARC-c
304.185391664505,-6.151773452758789,106.7906265258789,381.865478515625,93.04093170166016,60.26932144165039,7,ARC-c,2,500 ft < OPS < FL600 in Uncontrolled Airspace → ARC-c
305.0035448074341,-6.151787281036377,106.79106903076172,379.5812072753906,92.60718536376953,61.142967224121094,7,ARC-c,2,500 ft < OPS < FL600 in Uncontrolled Airspace → ARC-c
305.9000527858734,-6.151803493499756,106.79155731201172,368.89544677734375,92.57344055175781,63.25402069091797,7,ARC-c,2,500 ft < OPS < FL600 in Uncontrolled Airspace → ARC-c
306.73341941833496,-6.151819705963135,106.79202270507812,351.74676513671875,91.82227325439453,66.06179809570312,7,ARC-c,2,500 ft < OPS < FL600 in Uncontrolled Airspace → ARC-c
307.55169796943665,-6.151831150054932,106.79249572753906,336.8421325683594,90.92467498779297,68.00321197509766,7,ARC-c,2,500 ft < OPS < FL600 in Uncontrolled Airspace → ARC-c
308.3573327064514,-6.151835918426514,106.7929916381836,328.53338623046875,90.12600708007812,68.86994171142578,6,ARC-c,2,500 ft < OPS < FL600 in Uncontrolled Airspace → ARC-c
309.1664535999298,-6.15183687210083,106.79349517822266,326.58624267578125,89.86798095703125,68.91168975830078,6,ARC-c,2,500 ft < OPS < FL600 in Uncontrolled Airspace → ARC-c
309.96565222740173,-6.151837348937988,106.79399108886719,329.0971984863281,89.8935775756836,68.46607971191406,6,ARC-c,2,500 ft < OPS < FL600 in Uncontrolled Airspace → ARC-c
310.6324417591095,-6.151839256286621,106.79440307617188,333.0491027832031,90.16543579101562,67.89450073242188,6,ARC-c,2,500 ft < OPS < FL600 in Uncontrolled Airspace → ARC-c
311.5047583580017,-6.151843547821045,106.79492950439453,336.9837951660156,89.96925354003906,67.42203521728516,7,ARC-c,2,500 ft < OPS < FL600 in Uncontrolled Airspace → ARC-c
312.3206970691681,-6.151846885681152,106.79542541503906,333.15521240234375,90.48210906982422,68.00582122802734,7,ARC-c,2,500 ft < OPS < FL600 in Uncontrolled Airspace → ARC-c
313.16787815093994,-6.151848793029785,106.79595184326172,330.9341735839844,89.99961853027344,68.38431549072266,8,ARC-c,2,500 ft < OPS < FL600 in Uncontrolled Airspace → ARC-c
314.0392277240753,-6.151849269866943,106.7964859008789,327.2324523925781,89.94286346435547,68.96650695800781,8,ARC-c,2,500 ft < OPS < FL600 in Uncontrolled Airspace → ARC-c
314.687735080719,-6.151848316192627,106.79689025878906,324.4521484375,89.7282485961914,69.3722152709961,8,ARC-c,2,500 ft < OPS < FL600 in Uncontrolled Airspace → ARC-c
315.5263350009918,-6.1518449783325195,106.79742431640625,321.5160827636719,89.54247283935547,69.72523498535156,8,ARC-c,2,500 ft < OPS < FL600 in Uncontrolled Airspace → ARC-c
316.3336238861084,-6.151840686798096,106.79792785644531,318.46612548828125,89.40470886230469,70.17330169677734,7,ARC-c,2,500 ft < OPS < FL600 in Uncontrolled Airspace → ARC-c
317.1666827201843,-6.151834487915039,106.79845428466797,316.5995178222656,89.16510009765625,70.19486999511719,7,ARC-c,2,500 ft < OPS < FL600 in Uncontrolled Airspace → ARC-c
318.0191333293915,-6.151826858520508,106.79899597167969,314.4338684082031,89.27703857421875,70.51824951171875,7,ARC-c,2,500 ft < OPS < FL600 in Uncontrolled Airspace → ARC-c
318.83537793159485,-6.151816368103027,106.79951477050781,310.7781982421875,88.45613098144531,70.79820251464844,7,ARC-c,2,500 ft < OPS < FL600 in Uncontrolled Airspace → ARC-c
319.71737146377563,-6.151801109313965,106.8000717163086,307.8493957519531,88.1256332397461,71.09468841552734,7,ARC-c,2,500 ft < OPS < FL600 in Uncontrolled Airspace → ARC-c
320.36578154563904,-6.151786804199219,106.80049896240234,307.8793029785156,87.58293151855469,70.85148620605469,7,ARC-c,2,500 ft < OPS < FL600 in Uncontrolled Airspace → ARC-c
321.01730132102966,-6.151773452758789,106.80091094970703,309.177978515625,88.3403549194336,70.57984924316406,7,ARC-c,2,500 ft < OPS < FL600 in Uncontrolled Airspace → ARC-c
321.86942172050476,-6.151762008666992,106.80145263671875,312.9678955078125,88.35423278808594,69.97293090820312,7,ARC-c,2,500 ft < OPS < FL600 in Uncontrolled Airspace → ARC-c
322.68439412117004,-6.151751518249512,106.80197143554688,310.3524169921875,88.69857025146484,70.34874725341797,7,ARC-c,2,500 ft < OPS < FL600 in Uncontrolled Airspace → ARC-c
323.50449538230896,-6.151741981506348,106.802490234375,306.12493896484375,89.08747100830078,70.68189239501953,7,ARC-c,2,500 ft < OPS < FL600 in Uncontrolled Airspace → ARC-c
324.1766097545624,-6.151735782623291,106.80291748046875,305.12835693359375,89.02374267578125,70.75154876708984,7,ARC-c,2,500 ft < OPS < FL600 in Uncontrolled Airspace → ARC-c
324.8993754386902,-6.151729106903076,106.80338287353516,299.30572509765625,89.17797088623047,71.37947082519531,7,ARC-c,2,500 ft < OPS < FL600 in Uncontrolled Airspace → ARC-c
325.71764731407166,-6.151718616485596,106.80390930175781,297.2193908691406,88.65345001220703,71.3017807006836,7,ARC-c,2,500 ft < OPS < FL600 in Uncontrolled Airspace → ARC-c
326.5404088497162,-6.151706695556641,106.80443572998047,292.6366882324219,88.46591186523438,71.7082748413086,7,ARC-c,2,500 ft < OPS < FL600 in Uncontrolled Airspace → ARC-c
327.34843826293945,-6.151683330535889,106.80496215820312,292.24822998046875,86.62074279785156,71.17339324951172,7,ARC-c,2,500 ft < OPS < FL600 in Uncontrolled Airspace → ARC-c
328.1579427719116,-6.15165376663208,106.80548095703125,291.2223815917969,86.93888092041016,71.17107391357422,7,ARC-c,2,500 ft < OPS < FL600 in Uncontrolled Airspace → ARC-c
328.81287240982056,-6.151626110076904,106.80589294433594,290.72821044921875,84.99088287353516,70.59529113769531,7,ARC-c,2,500 ft < OPS < FL600 in Uncontrolled Airspace → ARC-c
329.62658858299255,-6.151583671569824,106.80640411376953,297.80914306640625,85.20478820800781,69.46146392822266,7,ARC-c,2,500 ft < OPS < FL600 in Uncontrolled Airspace → ARC-c
330.4502491950989,-6.151541709899902,106.80691528320312,298.86285400390625,85.62297821044922,69.27247619628906,7,ARC-c,2,500 ft < OPS < FL600 in Uncontrolled Airspace → ARC-c
331.2854371070862,-6.151500701904297,106.80742645263672,288.6119384765625,85.34561157226562,70.64108276367188,7,ARC-c,2,500 ft < OPS < FL600 in Uncontrolled Airspace → ARC-c
331.9354712963104,-6.151464939117432,106.80784606933594,282.2926940917969,84.46247863769531,71.085205078125,7,ARC-c,2,500 ft < OPS < FL600 in Uncontrolled Airspace → ARC-c
332.7893605232239,-6.1514058113098145,106.80840301513672,283.4661865234375,83.1231689453125,70.36742401123047,7,ARC-c,2,500 ft < OPS < FL600 in Uncontrolled Airspace → ARC-c
333.43028473854065,-6.151359558105469,106.80879211425781,288.8567810058594,82.73589324951172,69.51217651367188,7,ARC-c,2,500 ft < OPS < FL600 in Uncontrolled Airspace → ARC-c
334.28241634368896,-6.1512980461120605,106.80931091308594,294.44195556640625,82.49944305419922,68.79020690917969,7,ARC-c,2,500 ft < OPS < FL600 in Uncontrolled Airspace → ARC-c
335.1203989982605,-6.151234149932861,106.80982208251953,288.8661193847656,82.42154693603516,69.58856964111328,7,ARC-c,2,500 ft < OPS < FL600 in Uncontrolled Airspace → ARC-c
335.76891565322876,-6.15118408203125,106.81022644042969,280.8208312988281,83.2646484375,70.5208511352539,7,ARC-c,2,500 ft < OPS < FL600 in Uncontrolled Airspace → ARC-c
336.60754919052124,-6.151120185852051,106.81076049804688,277.0781555175781,82.94477081298828,70.52691650390625,7,ARC-c,2,500 ft < OPS < FL600 in Uncontrolled Airspace → ARC-c
337.48141980171204,-6.151057720184326,106.8113021850586,280.49114990234375,83.25308990478516,69.92189025878906,7,ARC-c,2,500 ft < OPS < FL600 in Uncontrolled Airspace → ARC-c
338.32018756866455,-6.150997638702393,106.81183624267578,278.4208679199219,83.42257690429688,70.20919036865234,7,ARC-c,2,500 ft < OPS < FL600 in Uncontrolled Airspace → ARC-c
339.1484708786011,-6.150936126708984,106.8123550415039,275.92205810546875,82.80195617675781,70.1688461303711,7,ARC-c,2,500 ft < OPS < FL600 in Uncontrolled Airspace → ARC-c
339.9566390514374,-6.1508588790893555,106.81285858154297,281.2759094238281,79.92273712158203,69.07928466796875,7,ARC-c,2,500 ft < OPS < FL600 in Uncontrolled Airspace → ARC-c
340.78625535964966,-6.150774955749512,106.8133544921875,289.5597839355469,80.81779479980469,67.97020721435547,7,ARC-c,2,500 ft < OPS < FL600 in Uncontrolled Airspace → ARC-c
341.4384026527405,-6.15070915222168,106.81375122070312,289.8996276855469,79.9435043334961,67.95176696777344,7,ARC-c,2,500 ft < OPS < FL600 in Uncontrolled Airspace → ARC-c
342.28530740737915,-6.1506218910217285,106.81425476074219,279.3444519042969,80.09529113769531,69.49422454833984,7,ARC-c,2,500 ft < OPS < FL600 in Uncontrolled Airspace → ARC-c
343.1166214942932,-6.150537014007568,106.81476593017578,268.222412109375,81.22544860839844,70.55825805664062,7,ARC-c,2,500 ft < OPS < FL600 in Uncontrolled Airspace → ARC-c
343.75244975090027,-6.150477409362793,106.81517028808594,267.22198486328125,82.03263854980469,70.12149810791016,7,ARC-c,2,500 ft < OPS < FL600 in Uncontrolled Airspace → ARC-c
344.60802268981934,-6.150410175323486,106.8156967163086,274.15972900390625,82.80672454833984,68.91334533691406,8,ARC-c,2,500 ft < OPS < FL600 in Uncontrolled Airspace → ARC-c
345.4493293762207,-6.150351047515869,106.81620788574219,279.95428466796875,82.17576599121094,68.17244720458984,7,ARC-c,2,500 ft < OPS < FL600 in Uncontrolled Airspace → ARC-c
346.1171724796295,-6.150299549102783,106.81661224365234,276.04608154296875,82.11683654785156,68.75726318359375,7,ARC-c,2,500 ft < OPS < FL600 in Uncontrolled Airspace → ARC-c
346.9374577999115,-6.15023946762085,106.81712341308594,269.2579345703125,84.48905944824219,69.34883117675781,7,ARC-c,2,500 ft < OPS < FL600 in Uncontrolled Airspace → ARC-c
347.7497100830078,-6.150198936462402,106.817626953125,272.486083984375,86.34053802490234,68.34745788574219,7,ARC-c,2,500 ft < OPS < FL600 in Uncontrolled Airspace → ARC-c
348.4155082702637,-6.150175094604492,106.81803131103516,277.8551940917969,86.16236877441406,67.6438217163086,7,ARC-c,2,500 ft < OPS < FL600 in Uncontrolled Airspace → ARC-c
349.2862448692322,-6.150146484375,106.81855773925781,274.5131530761719,87.71479034423828,68.21771240234375,7,ARC-c,2,500 ft < OPS < FL600 in Uncontrolled Airspace → ARC-c
350.15464091300964,-6.150106906890869,106.819091796875,268.2093200683594,81.32420349121094,68.54912567138672,7,ARC-c,2,500 ft < OPS < FL600 in Uncontrolled Airspace → ARC-c
350.8174912929535,-6.150027751922607,106.81948852539062,275.36383056640625,75.68885040283203,66.07371520996094,7,ARC-c,2,500 ft < OPS < FL600 in Uncontrolled Airspace → ARC-c
351.4714057445526,-6.149930000305176,106.8198471069336,287.37237548828125,72.91342163085938,64.35380554199219,7,ARC-c,2,500 ft < OPS < FL600 in Uncontrolled Airspace → ARC-c
352.36834931373596,-6.149796009063721,106.8203125,301.3044738769531,73.04864501953125,62.55909729003906,7,ARC-c,2,500 ft < OPS < FL600 in Uncontrolled Airspace → ARC-c
353.21863985061646,-6.149657726287842,106.82077026367188,304.1446838378906,70.498291015625,62.44174575805664,8,ARC-c,2,500 ft < OPS < FL600 in Uncontrolled Airspace → ARC-c
353.88426208496094,-6.149542808532715,106.82112884521484,299.0566711425781,71.74534606933594,63.52110290527344,7,ARC-c,2,500 ft < OPS < FL600 in Uncontrolled Airspace → ARC-c
354.5506217479706,-6.149433135986328,106.82149505615234,293.3370056152344,74.48631286621094,64.42212677001953,7,ARC-c,2,500 ft < OPS < FL600 in Uncontrolled Airspace → ARC-c
355.38321352005005,-6.149313926696777,106.82196807861328,290.1286926269531,77.22135925292969,64.88501739501953,7,ARC-c,2,500 ft < OPS < FL600 in Uncontrolled Airspace → ARC-c
356.2041847705841,-6.149214744567871,106.82244110107422,290.8857421875,79.12446594238281,64.7949447631836,7,ARC-c,2,500 ft < OPS < FL600 in Uncontrolled Airspace → ARC-c
357.00642490386963,-6.149108409881592,106.8228988647461,294.96160888671875,74.3177261352539,64.20133972167969,7,ARC-c,2,500 ft < OPS < FL600 in Uncontrolled Airspace → ARC-c
357.8135190010071,-6.148988723754883,106.8233413696289,302.18719482421875,73.69835662841797,63.16558074951172,7,ARC-c,2,500 ft < OPS < FL600 in Uncontrolled Airspace → ARC-c
358.65970945358276,-6.148886680603027,106.82379913330078,311.6627502441406,78.68081665039062,61.93703079223633,7,ARC-c,2,500 ft < OPS < FL600 in Uncontrolled Airspace → ARC-c
359.5198028087616,-6.148816108703613,106.82426452636719,319.2334899902344,79.70952606201172,61.20602798461914,7,ARC-c,2,500 ft < OPS < FL600 in Uncontrolled Airspace → ARC-c
360.3221025466919,-6.148755073547363,106.82472229003906,321.4737854003906,82.76290130615234,61.28460693359375,7,ARC-c,2,500 ft < OPS < FL600 in Uncontrolled Airspace → ARC-c
361.1242709159851,-6.148691654205322,106.82518005371094,320.71356201171875,81.67442321777344,61.780723571777344,7,ARC-c,2,500 ft < OPS < FL600 in Uncontrolled Airspace → ARC-c
361.7671663761139,-6.1486334800720215,106.82553100585938,320.0090026855469,79.8926010131836,62.144351959228516,7,ARC-c,2,500 ft < OPS < FL600 in Uncontrolled Airspace → ARC-c
362.6315588951111,-6.148540496826172,106.82600402832031,319.4236145019531,78.1939468383789,62.5273323059082,7,ARC-c,2,500 ft < OPS < FL600 in Uncontrolled Airspace → ARC-c
363.2832462787628,-6.148460388183594,106.82636260986328,318.8757629394531,76.81785583496094,62.87479782104492,7,ARC-c,2,500 ft < OPS < FL600 in Uncontrolled Airspace → ARC-c
363.92249059677124,-6.148367881774902,106.82672882080078,318.0147705078125,74.95632934570312,63.187294006347656,7,ARC-c,2,500 ft < OPS < FL600 in Uncontrolled Airspace → ARC-c
364.7391264438629,-6.148242950439453,106.8271713256836,317.9038391113281,73.21825408935547,63.44276809692383,7,ARC-c,2,500 ft < OPS < FL600 in Uncontrolled Airspace → ARC-c
365.41654229164124,-6.148133754730225,106.8275375366211,317.85101318359375,72.67911529541016,63.675743103027344,7,ARC-c,2,500 ft < OPS < FL600 in Uncontrolled Airspace → ARC-c
366.2678256034851,-6.147990703582764,106.82801055908203,313.2931213378906,72.69772338867188,64.63435363769531,7,ARC-c,2,500 ft < OPS < FL600 in Uncontrolled Airspace → ARC-c
367.0772397518158,-6.147855281829834,106.82845306396484,301.0312194824219,73.03353118896484,66.63455200195312,7,ARC-c,2,500 ft < OPS < FL600 in Uncontrolled Airspace → ARC-c
367.88995361328125,-6.147721767425537,106.82892608642578,290.0469665527344,74.48886108398438,68.1447982788086,7,ARC-c,2,500 ft < OPS < FL600 in Uncontrolled Airspace → ARC-c
368.70114374160767,-6.147593975067139,106.82940673828125,282.5530090332031,75.33129119873047,69.13468933105469,7,ARC-c,2,500 ft < OPS < FL600 in Uncontrolled Airspace → ARC-c
369.3354468345642,-6.147497653961182,106.82978820800781,278.4566650390625,76.0463638305664,69.6363754272461,7,ARC-c,2,500 ft < OPS < FL600 in Uncontrolled Airspace → ARC-c
370.19295716285706,-6.147374629974365,106.83031463623047,275.04193115234375,76.63599395751953,70.06423950195312,7,ARC-c,2,500 ft < OPS < FL600 in Uncontrolled Airspace → ARC-c
371.00746035575867,-6.147261619567871,106.83081817626953,271.3475036621094,77.40556335449219,70.5252685546875,7,ARC-c,2,500 ft < OPS < FL600 in Uncontrolled Airspace → ARC-c
371.8480703830719,-6.147150993347168,106.83133697509766,268.9456481933594,78.06130981445312,70.73868560791016,7,ARC-c,2,500 ft < OPS < FL600 in Uncontrolled Airspace → ARC-c
372.7174210548401,-6.147041320800781,106.83187866210938,268.3552551269531,78.39142608642578,70.69696044921875,7,ARC-c,2,500 ft < OPS < FL600 in Uncontrolled Airspace → ARC-c
373.5503900051117,-6.146936416625977,106.8323974609375,268.3802795410156,78.32374572753906,70.63684844970703,7,ARC-c,2,500 ft < OPS < FL600 in Uncontrolled Airspace → ARC-c
374.2189939022064,-6.146849155426025,106.83281707763672,268.2846374511719,78.12570190429688,70.61499786376953,7,ARC-c,2,500 ft < OPS < FL600 in Uncontrolled Airspace → ARC-c
374.8672204017639,-6.146764278411865,106.83322143554688,268.126220703125,77.92961120605469,70.58907318115234,7,ARC-c,2,500 ft < OPS < FL600 in Uncontrolled Airspace → ARC-c
375.5335292816162,-6.146676063537598,106.8336410522461,268.34490966796875,77.81045532226562,70.48311614990234,7,ARC-c,2,500 ft < OPS < FL600 in Uncontrolled Airspace → ARC-c
376.38183879852295,-6.146569728851318,106.83415985107422,270.83831787109375,78.36006927490234,69.9684066772461,7,ARC-c,2,500 ft < OPS < FL600 in Uncontrolled Airspace → ARC-c
377.03780817985535,-6.14648962020874,106.8345718383789,275.2568054199219,79.1169204711914,69.25550079345703,7,ARC-c,2,500 ft < OPS < FL600 in Uncontrolled Airspace → ARC-c
377.88282895088196,-6.146400451660156,106.8350830078125,283.3258361816406,79.34843444824219,68.1143569946289,7,ARC-c,2,500 ft < OPS < FL600 in Uncontrolled Airspace → ARC-c
378.72004771232605,-6.146315097808838,106.83558654785156,285.60980224609375,85.27076721191406,67.81806182861328,7,ARC-c,2,500 ft < OPS < FL600 in Uncontrolled Airspace → ARC-c
379.5513093471527,-6.1462578773498535,106.83609008789062,285.577880859375,86.8415756225586,67.77545928955078,7,ARC-c,2,500 ft < OPS < FL600 in Uncontrolled Airspace → ARC-c
380.3676016330719,-6.1462483406066895,106.83659362792969,284.27447509765625,91.09712982177734,68.00537109375,7,ARC-c,2,500 ft < OPS < FL600 in Uncontrolled Airspace → ARC-c
381.0352485179901,-6.1462788581848145,106.83699798583984,282.4472351074219,96.14212799072266,68.297607421875,7,ARC-c,2,500 ft < OPS < FL600 in Uncontrolled Airspace → ARC-c
381.8851788043976,-6.146372318267822,106.83751678466797,279.06756591796875,102.97667694091797,68.78130340576172,7,ARC-c,2,500 ft < OPS < FL600 in Uncontrolled Airspace → ARC-c
382.54792189598083,-6.146485328674316,106.83790588378906,275.683349609375,108.37894439697266,69.2465591430664,7,ARC-c,2,500 ft < OPS < FL600 in Uncontrolled Airspace → ARC-c
383.440345287323,-6.146703243255615,106.83842468261719,269.7649841308594,115.48870849609375,70.01788330078125,6,ARC-c,2,500 ft < OPS < FL600 in Uncontrolled Airspace → ARC-c
384.286395072937,-6.146961212158203,106.8388900756836,262.15350341796875,119.00032806396484,71.05126190185547,6,ARC-c,2,500 ft < OPS < FL600 in Uncontrolled Airspace → ARC-c
385.1684536933899,-6.147260665893555,106.83936309814453,249.67703247070312,125.0606460571289,72.63230895996094,7,ARC-c,2,500 ft < OPS < FL600 in Uncontrolled Airspace → ARC-c
386.05627274513245,-6.147607326507568,106.83981323242188,233.66246032714844,131.55224609375,74.42413330078125,7,ARC-c,2,500 ft < OPS < FL600 in Uncontrolled Airspace → ARC-c
386.8691620826721,-6.147985935211182,106.84019470214844,220.0845184326172,139.28628540039062,75.66671752929688,7,ARC-c,2,500 ft < OPS < FL600 in Uncontrolled Airspace → ARC-c
387.725035905838,-6.148359298706055,106.84051513671875,209.6595458984375,143.2809295654297,76.55046081542969,7,ARC-c,2,500 ft < OPS < FL600 in Uncontrolled Airspace → ARC-c
388.55541491508484,-6.1489129066467285,106.84090423583984,201.44886779785156,144.83888244628906,76.95826721191406,7,ARC-c,2,500 ft < OPS < FL600 in Uncontrolled Airspace → ARC-c
389.38639211654663,-6.149377822875977,106.84122467041016,194.6063232421875,145.26638793945312,77.45819854736328,7,ARC-c,2,500 ft < OPS < FL600 in Uncontrolled Airspace → ARC-c
390.05728363990784,-6.1497602462768555,106.84148406982422,186.22848510742188,146.03884887695312,78.13680267333984,7,ARC-c,2,500 ft < OPS < FL600 in Uncontrolled Airspace → ARC-c
390.90134024620056,-6.150252819061279,106.84181213378906,179.05075073242188,146.8641357421875,78.2415542602539,7,ARC-c,2,500 ft < OPS < FL600 in Uncontrolled Airspace → ARC-c
391.72452187538147,-6.150740623474121,106.84213256835938,175.12774658203125,146.84542846679688,78.2841796875,7,ARC-c,2,500 ft < OPS < FL600 in Uncontrolled Airspace → ARC-c
392.56000232696533,-6.151228427886963,106.84246063232422,169.47422790527344,148.49972534179688,78.40255737304688,6,ARC-c,2,500 ft < OPS < FL600 in Uncontrolled Airspace → ARC-c
393.3881151676178,-6.151718616485596,106.8427734375,166.48687744140625,148.7542724609375,78.17219543457031,6,ARC-c,2,500 ft < OPS < FL600 in Uncontrolled Airspace → ARC-c
394.2282416820526,-6.152216911315918,106.84307861328125,166.3437957763672,149.91795349121094,77.59579467773438,6,ARC-c,2,500 ft < OPS < FL600 in Uncontrolled Airspace → ARC-c
394.89336013793945,-6.152616024017334,106.84331512451172,168.55328369140625,150.82196044921875,76.87047576904297,6,ARC-c,2,500 ft < OPS < FL600 in Uncontrolled Airspace → ARC-c
395.5713212490082,-6.153019428253174,106.84354400634766,172.92726135253906,151.8736572265625,75.90274047851562,7,ARC-c,2,500 ft < OPS < FL600 in Uncontrolled Airspace → ARC-c
396.2485520839691,-6.153421401977539,106.84375762939453,179.34320068359375,152.9879913330078,74.72463989257812,7,ARC-c,2,500 ft < OPS < FL600 in Uncontrolled Airspace → ARC-c
397.0824327468872,-6.153911590576172,106.84400177001953,189.76429748535156,154.9864044189453,73.01598358154297,7,ARC-c,2,500 ft < OPS < FL600 in Uncontrolled Airspace → ARC-c
397.90211844444275,-6.154390335083008,106.84422302246094,201.4156494140625,154.71755981445312,71.30047607421875,6,ARC-c,2,500 ft < OPS < FL600 in Uncontrolled Airspace → ARC-c
398.557005405426,-6.154762268066406,106.84439849853516,203.9983673095703,153.78311157226562,70.82720184326172,7,ARC-c,2,500 ft < OPS < FL600 in Uncontrolled Airspace → ARC-c
399.4542121887207,-6.155279159545898,106.84463500976562,201.30587768554688,155.48974609375,71.11962127685547,7,ARC-c,2,500 ft < OPS < FL600 in Uncontrolled Airspace → ARC-c
400.117609500885,-6.1556715965271,106.84481048583984,197.72598266601562,156.4032745361328,71.61618041992188,7,ARC-c,2,500 ft < OPS < FL600 in Uncontrolled Airspace → ARC-c
400.956423997879,-6.156164646148682,106.84503173828125,186.7689971923828,156.2999267578125,72.96044158935547,7,ARC-c,2,500 ft < OPS < FL600 in Uncontrolled Airspace → ARC-c
401.76796889305115,-6.156646728515625,106.84524536132812,176.10618591308594,155.96463012695312,74.0195083618164,7,ARC-c,2,500 ft < OPS < FL600 in Uncontrolled Airspace → ARC-c
402.5833520889282,-6.157136917114258,106.84546661376953,169.03379821777344,155.60415649414062,74.59799194335938,7,ARC-c,2,500 ft < OPS < FL600 in Uncontrolled Airspace → ARC-c
403.4578537940979,-6.157664775848389,106.84571075439453,164.22535705566406,155.2706756591797,74.76097106933594,7,ARC-c,2,500 ft < OPS < FL600 in Uncontrolled Airspace → ARC-c
404.31817078590393,-6.158205986022949,106.8459701538086,164.92930603027344,155.03607177734375,74.20619201660156,7,ARC-c,2,500 ft < OPS < FL600 in Uncontrolled Airspace → ARC-c
405.1501338481903,-6.158710956573486,106.84619903564453,168.41551208496094,155.1297149658203,73.53611755371094,7,ARC-c,2,500 ft < OPS < FL600 in Uncontrolled Airspace → ARC-c
405.95082783699036,-6.159189701080322,106.84642791748047,169.27835083007812,155.1614532470703,73.28010559082031,7,ARC-c,2,500 ft < OPS < FL600 in Uncontrolled Airspace → ARC-c
406.79700565338135,-6.15969181060791,106.8466567993164,168.00914001464844,155.3179168701172,73.29767608642578,7,ARC-c,2,500 ft < OPS < FL600 in Uncontrolled Airspace → ARC-c
407.4504873752594,-6.160081386566162,106.84683990478516,165.78150939941406,155.4337615966797,73.45594787597656,7,ARC-c,2,500 ft < OPS < FL600 in Uncontrolled Airspace → ARC-c
408.34197187423706,-6.160621166229248,106.84708404541016,160.9121856689453,155.45069885253906,73.89085388183594,7,ARC-c,2,500 ft < OPS < FL600 in Uncontrolled Airspace → ARC-c
409.16399478912354,-6.161112308502197,106.8473129272461,146.63372802734375,155.74090576171875,75.4147720336914,6,ARC-c,2,OPS ≤ 500 ft AND Controlled or Urban → ARC-c
409.98964738845825,-6.161596775054932,106.8475341796875,126.73767852783203,155.2113037109375,77.49271392822266,6,ARC-c,2,OPS ≤ 500 ft AND Controlled or Urban → ARC-c
410.80063366889954,-6.1620869636535645,106.84777069091797,110.3009262084961,154.2776336669922,78.91056060791016,7,ARC-c,2,OPS ≤ 500 ft AND Controlled or Urban → ARC-c
411.61280965805054,-6.162600517272949,106.8480224609375,100.49215698242188,153.30770874023438,79.14860534667969,7,ARC-c,2,OPS ≤ 500 ft AND Controlled or Urban → ARC-c
412.47130131721497,-6.163147449493408,106.84830474853516,101.95844268798828,152.3050994873047,77.87332153320312,7,ARC-c,2,OPS ≤ 500 ft AND Controlled or Urban → ARC-c
413.31110858917236,-6.163651943206787,106.84857940673828,115.78112030029297,151.3748779296875,75.1584701538086,7,ARC-c,2,OPS ≤ 500 ft AND Controlled or Urban → ARC-c
413.93550729751587,-6.163990020751953,106.84876251220703,133.22714233398438,150.90478515625,72.31853485107422,7,ARC-c,2,OPS ≤ 500 ft AND Controlled or Urban → ARC-c
414.7941129207611,-6.164398193359375,106.84899139404297,163.3016357421875,151.502685546875,67.79341888427734,7,ARC-c,2,500 ft < OPS < FL600 in Uncontrolled Airspace → ARC-c
415.6212320327759,-6.164739608764648,106.84917449951172,196.48736572265625,153.43984985351562,62.82301330566406,7,ARC-c,2,500 ft < OPS < FL600 in Uncontrolled Airspace → ARC-c
416.4269700050354,-6.165030002593994,106.84931182861328,229.92803955078125,155.05348205566406,57.89626693725586,7,ARC-c,2,500 ft < OPS < FL600 in Uncontrolled Airspace → ARC-c
417.2643094062805,-6.165314674377441,106.84943389892578,261.11883544921875,156.62881469726562,53.178043365478516,7,ARC-c,2,500 ft < OPS < FL600 in Uncontrolled Airspace → ARC-c
417.88540029525757,-6.165516376495361,106.8495101928711,282.2960205078125,156.35093688964844,49.847835540771484,7,ARC-c,2,500 ft < OPS < FL600 in Uncontrolled Airspace → ARC-c
418.68335151672363,-6.165781021118164,106.84962463378906,303.2153625488281,153.2877655029297,46.51555633544922,7,ARC-c,2,500 ft < OPS < FL600 in Uncontrolled Airspace → ARC-c
419.51710081100464,-6.166068077087402,106.8497543334961,314.6801452636719,152.34671020507812,45.1391716003418,7,ARC-c,2,500 ft < OPS < FL600 in Uncontrolled Airspace → ARC-c
420.3520951271057,-6.166374206542969,106.84990692138672,317.12164306640625,153.59185791015625,45.790000915527344,7,ARC-c,2,500 ft < OPS < FL600 in Uncontrolled Airspace → ARC-c
421.2000870704651,-6.166691303253174,106.85005950927734,315.5487365722656,154.43153381347656,47.132232666015625,7,ARC-c,2,500 ft < OPS < FL600 in Uncontrolled Airspace → ARC-c
422.0169837474823,-6.1670050621032715,106.85021209716797,313.4799499511719,154.7207489013672,48.378318786621094,7,ARC-c,2,500 ft < OPS < FL600 in Uncontrolled Airspace → ARC-c
422.83402276039124,-6.167327404022217,106.85035705566406,312.3907470703125,156.12783813476562,49.300933837890625,7,ARC-c,2,500 ft < OPS < FL600 in Uncontrolled Airspace → ARC-c
423.6499273777008,-6.167675971984863,106.85049438476562,312.6532897949219,158.84893798828125,49.92251205444336,7,ARC-c,2,500 ft < OPS < FL600 in Uncontrolled Airspace → ARC-c
424.45392084121704,-6.168017387390137,106.85061645507812,314.03253173828125,161.89967346191406,50.35810089111328,7,ARC-c,2,500 ft < OPS < FL600 in Uncontrolled Airspace → ARC-c
425.2816526889801,-6.168362140655518,106.8507308959961,316.0052185058594,162.8434600830078,50.70706558227539,7,ARC-c,2,500 ft < OPS < FL600 in Uncontrolled Airspace → ARC-c
426.2162539958954,-6.1687798500061035,106.85086059570312,318.8388671875,162.8036651611328,51.033294677734375,7,ARC-c,2,500 ft < OPS < FL600 in Uncontrolled Airspace → ARC-c
426.8453743457794,-6.169060230255127,106.8509521484375,320.5857849121094,162.223388671875,51.30816650390625,7,ARC-c,2,500 ft < OPS < FL600 in Uncontrolled Airspace → ARC-c
427.67698526382446,-6.1694183349609375,106.85107421875,322.4226379394531,160.36944580078125,51.70536422729492,7,ARC-c,2,500 ft < OPS < FL600 in Uncontrolled Airspace → ARC-c
428.3160810470581,-6.169696807861328,106.8511734008789,324.03839111328125,159.35182189941406,51.922447204589844,7,ARC-c,2,500 ft < OPS < FL600 in Uncontrolled Airspace → ARC-c
429.14726424217224,-6.170056343078613,106.85131072998047,327.22784423828125,158.0174102783203,51.95915222167969,7,ARC-c,2,500 ft < OPS < FL600 in Uncontrolled Airspace → ARC-c
429.98413729667664,-6.1704206466674805,106.85145568847656,331.80426025390625,157.8517303466797,51.79466247558594,7,ARC-c,2,500 ft < OPS < FL600 in Uncontrolled Airspace → ARC-c
430.79712414741516,-6.170766830444336,106.85159301757812,336.3116455078125,158.66390991210938,51.69679641723633,7,ARC-c,2,500 ft < OPS < FL600 in Uncontrolled Airspace → ARC-c
431.44394040107727,-6.171048164367676,106.85169982910156,339.1734619140625,158.96832275390625,51.80385208129883,7,ARC-c,2,500 ft < OPS < FL600 in Uncontrolled Airspace → ARC-c
432.28200674057007,-6.171412944793701,106.85183715820312,341.7002258300781,160.08709716796875,52.08075714111328,7,ARC-c,2,500 ft < OPS < FL600 in Uncontrolled Airspace → ARC-c
433.1172454357147,-6.171781539916992,106.85195922851562,344.1809997558594,160.77845764160156,52.38270568847656,7,ARC-c,2,500 ft < OPS < FL600 in Uncontrolled Airspace → ARC-c
433.76753067970276,-6.172072410583496,106.85205841064453,344.96954345703125,161.70135498046875,52.82956314086914,7,ARC-c,2,500 ft < OPS < FL600 in Uncontrolled Airspace → ARC-c
434.6683452129364,-6.172481536865234,106.85218811035156,346.42724609375,163.04420471191406,53.235443115234375,7,ARC-c,2,500 ft < OPS < FL600 in Uncontrolled Airspace → ARC-c
435.4902126789093,-6.172860145568848,106.85231018066406,347.9079895019531,161.7691650390625,53.63987731933594,7,ARC-c,2,500 ft < OPS < FL600 in Uncontrolled Airspace → ARC-c
436.1472661495209,-6.17315673828125,106.8524169921875,349.271240234375,159.0222625732422,53.86378860473633,7,ARC-c,2,500 ft < OPS < FL600 in Uncontrolled Airspace → ARC-c
437.00108766555786,-6.173539161682129,106.85256958007812,351.7624816894531,157.00143432617188,54.03030776977539,7,ARC-c,2,500 ft < OPS < FL600 in Uncontrolled Airspace → ARC-c
437.8496267795563,-6.173919200897217,106.85272979736328,355.0604553222656,155.98260498046875,54.060672760009766,7,ARC-c,2,500 ft < OPS < FL600 in Uncontrolled Airspace → ARC-c
438.68246626853943,-6.174288749694824,106.85289764404297,358.0304260253906,156.21588134765625,54.235416412353516,7,ARC-c,2,500 ft < OPS < FL600 in Uncontrolled Airspace → ARC-c
439.4975037574768,-6.174654483795166,106.8530502319336,359.45501708984375,156.7086639404297,54.674190521240234,7,ARC-c,2,500 ft < OPS < FL600 in Uncontrolled Airspace → ARC-c
440.3512783050537,-6.175043106079102,106.85321044921875,359.29351806640625,157.41148376464844,55.3984489440918,7,ARC-c,2,500 ft < OPS < FL600 in Uncontrolled Airspace → ARC-c
441.1558270454407,-6.175421714782715,106.85336303710938,357.9421081542969,158.294921875,56.22905731201172,7,ARC-c,2,500 ft < OPS < FL600 in Uncontrolled Airspace → ARC-c
441.98433780670166,-6.175815105438232,106.853515625,356.10809326171875,159.2329864501953,57.09868621826172,7,ARC-c,2,500 ft < OPS < FL600 in Uncontrolled Airspace → ARC-c
442.78932929039,-6.176202774047852,106.85365295410156,354.0945739746094,160.2566680908203,57.94430160522461,7,ARC-c,2,500 ft < OPS < FL600 in Uncontrolled Airspace → ARC-c
443.6223177909851,-6.176617622375488,106.85379791259766,351.06707763671875,160.6682586669922,59.00052261352539,7,ARC-c,2,500 ft < OPS < FL600 in Uncontrolled Airspace → ARC-c
444.4568109512329,-6.17703914642334,106.85394287109375,344.6064758300781,161.64407348632812,60.53650665283203,7,ARC-c,2,500 ft < OPS < FL600 in Uncontrolled Airspace → ARC-c
445.0994324684143,-6.177370071411133,106.85404968261719,338.94854736328125,162.15692138671875,61.725624084472656,7,ARC-c,2,500 ft < OPS < FL600 in Uncontrolled Airspace → ARC-c
445.9674952030182,-6.177824974060059,106.85418701171875,330.77978515625,162.5798797607422,63.338863372802734,7,ARC-c,2,500 ft < OPS < FL600 in Uncontrolled Airspace → ARC-c
446.8322584629059,-6.178295135498047,106.85433197021484,321.5534973144531,163.10226440429688,64.9427719116211,7,ARC-c,2,500 ft < OPS < FL600 in Uncontrolled Airspace → ARC-c
447.66812229156494,-6.178766250610352,106.85447692871094,314.6766662597656,162.7397003173828,66.0040512084961,7,ARC-c,2,500 ft < OPS < FL600 in Uncontrolled Airspace → ARC-c
448.3269827365875,-6.179136753082275,106.8545913696289,311.3133850097656,162.82167053222656,66.55144500732422,7,ARC-c,2,500 ft < OPS < FL600 in Uncontrolled Airspace → ARC-c
449.150372505188,-6.179610252380371,106.854736328125,307.8075866699219,162.92599487304688,67.17937469482422,7,ARC-c,2,500 ft < OPS < FL600 in Uncontrolled Airspace → ARC-c
449.9520471096039,-6.1800737380981445,106.8548812866211,303.0020446777344,163.11126708984375,68.0080337524414,7,ARC-c,2,500 ft < OPS < FL600 in Uncontrolled Airspace → ARC-c
450.6050283908844,-6.18045711517334,106.85499572753906,299.2405700683594,163.1165313720703,68.54608917236328,7,ARC-c,2,500 ft < OPS < FL600 in Uncontrolled Airspace → ARC-c
451.4272611141205,-6.18093729019165,106.85514068603516,293.07598876953125,163.00616455078125,69.50951385498047,7,ARC-c,2,500 ft < OPS < FL600 in Uncontrolled Airspace → ARC-c
452.08828115463257,-6.18133544921875,106.85526275634766,288.04156494140625,162.89886474609375,70.10775756835938,7,ARC-c,2,500 ft < OPS < FL600 in Uncontrolled Airspace → ARC-c
452.89136028289795,-6.181813716888428,106.85540771484375,278.8409423828125,162.9136962890625,71.28458404541016,7,ARC-c,2,500 ft < OPS < FL600 in Uncontrolled Airspace → ARC-c
453.7162275314331,-6.182313919067383,106.8555679321289,270.68365478515625,162.21224975585938,72.01858520507812,7,ARC-c,2,500 ft < OPS < FL600 in Uncontrolled Airspace → ARC-c
454.5212275981903,-6.182809829711914,106.85572814941406,262.84478759765625,162.05734252929688,72.91729736328125,7,ARC-c,2,500 ft < OPS < FL600 in Uncontrolled Airspace → ARC-c
455.3314983844757,-6.183308124542236,106.85589599609375,257.78961181640625,161.24742126464844,73.10348510742188,7,ARC-c,2,500 ft < OPS < FL600 in Uncontrolled Airspace → ARC-c
456.1518416404724,-6.183817386627197,106.85607147216797,254.93020629882812,161.3693084716797,73.30935668945312,7,ARC-c,2,500 ft < OPS < FL600 in Uncontrolled Airspace → ARC-c
456.8049302101135,-6.184226989746094,106.85620880126953,249.93190002441406,160.72708129882812,73.6383056640625,7,ARC-c,2,500 ft < OPS < FL600 in Uncontrolled Airspace → ARC-c
457.6238775253296,-6.184739112854004,106.85639190673828,249.38040161132812,160.19297790527344,73.32791137695312,7,ARC-c,2,500 ft < OPS < FL600 in Uncontrolled Airspace → ARC-c
458.46053552627563,-6.185252666473389,106.85658264160156,245.7451171875,160.0150604248047,73.46672058105469,7,ARC-c,2,500 ft < OPS < FL600 in Uncontrolled Airspace → ARC-c
459.10754680633545,-6.185654163360596,106.85672760009766,246.1374969482422,159.828125,72.9388656616211,7,ARC-c,2,500 ft < OPS < FL600 in Uncontrolled Airspace → ARC-c
459.9486291408539,-6.186177730560303,106.85690307617188,253.6832275390625,161.29319763183594,71.57279968261719,7,ARC-c,2,500 ft < OPS < FL600 in Uncontrolled Airspace → ARC-c
460.774751663208,-6.186661720275879,106.85706329345703,257.2685852050781,161.8017120361328,70.96440124511719,7,ARC-c,2,500 ft < OPS < FL600 in Uncontrolled Airspace → ARC-c
461.6010684967041,-6.187161445617676,106.85722351074219,262.30889892578125,162.9306182861328,70.0154800415039,7,ARC-c,2,500 ft < OPS < FL600 in Uncontrolled Airspace → ARC-c
462.4520585536957,-6.187669277191162,106.85736846923828,267.52593994140625,162.8058624267578,69.34998321533203,7,ARC-c,2,500 ft < OPS < FL600 in Uncontrolled Airspace → ARC-c
463.10145354270935,-6.188058376312256,106.85749053955078,266.6797790527344,163.5623016357422,69.46659088134766,7,ARC-c,2,500 ft < OPS < FL600 in Uncontrolled Airspace → ARC-c
463.9323842525482,-6.1885552406311035,106.85763549804688,268.6964416503906,163.92596435546875,68.96794891357422,3,ARC-c,2,500 ft < OPS < FL600 in Uncontrolled Airspace → ARC-c
464.73618245124817,-6.189040184020996,106.85777282714844,272.17706298828125,163.8380584716797,68.59123992919922,3,ARC-c,2,500 ft < OPS < FL600 in Uncontrolled Airspace → ARC-c
465.60216450691223,-6.189520359039307,106.85791015625,270.6806335449219,164.113525390625,68.91508483886719,6,ARC-c,2,500 ft < OPS < FL600 in Uncontrolled Airspace → ARC-c
466.4194736480713,-6.1900553703308105,106.8580551147461,268.5130615234375,164.59449768066406,69.20115661621094,6,ARC-c,2,500 ft < OPS < FL600 in Uncontrolled Airspace → ARC-c
467.26282024383545,-6.190558910369873,106.85819244384766,266.4172058105469,164.4092254638672,69.57432556152344,7,ARC-c,2,500 ft < OPS < FL600 in Uncontrolled Airspace → ARC-c
467.91791439056396,-6.190952777862549,106.8582992553711,262.5973815917969,164.6354217529297,70.10540008544922,6,ARC-c,2,500 ft < OPS < FL600 in Uncontrolled Airspace → ARC-c
468.60097646713257,-6.19136905670166,106.85841369628906,258.2994689941406,164.57167053222656,70.68399810791016,6,ARC-c,2,500 ft < OPS < FL600 in Uncontrolled Airspace → ARC-c
469.4219365119934,-6.191874027252197,106.85855865478516,253.16798400878906,164.60548400878906,71.26195526123047,7,ARC-c,2,500 ft < OPS < FL600 in Uncontrolled Airspace → ARC-c
470.2842011451721,-6.19240140914917,106.85870361328125,249.47215270996094,164.5908203125,71.61270141601562,7,ARC-c,2,500 ft < OPS < FL600 in Uncontrolled Airspace → ARC-c
471.1730103492737,-6.192958354949951,106.85884857177734,247.6049346923828,164.7799835205078,71.21282958984375,7,ARC-c,2,500 ft < OPS < FL600 in Uncontrolled Airspace → ARC-c
471.987003326416,-6.193459987640381,106.8589859008789,248.44110107421875,165.24072265625,70.72248840332031,7,ARC-c,2,500 ft < OPS < FL600 in Uncontrolled Airspace → ARC-c
472.8048052787781,-6.193963527679443,106.85911560058594,248.66168212890625,165.368896484375,70.70476531982422,7,ARC-c,2,500 ft < OPS < FL600 in Uncontrolled Airspace → ARC-c
473.65227603912354,-6.1944780349731445,106.85924530029297,245.08892822265625,165.53807067871094,71.1948471069336,7,ARC-c,2,500 ft < OPS < FL600 in Uncontrolled Airspace → ARC-c
474.31588101387024,-6.194890022277832,106.8593521118164,239.79351806640625,165.86473083496094,71.728271484375,7,ARC-c,2,500 ft < OPS < FL600 in Uncontrolled Airspace → ARC-c
475.1340141296387,-6.19540548324585,106.8594741821289,232.6966552734375,166.59957885742188,72.025634765625,7,ARC-c,2,500 ft < OPS < FL600 in Uncontrolled Airspace → ARC-c
475.9492495059967,-6.195911884307861,106.85958862304688,228.22235107421875,167.38084411621094,71.40789031982422,7,ARC-c,2,500 ft < OPS < FL600 in Uncontrolled Airspace → ARC-c
476.7825539112091,-6.196433067321777,106.85971069335938,225.88613891601562,167.44723510742188,70.12841796875,7,ARC-c,2,500 ft < OPS < FL600 in Uncontrolled Airspace → ARC-c
477.59375381469727,-6.196927070617676,106.85982513427734,226.86582946777344,166.8990478515625,68.41857147216797,7,ARC-c,2,500 ft < OPS < FL600 in Uncontrolled Airspace → ARC-c
478.39969396591187,-6.197404384613037,106.85993957519531,230.47877502441406,166.6965789794922,66.4719009399414,7,ARC-c,2,500 ft < OPS < FL600 in Uncontrolled Airspace → ARC-c
479.21518898010254,-6.197869300842285,106.86004638671875,234.69140625,166.61712646484375,64.59439849853516,7,ARC-c,2,500 ft < OPS < FL600 in Uncontrolled Airspace → ARC-c
480.0589442253113,-6.198333740234375,106.86015319824219,237.08338928222656,167.14552307128906,63.879947662353516,7,ARC-c,2,500 ft < OPS < FL600 in Uncontrolled Airspace → ARC-c
480.73611283302307,-6.198714733123779,106.86023712158203,237.24871826171875,167.52020263671875,64.11756896972656,7,ARC-c,2,500 ft < OPS < FL600 in Uncontrolled Airspace → ARC-c
481.60142993927,-6.199204921722412,106.86033630371094,234.6082305908203,167.9774627685547,64.56831359863281,7,ARC-c,2,500 ft < OPS < FL600 in Uncontrolled Airspace → ARC-c
482.2496712207794,-6.1995744705200195,106.86041259765625,230.25289916992188,168.46142578125,65.26561737060547,7,ARC-c,2,500 ft < OPS < FL600 in Uncontrolled Airspace → ARC-c
483.1183044910431,-6.200074195861816,106.86051177978516,223.2119598388672,169.13526916503906,66.40430450439453,7,ARC-c,2,500 ft < OPS < FL600 in Uncontrolled Airspace → ARC-c
483.9823970794678,-6.2005839347839355,106.86061096191406,219.4512939453125,169.05552673339844,66.9337158203125,7,ARC-c,2,500 ft < OPS < FL600 in Uncontrolled Airspace → ARC-c
484.81725335121155,-6.201076030731201,106.86070251464844,218.53758239746094,168.99740600585938,67.1595230102539,7,ARC-c,2,500 ft < OPS < FL600 in Uncontrolled Airspace → ARC-c
485.6133499145508,-6.201547622680664,106.86079406738281,218.64089965820312,168.83660888671875,67.22381591796875,7,ARC-c,2,500 ft < OPS < FL600 in Uncontrolled Airspace → ARC-c
486.4170300960541,-6.202035427093506,106.86089324951172,220.03521728515625,168.61944580078125,67.11776733398438,7,ARC-c,2,500 ft < OPS < FL600 in Uncontrolled Airspace → ARC-c
487.265141248703,-6.202535152435303,106.86099243164062,222.36769104003906,168.37586975097656,66.89300537109375,7,ARC-c,2,500 ft < OPS < FL600 in Uncontrolled Airspace → ARC-c
488.06882190704346,-6.203006267547607,106.86109161376953,225.39065551757812,168.178955078125,66.5970458984375,7,ARC-c,2,500 ft < OPS < FL600 in Uncontrolled Airspace → ARC-c
488.8648850917816,-6.203471660614014,106.86119079589844,228.0484161376953,168.05479431152344,66.37561798095703,7,ARC-c,2,500 ft < OPS < FL600 in Uncontrolled Airspace → ARC-c
489.51474022865295,-6.203847408294678,106.86126708984375,229.7366180419922,167.9647216796875,66.27692413330078,7,ARC-c,2,500 ft < OPS < FL600 in Uncontrolled Airspace → ARC-c
490.16471123695374,-6.204219341278076,106.8613510131836,230.885498046875,167.87696838378906,66.24114990234375,7,ARC-c,2,500 ft < OPS < FL600 in Uncontrolled Airspace → ARC-c
490.98379921913147,-6.204697608947754,106.8614501953125,232.40191650390625,167.6986541748047,66.174560546875,7,ARC-c,2,500 ft < OPS < FL600 in Uncontrolled Airspace → ARC-c
491.81941628456116,-6.205183506011963,106.86155700683594,233.3292694091797,167.62208557128906,66.26626586914062,7,ARC-c,2,500 ft < OPS < FL600 in Uncontrolled Airspace → ARC-c
492.645067691803,-6.205660820007324,106.86165618896484,230.9150848388672,167.61349487304688,66.8439712524414,7,ARC-c,2,500 ft < OPS < FL600 in Uncontrolled Airspace → ARC-c
493.30300998687744,-6.206050395965576,106.86174774169922,227.07554626464844,167.6240692138672,67.545166015625,7,ARC-c,2,500 ft < OPS < FL600 in Uncontrolled Airspace → ARC-c
494.3469250202179,-6.206527233123779,106.86185455322266,222.07797241210938,167.65628051757812,68.266845703125,7,ARC-c,2,500 ft < OPS < FL600 in Uncontrolled Airspace → ARC-c
495.15163683891296,-6.207176685333252,106.86199188232422,220.87518310546875,167.63668823242188,68.36229705810547,7,ARC-c,2,500 ft < OPS < FL600 in Uncontrolled Airspace → ARC-c
495.800856590271,-6.207563877105713,106.86207580566406,221.52377319335938,167.6788330078125,68.33639526367188,7,ARC-c,2,500 ft < OPS < FL600 in Uncontrolled Airspace → ARC-c
496.6648225784302,-6.208085060119629,106.86219024658203,220.2944793701172,167.56773376464844,68.63292694091797,7,ARC-c,2,500 ft < OPS < FL600 in Uncontrolled Airspace → ARC-c
497.49818301200867,-6.208588123321533,106.86229705810547,219.94058227539062,167.40667724609375,68.58633422851562,7,ARC-c,2,500 ft < OPS < FL600 in Uncontrolled Airspace → ARC-c
498.3166184425354,-6.209077835083008,106.86241149902344,222.67568969726562,167.23158264160156,68.23722076416016,7,ARC-c,2,500 ft < OPS < FL600 in Uncontrolled Airspace → ARC-c
499.13081097602844,-6.209561824798584,106.86251831054688,222.48069763183594,167.30020141601562,68.44833374023438,7,ARC-c,2,500 ft < OPS < FL600 in Uncontrolled Airspace → ARC-c
499.9408893585205,-6.2100510597229,106.86263275146484,217.57591247558594,167.12701416015625,69.23807525634766,7,ARC-c,2,500 ft < OPS < FL600 in Uncontrolled Airspace → ARC-c
500.8521771430969,-6.210597991943359,106.86275482177734,208.54782104492188,166.74822998046875,70.56004333496094,7,ARC-c,2,500 ft < OPS < FL600 in Uncontrolled Airspace → ARC-c
501.65913915634155,-6.211094856262207,106.86288452148438,200.2979278564453,165.56353759765625,71.48436737060547,7,ARC-c,2,500 ft < OPS < FL600 in Uncontrolled Airspace → ARC-c
502.4767544269562,-6.211600303649902,106.8630142211914,194.0848388671875,164.4934844970703,72.12541198730469,7,ARC-c,2,500 ft < OPS < FL600 in Uncontrolled Airspace → ARC-c
503.2870171070099,-6.212109565734863,106.8631591796875,190.47633361816406,164.3599090576172,72.38660430908203,7,ARC-c,2,500 ft < OPS < FL600 in Uncontrolled Airspace → ARC-c
504.08388805389404,-6.212615489959717,106.86328887939453,188.44076538085938,164.2982177734375,72.52154541015625,7,ARC-c,2,500 ft < OPS < FL600 in Uncontrolled Airspace → ARC-c
504.9030394554138,-6.21312141418457,106.8634262084961,182.86509704589844,165.58338928222656,73.0405044555664,7,ARC-c,2,500 ft < OPS < FL600 in Uncontrolled Airspace → ARC-c
505.83146500587463,-6.213716983795166,106.86357116699219,179.72789001464844,167.09332275390625,73.15397644042969,7,ARC-c,2,500 ft < OPS < FL600 in Uncontrolled Airspace → ARC-c
506.6187345981598,-6.214226722717285,106.86367797851562,178.70828247070312,167.79676818847656,73.07159423828125,7,ARC-c,2,500 ft < OPS < FL600 in Uncontrolled Airspace → ARC-c
507.45110392570496,-6.214754581451416,106.8637924194336,178.0167694091797,167.8842010498047,72.98405456542969,7,ARC-c,2,500 ft < OPS < FL600 in Uncontrolled Airspace → ARC-c
508.2814371585846,-6.2152862548828125,106.8639144897461,177.1317138671875,166.9833221435547,72.93053436279297,8,ARC-c,2,500 ft < OPS < FL600 in Uncontrolled Airspace → ARC-c
509.1015889644623,-6.21580696105957,106.86404418945312,175.2147674560547,166.0259552001953,73.03939056396484,8,ARC-c,2,500 ft < OPS < FL600 in Uncontrolled Airspace → ARC-c
509.9345154762268,-6.216341495513916,106.86418914794922,172.2613983154297,164.993896484375,73.25702667236328,7,ARC-c,2,500 ft < OPS < FL600 in Uncontrolled Airspace → ARC-c
510.59505462646484,-6.2167582511901855,106.86430358886719,169.34228515625,164.40402221679688,73.49491119384766,7,ARC-c,2,500 ft < OPS < FL600 in Uncontrolled Airspace → ARC-c
511.41964864730835,-6.217285633087158,106.86444854736328,165.23892211914062,164.1903076171875,73.81185913085938,7,ARC-c,2,500 ft < OPS < FL600 in Uncontrolled Airspace → ARC-c
512.2499544620514,-6.217809677124023,106.86459350585938,161.1006317138672,164.59054565429688,74.14295959472656,7,ARC-c,2,500 ft < OPS < FL600 in Uncontrolled Airspace → ARC-c
513.0540382862091,-6.218328475952148,106.86473083496094,155.27346801757812,165.0188446044922,74.68846130371094,7,ARC-c,2,500 ft < OPS < FL600 in Uncontrolled Airspace → ARC-c
513.7167062759399,-6.218756675720215,106.86483764648438,149.27345275878906,165.4853973388672,75.25257873535156,7,ARC-c,2,OPS ≤ 500 ft AND Controlled or Urban → ARC-c
514.5805604457855,-6.219323635101318,106.86497497558594,141.78182983398438,166.60711669921875,75.77185821533203,7,ARC-c,2,OPS ≤ 500 ft AND Controlled or Urban → ARC-c
515.4166007041931,-6.2198805809021,106.86510467529297,138.47128295898438,167.57713317871094,75.69556427001953,7,ARC-c,2,OPS ≤ 500 ft AND Controlled or Urban → ARC-c
516.065851688385,-6.22031307220459,106.86519622802734,139.57122802734375,167.97315979003906,75.16646575927734,7,ARC-c,2,OPS ≤ 500 ft AND Controlled or Urban → ARC-c
516.8937258720398,-6.220856189727783,106.86531066894531,143.1654510498047,168.3647003173828,74.2949447631836,7,ARC-c,2,OPS ≤ 500 ft AND Controlled or Urban → ARC-c
517.7149279117584,-6.22137975692749,106.86541748046875,151.93191528320312,168.7400360107422,72.69508361816406,7,ARC-c,2,OPS ≤ 500 ft AND Controlled or Urban → ARC-c
518.3716974258423,-6.221793174743652,106.86549377441406,163.23951721191406,169.206787109375,70.90148162841797,7,ARC-c,2,500 ft < OPS < FL600 in Uncontrolled Airspace → ARC-c
519.2015805244446,-6.22228479385376,106.86558532714844,178.08676147460938,169.27304077148438,68.90030670166016,7,ARC-c,2,500 ft < OPS < FL600 in Uncontrolled Airspace → ARC-c
520.0357148647308,-6.222773551940918,106.86567687988281,188.0782012939453,169.21383666992188,67.67220306396484,7,ARC-c,2,500 ft < OPS < FL600 in Uncontrolled Airspace → ARC-c
520.8675801753998,-6.2232842445373535,106.86576080322266,193.58360290527344,169.8192901611328,67.07841491699219,7,ARC-c,2,500 ft < OPS < FL600 in Uncontrolled Airspace → ARC-c
521.6678714752197,-6.223763942718506,106.8658447265625,197.0335235595703,170.64193725585938,66.74227142333984,7,ARC-c,2,500 ft < OPS < FL600 in Uncontrolled Airspace → ARC-c
522.4835886955261,-6.224237442016602,106.86592102050781,201.13685607910156,170.8995819091797,66.26631164550781,7,ARC-c,2,500 ft < OPS < FL600 in Uncontrolled Airspace → ARC-c
523.3016023635864,-6.224714279174805,106.86599731445312,205.33544921875,170.92657470703125,65.84243774414062,7,ARC-c,2,500 ft < OPS < FL600 in Uncontrolled Airspace → ARC-c
523.9813623428345,-6.2251129150390625,106.86605834960938,208.62860107421875,171.01380920410156,65.5118179321289,7,ARC-c,2,500 ft < OPS < FL600 in Uncontrolled Airspace → ARC-c
524.7911479473114,-6.225592613220215,106.86613464355469,211.61160278320312,170.72569274902344,65.33289337158203,7,ARC-c,2,500 ft < OPS < FL600 in Uncontrolled Airspace → ARC-c
525.618077993393,-6.226057529449463,106.8662109375,212.9699249267578,170.05355834960938,65.35009765625,7,ARC-c,2,500 ft < OPS < FL600 in Uncontrolled Airspace → ARC-c
526.4607543945312,-6.226546764373779,106.8663101196289,212.64767456054688,169.21090698242188,65.65876770019531,7,ARC-c,2,500 ft < OPS < FL600 in Uncontrolled Airspace → ARC-c
527.3747837543488,-6.2270731925964355,106.86643981933594,211.4132080078125,162.3296661376953,65.85125732421875,7,ARC-c,2,500 ft < OPS < FL600 in Uncontrolled Airspace → ARC-c
528.1996610164642,-6.2275261878967285,106.86663055419922,212.6151885986328,152.04054260253906,65.58290100097656,7,ARC-c,2,500 ft < OPS < FL600 in Uncontrolled Airspace → ARC-c
529.0215709209442,-6.227931976318359,106.86688995361328,215.08995056152344,143.1846923828125,65.20274353027344,7,ARC-c,2,500 ft < OPS < FL600 in Uncontrolled Airspace → ARC-c
529.8368966579437,-6.2282915115356445,106.86720275878906,217.50619506835938,135.4743194580078,64.92282104492188,7,ARC-c,2,500 ft < OPS < FL600 in Uncontrolled Airspace → ARC-c
530.6747033596039,-6.228629112243652,106.8675537109375,221.0006561279297,131.45018005371094,64.42615509033203,7,ARC-c,2,500 ft < OPS < FL600 in Uncontrolled Airspace → ARC-c
531.5166988372803,-6.22896146774292,106.8678970336914,227.62124633789062,136.62948608398438,63.414249420166016,7,ARC-c,2,500 ft < OPS < FL600 in Uncontrolled Airspace → ARC-c
532.3184952735901,-6.229313373565674,106.86817932128906,237.1314239501953,146.04444885253906,61.99136734008789,7,ARC-c,2,500 ft < OPS < FL600 in Uncontrolled Airspace → ARC-c
533.11683344841,-6.2296881675720215,106.86839294433594,247.36888122558594,155.58230590820312,60.54817581176758,7,ARC-c,2,500 ft < OPS < FL600 in Uncontrolled Airspace → ARC-c
533.9636318683624,-6.230105400085449,106.86853790283203,257.5731201171875,165.9051971435547,59.16994094848633,7,ARC-c,2,500 ft < OPS < FL600 in Uncontrolled Airspace → ARC-c
534.7667999267578,-6.230518817901611,106.86860656738281,265.9216613769531,175.7616424560547,58.13673782348633,7,ARC-c,2,500 ft < OPS < FL600 in Uncontrolled Airspace → ARC-c
535.5713715553284,-6.230929374694824,106.86860656738281,272.22503662109375,185.16909790039062,57.4687385559082,7,ARC-c,2,500 ft < OPS < FL600 in Uncontrolled Airspace → ARC-c
536.4030032157898,-6.231350898742676,106.86853790283203,276.488525390625,192.3714599609375,57.215972900390625,7,ARC-c,2,500 ft < OPS < FL600 in Uncontrolled Airspace → ARC-c
537.2273390293121,-6.231759548187256,106.86844635009766,280.0924377441406,194.9693145751953,57.03923797607422,7,ARC-c,2,500 ft < OPS < FL600 in Uncontrolled Airspace → ARC-c
538.0189945697784,-6.232155799865723,106.86835479736328,284.5751037597656,190.7523651123047,56.66298294067383,7,ARC-c,2,500 ft < OPS < FL600 in Uncontrolled Airspace → ARC-c
538.8208031654358,-6.232556343078613,106.86831665039062,289.72442626953125,180.6425018310547,56.15119171142578,7,ARC-c,2,500 ft < OPS < FL600 in Uncontrolled Airspace → ARC-c
539.625705242157,-6.2329559326171875,106.86833190917969,294.947509765625,174.17913818359375,55.70428466796875,7,ARC-c,2,500 ft < OPS < FL600 in Uncontrolled Airspace → ARC-c
540.5214552879333,-6.233397006988525,106.86839294433594,299.27783203125,172.1766357421875,55.68312072753906,7,ARC-c,2,500 ft < OPS < FL600 in Uncontrolled Airspace → ARC-c
541.3515372276306,-6.233803749084473,106.86846160888672,300.49932861328125,168.5067596435547,56.103492736816406,7,ARC-c,2,500 ft < OPS < FL600 in Uncontrolled Airspace → ARC-c
542.1520788669586,-6.234200954437256,106.8685531616211,299.8879699707031,167.415283203125,56.851375579833984,7,ARC-c,2,500 ft < OPS < FL600 in Uncontrolled Airspace → ARC-c
542.9856584072113,-6.234616756439209,106.86865234375,296.7027587890625,165.63059997558594,57.97373962402344,7,ARC-c,2,500 ft < OPS < FL600 in Uncontrolled Airspace → ARC-c
543.8345649242401,-6.235068321228027,106.86875915527344,290.3307800292969,166.27708435058594,59.613834381103516,7,ARC-c,2,500 ft < OPS < FL600 in Uncontrolled Airspace → ARC-c
544.6504747867584,-6.235483646392822,106.86885833740234,280.4984130859375,166.22195434570312,61.6033821105957,7,ARC-c,2,500 ft < OPS < FL600 in Uncontrolled Airspace → ARC-c
545.4717938899994,-6.23592472076416,106.86896514892578,272.0260314941406,166.31556701660156,63.1085090637207,7,ARC-c,2,500 ft < OPS < FL600 in Uncontrolled Airspace → ARC-c
546.1356353759766,-6.236288547515869,106.86905670166016,266.28546142578125,166.28147888183594,64.17273712158203,7,ARC-c,2,500 ft < OPS < FL600 in Uncontrolled Airspace → ARC-c
546.8179070949554,-6.236671447753906,106.86914825439453,260.98876953125,166.3443603515625,65.10993957519531,7,ARC-c,2,500 ft < OPS < FL600 in Uncontrolled Airspace → ARC-c
547.4964694976807,-6.237058162689209,106.8692398071289,256.4183349609375,166.36143493652344,65.90300750732422,7,ARC-c,2,500 ft < OPS < FL600 in Uncontrolled Airspace → ARC-c
548.3208577632904,-6.237554550170898,106.8693618774414,251.7981414794922,166.42396545410156,66.68669891357422,7,ARC-c,2,500 ft < OPS < FL600 in Uncontrolled Airspace → ARC-c
549.1336271762848,-6.238027572631836,106.86947631835938,248.75375366210938,166.3011474609375,67.19824981689453,7,ARC-c,2,500 ft < OPS < FL600 in Uncontrolled Airspace → ARC-c
549.9516413211823,-6.238497734069824,106.86959075927734,246.02783203125,166.19471740722656,67.73440551757812,7,ARC-c,2,500 ft < OPS < FL600 in Uncontrolled Airspace → ARC-c
550.6005725860596,-6.238887310028076,106.86968231201172,243.5504608154297,166.15936279296875,68.14710235595703,7,ARC-c,2,500 ft < OPS < FL600 in Uncontrolled Airspace → ARC-c
551.2846794128418,-6.239294052124023,106.86978149414062,241.47781372070312,166.50160217285156,68.46412658691406,7,ARC-c,2,500 ft < OPS < FL600 in Uncontrolled Airspace → ARC-c
552.1195042133331,-6.239668846130371,106.869873046875,239.6230926513672,167.04612731933594,68.83307647705078,7,ARC-c,2,500 ft < OPS < FL600 in Uncontrolled Airspace → ARC-c
552.9657282829285,-6.240327835083008,106.87001037597656,237.422119140625,168.16275024414062,69.05977630615234,7,ARC-c,2,500 ft < OPS < FL600 in Uncontrolled Airspace → ARC-c
553.823712348938,-6.240852355957031,106.87010955810547,237.80059814453125,168.9477996826172,68.99717712402344,7,ARC-c,2,500 ft < OPS < FL600 in Uncontrolled Airspace → ARC-c
554.6697986125946,-6.241369247436523,106.87020874023438,239.18319702148438,169.23365783691406,68.821044921875,7,ARC-c,2,500 ft < OPS < FL600 in Uncontrolled Airspace → ARC-c
555.4767501354218,-6.241856098175049,106.87030029296875,241.3286895751953,169.3860626220703,68.54554748535156,7,ARC-c,2,500 ft < OPS < FL600 in Uncontrolled Airspace → ARC-c
556.2668488025665,-6.242343902587891,106.87039184570312,243.5771942138672,169.80003356933594,68.29304504394531,7,ARC-c,2,500 ft < OPS < FL600 in Uncontrolled Airspace → ARC-c
557.092013835907,-6.242833614349365,106.87046813964844,246.11038208007812,170.5878448486328,68.00528717041016,7,ARC-c,2,500 ft < OPS < FL600 in Uncontrolled Airspace → ARC-c
557.8981022834778,-6.243315696716309,106.87053680419922,247.70521545410156,171.66375732421875,67.89839172363281,7,ARC-c,2,500 ft < OPS < FL600 in Uncontrolled Airspace → ARC-c
558.7127890586853,-6.243809223175049,106.87059783935547,248.1759490966797,173.09812927246094,67.75273132324219,7,ARC-c,2,500 ft < OPS < FL600 in Uncontrolled Airspace → ARC-c
559.5225386619568,-6.244301795959473,106.87064361572266,247.77513122558594,174.7722930908203,66.9543228149414,7,ARC-c,2,500 ft < OPS < FL600 in Uncontrolled Airspace → ARC-c
560.3636434078217,-6.244801044464111,106.87067413330078,247.66261291503906,178.28758239746094,66.04047393798828,7,ARC-d,3,Inside Halim (treated as Class C) → ARC-d
561.2095384597778,-6.245300769805908,106.87067413330078,249.94114685058594,179.61154174804688,65.0018539428711,6,ARC-d,3,Inside Halim (treated as Class C) → ARC-d
562.0526571273804,-6.245785236358643,106.87067413330078,250.02012634277344,180.1272430419922,64.4990234375,6,ARC-d,3,Inside Halim (treated as Class C) → ARC-d
562.9046785831451,-6.246267318725586,106.87066650390625,245.48446655273438,181.3824005126953,64.58975982666016,7,ARC-d,3,Inside Halim (treated as Class C) → ARC-d
563.5834708213806,-6.246671676635742,106.87065124511719,243.08389282226562,181.99168395996094,64.31375885009766,7,ARC-d,3,Inside Halim (treated as Class C) → ARC-d
564.4267270565033,-6.247152805328369,106.87063598632812,241.91732788085938,182.67137145996094,63.878761291503906,7,ARC-d,3,Inside Halim (treated as Class C) → ARC-d
565.2666907310486,-6.247640132904053,106.87060546875,241.39111328125,183.36085510253906,63.35395812988281,7,ARC-d,3,Inside Halim (treated as Class C) → ARC-d
566.1416954994202,-6.248127460479736,106.87057495117188,241.21498107910156,183.70045471191406,62.843292236328125,7,ARC-d,3,Inside Halim (treated as Class C) → ARC-d
567.0227715969086,-6.248624801635742,106.87053680419922,236.7087860107422,184.15338134765625,63.074867248535156,7,ARC-d,3,Inside Halim (treated as Class C) → ARC-d
567.8367877006531,-6.249082565307617,106.8705062866211,231.12551879882812,183.70474243164062,63.30537414550781,7,ARC-d,3,Inside Halim (treated as Class C) → ARC-d
568.6479921340942,-6.249560832977295,106.87047576904297,227.48220825195312,183.46456909179688,63.20848083496094,7,ARC-d,3,Inside Halim (treated as Class C) → ARC-d
569.456533908844,-6.2500224113464355,106.87045288085938,225.4930877685547,183.3019561767578,62.948326110839844,7,ARC-d,3,Inside Halim (treated as Class C) → ARC-d
570.2798478603363,-6.250484943389893,106.87042236328125,224.7801055908203,183.05218505859375,62.370975494384766,7,ARC-d,3,Inside Halim (treated as Class C) → ARC-d
571.0819540023804,-6.250930309295654,106.87040710449219,227.133056640625,181.78675842285156,61.38378143310547,7,ARC-d,3,Inside Halim (treated as Class C) → ARC-d
571.7356007099152,-6.251288890838623,106.87039947509766,230.4198760986328,181.4551544189453,60.45743179321289,7,ARC-d,3,Inside Halim (treated as Class C) → ARC-d
572.3964810371399,-6.251640796661377,106.87039184570312,232.86549377441406,181.12576293945312,59.80414581298828,7,ARC-d,3,Inside Halim (treated as Class C) → ARC-d
573.216362953186,-6.252079963684082,106.8703842163086,231.6680450439453,180.9811553955078,59.70408248901367,7,ARC-d,3,Inside Halim (treated as Class C) → ARC-d
574.1007180213928,-6.252556324005127,106.87036895751953,223.4571075439453,181.01516723632812,60.637962341308594,7,ARC-d,3,Inside Halim (treated as Class C) → ARC-d
574.7544968128204,-6.252905368804932,106.870361328125,215.06112670898438,181.29620361328125,61.59785461425781,7,ARC-d,3,Inside Halim (treated as Class C) → ARC-d
575.5919616222382,-6.253360748291016,106.87035369873047,204.04928588867188,182.03428649902344,62.692832946777344,7,ARC-d,3,Inside Halim (treated as Class C) → ARC-d
576.4164514541626,-6.253819942474365,106.87033081054688,195.92315673828125,182.85601806640625,63.17242431640625,7,ARC-d,3,Inside Halim (treated as Class C) → ARC-d
577.0665717124939,-6.254190444946289,106.87030792236328,192.1553192138672,183.49954223632812,63.16427230834961,7,ARC-d,3,Inside Halim (treated as Class C) → ARC-d
577.9010171890259,-6.2546610832214355,106.87027740478516,190.310791015625,184.22653198242188,62.764034271240234,7,ARC-d,3,Inside Halim (treated as Class C) → ARC-d
578.7337453365326,-6.255127429962158,106.8702392578125,190.70794677734375,184.80775451660156,62.11156463623047,7,ARC-d,3,Inside Halim (treated as Class C) → ARC-d
579.5646960735321,-6.255602836608887,106.87020111083984,191.6699981689453,184.7579345703125,61.45293045043945,7,ARC-d,3,Inside Halim (treated as Class C) → ARC-d
580.2184221744537,-6.255966663360596,106.87017059326172,191.47328186035156,184.82106018066406,61.169830322265625,7,ARC-d,3,Inside Halim (treated as Class C) → ARC-d
581.0676009654999,-6.256424427032471,106.87013244628906,188.59408569335938,184.99476623535156,61.21028137207031,7,ARC-d,3,Inside Halim (treated as Class C) → ARC-d
581.7157049179077,-6.256782531738281,106.8700942993164,184.1729278564453,185.02734375,61.60762405395508,7,ARC-d,3,Inside Halim (treated as Class C) → ARC-d
582.363347530365,-6.257143497467041,106.87006378173828,178.5026092529297,185.01693725585938,62.080814361572266,7,ARC-d,3,Inside Halim (treated as Class C) → ARC-d
583.1716375350952,-6.257593154907227,106.87002563476562,171.4744415283203,184.8405303955078,62.6353874206543,7,ARC-d,3,Inside Halim (treated as Class C) → ARC-d
584.0055549144745,-6.2580485343933105,106.86998748779297,164.55157470703125,184.7317352294922,63.141273498535156,7,ARC-d,3,Inside Halim (treated as Class C) → ARC-d
584.8506886959076,-6.258522987365723,106.86994934082031,158.63035583496094,184.51620483398438,63.41065216064453,7,ARC-d,3,Inside Halim (treated as Class C) → ARC-d
585.6643509864807,-6.258984088897705,106.86991882324219,154.5909423828125,184.34622192382812,63.38282775878906,7,ARC-d,3,Inside Halim (treated as Class C) → ARC-d
586.4825320243835,-6.259449005126953,106.86988067626953,153.27334594726562,184.11009216308594,63.18107604980469,7,ARC-d,3,Inside Halim (treated as Class C) → ARC-d
587.3145840167999,-6.2599263191223145,106.8698501586914,155.208740234375,183.768310546875,62.978248596191406,7,ARC-d,3,Inside Halim (treated as Class C) → ARC-d
588.1209402084351,-6.260380744934082,106.86981964111328,159.9655303955078,183.55349731445312,62.4452018737793,7,ARC-d,3,Inside Halim (treated as Class C) → ARC-d
588.9315540790558,-6.260828018188477,106.86978912353516,164.67042541503906,183.4170379638672,62.117923736572266,7,ARC-d,3,Inside Halim (treated as Class C) → ARC-d
589.75190782547,-6.2612786293029785,106.86975860595703,168.58103942871094,183.4053497314453,61.81727981567383,7,ARC-d,3,Inside Halim (treated as Class C) → ARC-d
590.5747992992401,-6.261728286743164,106.86973571777344,173.9796905517578,183.4102020263672,61.25790023803711,7,ARC-d,3,Inside Halim (treated as Class C) → ARC-d
591.2223937511444,-6.262080669403076,106.86971282958984,178.2879180908203,183.193115234375,60.90834045410156,7,ARC-d,3,Inside Halim (treated as Class C) → ARC-d
592.0493183135986,-6.262530326843262,106.86968231201172,177.1399383544922,183.3284149169922,61.48139190673828,7,ARC-d,3,Inside Halim (treated as Class C) → ARC-d
592.8565104007721,-6.262974739074707,106.86965942382812,176.29144287109375,183.1468963623047,61.88905715942383,7,ARC-d,3,Inside Halim (treated as Class C) → ARC-d
593.9244360923767,-6.263453960418701,106.86962127685547,177.1777801513672,183.56781005859375,62.02662658691406,7,ARC-d,3,Inside Halim (treated as Class C) → ARC-d
594.7603113651276,-6.264047145843506,106.86957550048828,178.66616821289062,184.62118530273438,61.46205520629883,7,ARC-d,3,Inside Halim (treated as Class C) → ARC-d
595.5876085758209,-6.26450252532959,106.8695297241211,177.70066833496094,185.6863555908203,61.274356842041016,7,ARC-d,3,Inside Halim (treated as Class C) → ARC-d
596.4044966697693,-6.264949321746826,106.8694839477539,176.6419219970703,186.49183654785156,61.72423553466797,7,ARC-d,3,Inside Halim (treated as Class C) → ARC-d
597.236620426178,-6.265396595001221,106.86942291259766,174.99423217773438,187.11578369140625,62.34962844848633,7,ARC-d,3,Inside Halim (treated as Class C) → ARC-d
597.8920075893402,-6.265770435333252,106.86937713623047,173.5272216796875,187.62905883789062,62.848201751708984,7,ARC-d,3,Inside Halim (treated as Class C) → ARC-d
598.7346997261047,-6.266237258911133,106.86930847167969,170.90431213378906,188.24366760253906,63.58686447143555,7,ARC-d,3,Inside Halim (treated as Class C) → ARC-d
599.3884100914001,-6.266608715057373,106.86924743652344,168.5341796875,188.8758544921875,64.13825225830078,7,ARC-d,3,Inside Halim (treated as Class C) → ARC-d
600.0572402477264,-6.266993522644043,106.86918640136719,166.8083953857422,188.44378662109375,64.5438232421875,7,ARC-d,3,Inside Halim (treated as Class C) → ARC-d
600.7406487464905,-6.267377853393555,106.86913299560547,166.22731018066406,187.32643127441406,64.76761627197266,7,ARC-d,3,Inside Halim (treated as Class C) → ARC-d
601.6462757587433,-6.267904758453369,106.86907196044922,167.17355346679688,185.798828125,64.81388092041016,7,ARC-d,3,Inside Halim (treated as Class C) → ARC-d
602.3325357437134,-6.268303394317627,106.86903381347656,168.3955535888672,185.37525939941406,64.8641586303711,7,ARC-d,3,Inside Halim (treated as Class C) → ARC-d
602.9953923225403,-6.26869010925293,106.86900329589844,167.79884338378906,183.70819091796875,65.09954071044922,7,ARC-d,3,Inside Halim (treated as Class C) → ARC-d
603.8235976696014,-6.269174098968506,106.86897277832031,168.958251953125,182.0001220703125,65.06034088134766,7,ARC-d,3,Inside Halim (treated as Class C) → ARC-d
604.6594383716583,-6.269662380218506,106.86896514892578,171.2183380126953,180.51661682128906,64.92471313476562,7,ARC-d,3,Inside Halim (treated as Class C) → ARC-d
605.475270986557,-6.270135402679443,106.86896514892578,173.74620056152344,179.0705108642578,64.73572540283203,7,ARC-d,3,Inside Halim (treated as Class C) → ARC-d
606.3356115818024,-6.270627975463867,106.86898040771484,176.30442810058594,177.6010284423828,64.47469329833984,7,ARC-d,3,Inside Halim (treated as Class C) → ARC-d
607.1763067245483,-6.2711181640625,106.86900329589844,178.61810302734375,176.07594299316406,64.2959213256836,7,ARC-d,3,Inside Halim (treated as Class C) → ARC-d
608.166384935379,-6.27157735824585,106.8690414428711,180.37039184570312,174.7331085205078,63.65945053100586,7,ARC-d,3,Inside Halim (treated as Class C) → ARC-d
608.9712331295013,-6.272165775299072,106.86911010742188,183.45111083984375,172.4869384765625,62.44526672363281,7,ARC-d,3,Inside Halim (treated as Class C) → ARC-d
609.6336541175842,-6.272529602050781,106.86915588378906,187.8009490966797,171.90016174316406,61.55062484741211,7,ARC-d,3,Inside Halim (treated as Class C) → ARC-d
610.4620580673218,-6.272977828979492,106.86922454833984,191.7423858642578,171.62074279785156,61.38539505004883,7,ARC-d,3,Inside Halim (treated as Class C) → ARC-d
611.3164415359497,-6.273448944091797,106.86929321289062,193.04464721679688,171.32455444335938,61.614288330078125,7,ARC-d,3,Inside Halim (treated as Class C) → ARC-d
612.1417801380157,-6.273899078369141,106.86935424804688,193.08802795410156,171.40045166015625,62.00463104248047,7,ARC-d,3,Inside Halim (treated as Class C) → ARC-d
612.9567108154297,-6.274349689483643,106.86942291259766,192.04786682128906,171.55242919921875,62.524845123291016,7,ARC-d,3,Inside Halim (treated as Class C) → ARC-d
613.7663607597351,-6.2748026847839355,106.8694839477539,190.55860900878906,171.6299591064453,63.05198287963867,7,ARC-d,3,Inside Halim (treated as Class C) → ARC-d
614.4265141487122,-6.275174617767334,106.86953735351562,189.7647705078125,171.56289672851562,63.32590866088867,7,ARC-d,3,Inside Halim (treated as Class C) → ARC-d
615.3165369033813,-6.2756733894348145,106.8696060180664,189.50811767578125,171.4613494873047,62.84087371826172,7,ARC-d,3,Inside Halim (treated as Class C) → ARC-d
616.1645677089691,-6.27613639831543,106.86968231201172,192.23008728027344,171.17205810546875,61.70405197143555,7,ARC-d,3,Inside Halim (treated as Class C) → ARC-d
617.0163869857788,-6.276599407196045,106.8697509765625,197.68853759765625,171.0637969970703,60.299583435058594,7,ARC-d,3,Inside Halim (treated as Class C) → ARC-d
617.8503859043121,-6.277034759521484,106.86981964111328,203.39109802246094,170.9686279296875,58.95622634887695,7,ARC-d,3,Inside Halim (treated as Class C) → ARC-d
618.6855146884918,-6.277464866638184,106.86988830566406,208.8782501220703,170.75271606445312,57.691349029541016,7,ARC-d,3,Inside Halim (treated as Class C) → ARC-d
619.5065176486969,-6.2778472900390625,106.86994934082031,212.04542541503906,169.14646911621094,56.896881103515625,7,ARC-d,3,Inside Halim (treated as Class C) → ARC-d
620.3336741924286,-6.278313636779785,106.8700180053711,212.0397491455078,168.124267578125,56.67338562011719,7,ARC-d,3,Inside Halim (treated as Class C) → ARC-d
621.1417000293732,-6.278721809387207,106.8700942993164,209.24395751953125,166.9447784423828,56.89307403564453,7,ARC-d,3,Inside Halim (treated as Class C) → ARC-d
621.9676856994629,-6.279136657714844,106.87017059326172,204.8012237548828,166.46649169921875,57.292049407958984,7,ARC-d,3,Inside Halim (treated as Class C) → ARC-d
622.6144552230835,-6.279458522796631,106.87024688720703,201.6896209716797,165.84303283691406,57.462669372558594,7,ARC-d,3,Inside Halim (treated as Class C) → ARC-d
623.4325151443481,-6.279868125915527,106.870361328125,198.93475341796875,162.45948791503906,57.489891052246094,7,ARC-d,3,Inside Halim (treated as Class C) → ARC-d
624.266578912735,-6.280276298522949,106.87049102783203,196.91030883789062,159.90475463867188,57.4154052734375,7,ARC-d,3,Inside Halim (treated as Class C) → ARC-d
625.0842270851135,-6.280671119689941,106.87064361572266,195.09494018554688,156.5229034423828,57.33656692504883,7,ARC-d,3,Inside Halim (treated as Class C) → ARC-d
625.9017024040222,-6.281050682067871,106.87081909179688,193.2820587158203,153.2139434814453,57.242591857910156,7,ARC-d,3,Inside Halim (treated as Class C) → ARC-d
626.7325029373169,-6.28142786026001,106.87102508544922,191.51596069335938,150.3479766845703,57.17005920410156,7,ARC-d,3,Inside Halim (treated as Class C) → ARC-d
627.5406131744385,-6.281782627105713,106.8712387084961,189.0220184326172,146.92396545410156,57.22593307495117,7,ARC-d,3,Inside Halim (treated as Class C) → ARC-d
628.2182450294495,-6.282073020935059,106.87142181396484,187.53591918945312,147.44821166992188,57.027740478515625,7,ARC-d,3,Inside Halim (treated as Class C) → ARC-d
628.8715348243713,-6.282378673553467,106.87158966064453,187.48086547851562,153.9044189453125,56.61165237426758,7,ARC-d,3,Inside Halim (treated as Class C) → ARC-d
629.6714584827423,-6.28274393081665,106.87174224853516,188.53631591796875,161.3472442626953,55.94374465942383,7,ARC-d,3,Inside Halim (treated as Class C) → ARC-d
630.483660697937,-6.283136367797852,106.8718490600586,189.8519287109375,169.65711975097656,55.27299880981445,7,ARC-d,3,Inside Halim (treated as Class C) → ARC-d
631.2832281589508,-6.283525466918945,106.87189483642578,190.70965576171875,176.9145050048828,54.753257751464844,7,ARC-d,3,Inside Halim (treated as Class C) → ARC-d
632.1234767436981,-6.283937454223633,106.87189483642578,190.54946899414062,180.37718200683594,54.50595474243164,7,ARC-d,3,Inside Halim (treated as Class C) → ARC-d
632.9462890625,-6.284338474273682,106.87187957763672,188.15118408203125,182.2098846435547,54.7476806640625,7,ARC-d,3,Inside Halim (treated as Class C) → ARC-d
633.7562046051025,-6.284733772277832,106.87185668945312,184.27166748046875,184.51206970214844,55.16326904296875,7,ARC-d,3,Inside Halim (treated as Class C) → ARC-d
634.6151907444,-6.285159111022949,106.87181854248047,178.73402404785156,184.67623901367188,55.87766647338867,7,ARC-d,3,Inside Halim (treated as Class C) → ARC-d
635.4352107048035,-6.28556489944458,106.87178802490234,172.89102172851562,184.00634765625,56.45558547973633,7,ARC-d,3,Inside Halim (treated as Class C) → ARC-d
636.2588028907776,-6.28598690032959,106.87175750732422,169.4825897216797,183.0759735107422,56.53117370605469,6,ARC-d,3,Inside Halim (treated as Class C) → ARC-d
637.0845806598663,-6.286404609680176,106.87174224853516,168.5883331298828,181.20391845703125,56.22882843017578,7,ARC-d,3,Inside Halim (treated as Class C) → ARC-d
637.9163928031921,-6.286823272705078,106.8717269897461,168.73219299316406,182.48536682128906,55.87145233154297,7,ARC-d,3,Inside Halim (treated as Class C) → ARC-d
638.7290513515472,-6.287228107452393,106.8717041015625,168.01734924316406,183.66024780273438,55.73701477050781,7,ARC-d,3,Inside Halim (treated as Class C) → ARC-d
639.3676443099976,-6.287547588348389,106.87167358398438,166.8167266845703,184.95693969726562,55.70937728881836,7,ARC-d,3,Inside Halim (treated as Class C) → ARC-d
640.1888880729675,-6.287956714630127,106.87163543701172,165.16014099121094,186.6231231689453,55.69197082519531,7,ARC-d,3,Inside Halim (treated as Class C) → ARC-d
640.8275527954102,-6.288272857666016,106.87158966064453,163.1603546142578,187.5874481201172,55.84556579589844,7,ARC-d,3,Inside Halim (treated as Class C) → ARC-d
641.4993734359741,-6.288602828979492,106.87155151367188,160.0890655517578,187.37408447265625,56.16105270385742,7,ARC-d,3,Inside Halim (treated as Class C) → ARC-d
642.3363313674927,-6.28902530670166,106.87149810791016,155.1776580810547,186.39410400390625,56.67741394042969,7,ARC-d,3,Inside Halim (treated as Class C) → ARC-d
643.1616384983063,-6.289443492889404,106.8714599609375,150.71575927734375,185.5941162109375,57.02519989013672,7,ARC-d,3,Inside Halim (treated as Class C) → ARC-d
643.9850022792816,-6.289865016937256,106.87142181396484,147.47096252441406,184.572021484375,57.141178131103516,7,ARC-d,3,Inside Halim (treated as Class C) → ARC-d
644.6361303329468,-6.290189743041992,106.87139892578125,146.0845489501953,183.9126434326172,57.01787567138672,7,ARC-d,3,Inside Halim (treated as Class C) → ARC-d
645.4665341377258,-6.290614604949951,106.87136840820312,145.8040313720703,183.01858520507812,56.63331604003906,7,ARC-d,3,Inside Halim (treated as Class C) → ARC-d
646.3176498413086,-6.291045665740967,106.87135314941406,146.69190979003906,181.65721130371094,56.10563659667969,7,ARC-d,3,Inside Halim (treated as Class C) → ARC-d
647.1523070335388,-6.291464328765869,106.87134552001953,147.3417510986328,180.40306091308594,55.70237350463867,7,ARC-d,3,Inside Halim (treated as Class C) → ARC-d
648.0044348239899,-6.291889190673828,106.87135314941406,147.2617645263672,178.6595458984375,55.41398620605469,7,ARC-d,3,Inside Halim (treated as Class C) → ARC-d
648.8031268119812,-6.292285919189453,106.87137603759766,146.76678466796875,176.71876525878906,55.21442794799805,7,ARC-d,3,Inside Halim (treated as Class C) → ARC-d
649.4513223171234,-6.292606830596924,106.87139892578125,146.17747497558594,175.04991149902344,55.08457946777344,7,ARC-d,3,Inside Halim (treated as Class C) → ARC-d
650.2645084857941,-6.293021202087402,106.87144470214844,144.93768310546875,173.08642578125,55.02494812011719,7,ARC-d,3,Inside Halim (treated as Class C) → ARC-d
651.1144587993622,-6.293437957763672,106.87150573730469,142.52386474609375,171.86236572265625,55.22071838378906,7,ARC-d,3,Inside Halim (treated as Class C) → ARC-d
651.9322230815887,-6.293837547302246,106.87156677246094,138.29629516601562,170.5221405029297,55.70432662963867,6,ARC-d,3,Inside Halim (treated as Class C) → ARC-d
652.7541954517365,-6.294244766235352,106.87164306640625,133.43167114257812,168.91539001464844,56.215293884277344,6,ARC-d,3,Inside Halim (treated as Class C) → ARC-d
653.401734828949,-6.294565200805664,106.87171173095703,129.5974884033203,168.2928924560547,56.60071563720703,6,ARC-d,3,Inside Halim (treated as Class C) → ARC-d
654.2086534500122,-6.294963359832764,106.87179565429688,125.03021240234375,167.2719268798828,57.00328826904297,7,ARC-d,3,Inside Halim (treated as Class C) → ARC-d
655.0641815662384,-6.29538631439209,106.87190246582031,121.1759262084961,166.21450805664062,57.220252990722656,7,ARC-d,3,Inside Halim (treated as Class C) → ARC-d
655.8653545379639,-6.295788288116455,106.87200164794922,119.02312469482422,165.2013702392578,57.530555725097656,7,ARC-d,3,Inside Halim (treated as Class C) → ARC-d
656.6899752616882,-6.296200752258301,106.87211608886719,118.6747817993164,164.05203247070312,58.021881103515625,7,ARC-d,3,Inside Halim (treated as Class C) → ARC-d
657.515114068985,-6.296611309051514,106.87223815917969,119.86418151855469,162.58261108398438,58.26557159423828,7,ARC-d,3,Inside Halim (treated as Class C) → ARC-d
658.3387320041656,-6.297025203704834,106.87237548828125,122.22203826904297,161.78709411621094,58.36906051635742,7,ARC-d,3,Inside Halim (treated as Class C) → ARC-d
659.000893831253,-6.29734992980957,106.87248229980469,124.24429321289062,161.87095642089844,58.42214584350586,7,ARC-d,3,Inside Halim (treated as Class C) → ARC-d
659.6903758049011,-6.297695159912109,106.87259674072266,126.77115631103516,161.5224151611328,58.40668487548828,7,ARC-d,3,Inside Halim (treated as Class C) → ARC-d
660.3515379428864,-6.298025131225586,106.87271118164062,129.47506713867188,161.28211975097656,58.353328704833984,7,ARC-d,3,Inside Halim (treated as Class C) → ARC-d
661.0176012516022,-6.298348426818848,106.8728256225586,132.2789764404297,161.17745971679688,58.28835678100586,7,ARC-d,3,Inside Halim (treated as Class C) → ARC-d
661.8674013614655,-6.298768997192383,106.87296295166016,136.28453063964844,161.6194305419922,58.12166213989258,7,ARC-d,3,Inside Halim (treated as Class C) → ARC-d
662.6661689281464,-6.299162864685059,106.87309265136719,140.7993927001953,161.93756103515625,57.8327522277832,7,ARC-d,3,Inside Halim (treated as Class C) → ARC-d
663.3171904087067,-6.2994818687438965,106.87319946289062,145.10569763183594,162.2382049560547,57.49882888793945,7,ARC-d,3,Inside Halim (treated as Class C) → ARC-d
664.2183330059052,-6.299920082092285,106.87333679199219,151.68133544921875,162.6405029296875,56.9903564453125,7,ARC-d,3,Inside Halim (treated as Class C) → ARC-d
665.0351810455322,-6.300318241119385,106.87345123291016,156.36871337890625,162.91835021972656,56.846107482910156,7,ARC-d,3,Inside Halim (treated as Class C) → ARC-d
665.8961589336395,-6.300738334655762,106.87358093261719,159.39004516601562,163.42762756347656,56.96270751953125,7,ARC-d,3,Inside Halim (treated as Class C) → ARC-d
666.735348701477,-6.301151752471924,106.87369537353516,161.83314514160156,163.9873046875,57.13288879394531,7,ARC-d,3,Inside Halim (treated as Class C) → ARC-d
667.6364221572876,-6.30150032043457,106.8738021850586,163.8741912841797,164.7773895263672,57.33135223388672,7,ARC-d,3,Inside Halim (treated as Class C) → ARC-d
668.2691254615784,-6.3019328117370605,106.87390899658203,165.85354614257812,165.6579132080078,57.50517272949219,7,ARC-d,3,Inside Halim (treated as Class C) → ARC-d
669.1192021369934,-6.302356719970703,106.87400817871094,167.88690185546875,166.81541442871094,57.731361389160156,7,ARC-d,3,Inside Halim (treated as Class C) → ARC-d
669.9302377700806,-6.302774429321289,106.87410736083984,169.1463623046875,166.46490478515625,58.06980895996094,7,ARC-d,3,Inside Halim (treated as Class C) → ARC-d
670.7316801548004,-6.303180694580078,106.87420654296875,169.77203369140625,166.5062255859375,58.47452163696289,7,ARC-d,3,Inside Halim (treated as Class C) → ARC-d
671.5440928936005,-6.303594589233398,106.87430572509766,170.19602966308594,166.13131713867188,58.8942756652832,7,ARC-d,3,Inside Halim (treated as Class C) → ARC-d
672.365068435669,-6.304014682769775,106.8744125366211,170.64666748046875,165.8009796142578,59.28594207763672,7,ARC-d,3,Inside Halim (treated as Class C) → ARC-d
673.0191104412079,-6.304358005523682,106.87449645996094,171.12789916992188,165.4382781982422,59.57058334350586,7,ARC-d,3,Inside Halim (treated as Class C) → ARC-d
673.8472692966461,-6.304784297943115,106.8746109008789,172.02651977539062,165.0803680419922,59.863380432128906,7,ARC-d,3,Inside Halim (treated as Class C) → ARC-d
674.6452116966248,-6.3051981925964355,106.87472534179688,172.75790405273438,164.75906372070312,60.18487548828125,7,ARC-d,3,Inside Halim (treated as Class C) → ARC-d
675.314612865448,-6.305551052093506,106.87481689453125,172.8931884765625,164.51026916503906,60.53252410888672,7,ARC-c,2,500 ft < OPS < FL600 in Uncontrolled Airspace → ARC-c
676.148989200592,-6.305988788604736,106.87493896484375,172.3776397705078,164.14024353027344,61.03203201293945,7,ARC-c,2,500 ft < OPS < FL600 in Uncontrolled Airspace → ARC-c
676.9694941043854,-6.306418418884277,106.87506866455078,171.78713989257812,163.73634338378906,61.500282287597656,7,ARC-c,2,500 ft < OPS < FL600 in Uncontrolled Airspace → ARC-c
677.6508076190948,-6.3067803382873535,106.87517547607422,171.67337036132812,163.35665893554688,61.778045654296875,7,ARC-c,2,500 ft < OPS < FL600 in Uncontrolled Airspace → ARC-c
678.5275323390961,-6.307241916656494,106.87531280517578,172.78036499023438,163.65907287597656,61.91404724121094,7,ARC-c,2,500 ft < OPS < FL600 in Uncontrolled Airspace → ARC-c
679.3541967868805,-6.307690620422363,106.87545013427734,175.62295532226562,164.66091918945312,61.7274055480957,7,ARC-c,2,500 ft < OPS < FL600 in Uncontrolled Airspace → ARC-c
680.1889305114746,-6.308129787445068,106.8755874633789,180.35009765625,164.2349090576172,61.28694152832031,7,ARC-c,2,500 ft < OPS < FL600 in Uncontrolled Airspace → ARC-c
680.8484070301056,-6.308470726013184,106.87569427490234,184.6093292236328,163.7595672607422,60.90053939819336,7,ARC-c,2,500 ft < OPS < FL600 in Uncontrolled Airspace → ARC-c
681.7759983539581,-6.308953762054443,106.87583923339844,191.04330444335938,162.75970458984375,60.32279968261719,7,ARC-c,2,500 ft < OPS < FL600 in Uncontrolled Airspace → ARC-c
682.5992743968964,-6.309375286102295,106.87596893310547,196.67202758789062,162.51416015625,59.85755920410156,7,ARC-c,2,500 ft < OPS < FL600 in Uncontrolled Airspace → ARC-c
683.4018135070801,-6.30978536605835,106.87610626220703,201.79115295410156,162.25100708007812,59.486873626708984,7,ARC-c,2,500 ft < OPS < FL600 in Uncontrolled Airspace → ARC-c
684.2311763763428,-6.310201644897461,106.87623596191406,206.51451110839844,162.157470703125,59.18776321411133,7,ARC-c,2,500 ft < OPS < FL600 in Uncontrolled Airspace → ARC-c
685.0615081787109,-6.310617446899414,106.87637329101562,211.24441528320312,163.28909301757812,58.86430740356445,7,ARC-c,2,500 ft < OPS < FL600 in Uncontrolled Airspace → ARC-c
685.8800582885742,-6.3110270500183105,106.87650299072266,216.539306640625,164.86572265625,58.39787673950195,7,ARC-c,2,500 ft < OPS < FL600 in Uncontrolled Airspace → ARC-c
686.7341425418854,-6.311456203460693,106.87661743164062,223.42860412597656,166.39222717285156,57.69110870361328,7,ARC-c,2,500 ft < OPS < FL600 in Uncontrolled Airspace → ARC-c
687.5315034389496,-6.31185245513916,106.876708984375,230.79318237304688,169.9418182373047,56.90238952636719,7,ARC-c,2,500 ft < OPS < FL600 in Uncontrolled Airspace → ARC-c
688.396054983139,-6.312277317047119,106.87677001953125,239.009033203125,173.9088897705078,56.04660415649414,7,ARC-c,2,500 ft < OPS < FL600 in Uncontrolled Airspace → ARC-c
689.0460650920868,-6.31259822845459,106.87679290771484,244.80126953125,176.90162658691406,55.52546691894531,7,ARC-c,2,500 ft < OPS < FL600 in Uncontrolled Airspace → ARC-c
689.8669195175171,-6.313000679016113,106.87680053710938,250.27423095703125,177.78956604003906,55.28038787841797,7,ARC-c,2,500 ft < OPS < FL600 in Uncontrolled Airspace → ARC-c
690.5332751274109,-6.313333511352539,106.87680053710938,251.86085510253906,179.9798126220703,55.59127426147461,7,ARC-c,2,500 ft < OPS < FL600 in Uncontrolled Airspace → ARC-c
691.3406856060028,-6.313741207122803,106.87679290771484,252.05433654785156,181.46624755859375,56.15058517456055,7,ARC-c,2,500 ft < OPS < FL600 in Uncontrolled Airspace → ARC-c
692.1342978477478,-6.314145088195801,106.87678527832031,251.583984375,181.05154418945312,56.817501068115234,7,ARC-c,2,500 ft < OPS < FL600 in Uncontrolled Airspace → ARC-c
692.7833299636841,-6.314474105834961,106.87677764892578,250.92076110839844,180.70291137695312,57.333492279052734,7,ARC-c,2,500 ft < OPS < FL600 in Uncontrolled Airspace → ARC-c
693.6152806282043,-6.314902305603027,106.87677764892578,250.4029998779297,182.18275451660156,57.93617630004883,7,ARC-c,2,500 ft < OPS < FL600 in Uncontrolled Airspace → ARC-c
694.2671473026276,-6.315241813659668,106.87677764892578,249.80911254882812,182.195556640625,58.41748046875,7,ARC-c,2,500 ft < OPS < FL600 in Uncontrolled Airspace → ARC-c
695.1470873355865,-6.315707206726074,106.87677001953125,248.9546661376953,180.06954956054688,59.05434036254883,7,ARC-c,2,500 ft < OPS < FL600 in Uncontrolled Airspace → ARC-c
695.9840998649597,-6.316149711608887,106.87677001953125,248.227783203125,180.16900634765625,59.626583099365234,7,ARC-c,2,500 ft < OPS < FL600 in Uncontrolled Airspace → ARC-c
696.8153626918793,-6.316598892211914,106.87677001953125,247.5762176513672,180.06837463378906,60.15669250488281,7,ARC-c,2,500 ft < OPS < FL600 in Uncontrolled Airspace → ARC-c
697.6349399089813,-6.3170485496521,106.87677001953125,246.99761962890625,180.24200439453125,60.64924621582031,7,ARC-c,2,500 ft < OPS < FL600 in Uncontrolled Airspace → ARC-c
698.4470200538635,-6.317497253417969,106.87676239013672,246.5682830810547,180.72377014160156,61.08733367919922,7,ARC-c,2,500 ft < OPS < FL600 in Uncontrolled Airspace → ARC-c
699.2872521877289,-6.31795072555542,106.87675476074219,246.08355712890625,181.1751251220703,61.5590705871582,7,ARC-c,2,500 ft < OPS < FL600 in Uncontrolled Airspace → ARC-c
700.1059107780457,-6.318406581878662,106.87673950195312,244.82337951660156,181.83738708496094,62.11626434326172,7,ARC-c,2,500 ft < OPS < FL600 in Uncontrolled Airspace → ARC-c
700.7351467609406,-6.318766117095947,106.87672424316406,243.87745666503906,182.41688537597656,62.492488861083984,7,ARC-c,2,500 ft < OPS < FL600 in Uncontrolled Airspace → ARC-c
701.5639748573303,-6.3192219734191895,106.87670135498047,243.32176208496094,183.052978515625,62.87032699584961,7,ARC-c,2,500 ft < OPS < FL600 in Uncontrolled Airspace → ARC-c
702.4033560752869,-6.319699764251709,106.87667083740234,242.89364624023438,183.71380615234375,63.243099212646484,7,ARC-c,2,500 ft < OPS < FL600 in Uncontrolled Airspace → ARC-c
703.2132389545441,-6.320154666900635,106.87663269042969,242.3902587890625,184.5057830810547,63.57895278930664,7,ARC-c,2,500 ft < OPS < FL600 in Uncontrolled Airspace → ARC-c
703.880007982254,-6.320536136627197,106.87659454345703,242.4451904296875,185.13082885742188,63.76593780517578,7,ARC-c,2,500 ft < OPS < FL600 in Uncontrolled Airspace → ARC-c
704.714373588562,-6.321012020111084,106.87654876708984,242.64154052734375,185.54086303710938,64.03237915039062,7,ARC-c,2,500 ft < OPS < FL600 in Uncontrolled Airspace → ARC-c
705.5322453975677,-6.3214802742004395,106.87649536132812,241.08621215820312,186.06529235839844,64.55565643310547,7,ARC-c,2,500 ft < OPS < FL600 in Uncontrolled Airspace → ARC-c
706.3329231739044,-6.3219428062438965,106.8764419555664,237.55487060546875,186.27374267578125,65.3702163696289,7,ARC-c,2,500 ft < OPS < FL600 in Uncontrolled Airspace → ARC-c
707.13889336586,-6.322414398193359,106.87638854980469,230.8006134033203,186.80685424804688,66.58182525634766,7,ARC-c,2,500 ft < OPS < FL600 in Uncontrolled Airspace → ARC-c
707.800083398819,-6.3228020668029785,106.87633514404297,224.93296813964844,187.30889892578125,67.49803161621094,7,ARC-c,2,500 ft < OPS < FL600 in Uncontrolled Airspace → ARC-c
708.6501331329346,-6.323315143585205,106.87626647949219,218.142333984375,187.55894470214844,68.5549087524414,7,ARC-c,2,500 ft < OPS < FL600 in Uncontrolled Airspace → ARC-c
709.4539947509766,-6.323807239532471,106.8761978149414,211.2075958251953,187.8248291015625,69.522705078125,7,ARC-c,2,500 ft < OPS < FL600 in Uncontrolled Airspace → ARC-c
710.2662222385406,-6.324310779571533,106.87612915039062,206.8829803466797,187.4372100830078,69.98174285888672,7,ARC-c,2,500 ft < OPS < FL600 in Uncontrolled Airspace → ARC-c
711.0728838443756,-6.324814796447754,106.87606048583984,205.33531188964844,186.9790802001953,70.1204605102539,7,ARC-c,2,500 ft < OPS < FL600 in Uncontrolled Airspace → ARC-c
711.8674006462097,-6.325308799743652,106.87600708007812,203.7296600341797,186.6025390625,70.35029602050781,7,ARC-c,2,500 ft < OPS < FL600 in Uncontrolled Airspace → ARC-c
712.7329907417297,-6.325849533081055,106.87594604492188,201.7408905029297,186.1654815673828,70.56002044677734,7,ARC-c,2,500 ft < OPS < FL600 in Uncontrolled Airspace → ARC-c
713.5831196308136,-6.326388835906982,106.87588500976562,199.8921356201172,186.34689331054688,70.77595520019531,7,ARC-c,2,500 ft < OPS < FL600 in Uncontrolled Airspace → ARC-c
714.389416217804,-6.326901912689209,106.8758316040039,197.48146057128906,186.32452392578125,71.05757904052734,7,ARC-c,2,500 ft < OPS < FL600 in Uncontrolled Airspace → ARC-c
715.0504155158997,-6.327319145202637,106.87578582763672,195.19517517089844,186.5550994873047,71.3160400390625,7,ARC-c,2,500 ft < OPS < FL600 in Uncontrolled Airspace → ARC-c
715.8985345363617,-6.327857494354248,106.87572479248047,191.84791564941406,186.69168090820312,71.68498229980469,7,ARC-c,2,500 ft < OPS < FL600 in Uncontrolled Airspace → ARC-c
716.5517811775208,-6.328273296356201,106.87567901611328,188.32199096679688,186.4745330810547,72.12156677246094,7,ARC-c,2,500 ft < OPS < FL600 in Uncontrolled Airspace → ARC-c
717.4158747196198,-6.328832626342773,106.8756103515625,181.42474365234375,187.0679473876953,72.89508819580078,7,ARC-c,2,500 ft < OPS < FL600 in Uncontrolled Airspace → ARC-c
718.055995464325,-6.329248905181885,106.87554931640625,176.4994659423828,187.448486328125,73.38005828857422,7,ARC-c,2,500 ft < OPS < FL600 in Uncontrolled Airspace → ARC-c
718.8818724155426,-6.329782009124756,106.87548065185547,171.1551055908203,187.7503204345703,73.82691955566406,7,ARC-c,2,500 ft < OPS < FL600 in Uncontrolled Airspace → ARC-c
719.7006514072418,-6.330323696136475,106.87540435791016,166.95103454589844,188.04891967773438,74.11163330078125,7,ARC-c,2,500 ft < OPS < FL600 in Uncontrolled Airspace → ARC-c
720.5052783489227,-6.330855369567871,106.87532806396484,164.07138061523438,187.89303588867188,74.20269775390625,7,ARC-c,2,500 ft < OPS < FL600 in Uncontrolled Airspace → ARC-c
721.3340065479279,-6.331399917602539,106.87525177001953,162.38197326660156,187.55174255371094,74.14495849609375,7,ARC-c,2,500 ft < OPS < FL600 in Uncontrolled Airspace → ARC-c
722.1662175655365,-6.331950664520264,106.87517547607422,161.6005859375,187.42953491210938,73.98005676269531,7,ARC-c,2,500 ft < OPS < FL600 in Uncontrolled Airspace → ARC-c
722.8166227340698,-6.332373142242432,106.8751220703125,161.5067138671875,187.45523071289062,73.79330444335938,7,ARC-c,2,500 ft < OPS < FL600 in Uncontrolled Airspace → ARC-c
723.6487238407135,-6.332922458648682,106.87504577636719,162.0815887451172,187.69227600097656,73.46703338623047,7,ARC-c,2,500 ft < OPS < FL600 in Uncontrolled Airspace → ARC-c
724.4458754062653,-6.333439350128174,106.87496948242188,164.26454162597656,188.07742309570312,72.93026733398438,7,ARC-c,2,500 ft < OPS < FL600 in Uncontrolled Airspace → ARC-c
725.2838349342346,-6.333975315093994,106.87488555908203,167.3795928955078,188.50421142578125,72.36278533935547,7,ARC-c,2,500 ft < OPS < FL600 in Uncontrolled Airspace → ARC-c
725.9384801387787,-6.334401607513428,106.87482452392578,169.58595275878906,188.84976196289062,71.94393920898438,7,ARC-c,2,500 ft < OPS < FL600 in Uncontrolled Airspace → ARC-c
726.7570159435272,-6.334920406341553,106.87474060058594,173.19822692871094,189.05686950683594,71.32886505126953,7,ARC-c,2,500 ft < OPS < FL600 in Uncontrolled Airspace → ARC-c
727.5701222419739,-6.335429668426514,106.8746566772461,177.69577026367188,189.29078674316406,70.60855102539062,7,ARC-c,2,500 ft < OPS < FL600 in Uncontrolled Airspace → ARC-c
728.365927696228,-6.335930824279785,106.87457275390625,182.8459014892578,189.24217224121094,69.87220764160156,7,ARC-c,2,500 ft < OPS < FL600 in Uncontrolled Airspace → ARC-c
729.1951193809509,-6.336435794830322,106.8744888305664,188.20199584960938,189.15023803710938,69.13483428955078,7,ARC-c,2,500 ft < OPS < FL600 in Uncontrolled Airspace → ARC-c
730.0092186927795,-6.336928367614746,106.87440490722656,193.45681762695312,189.0524139404297,68.4487075805664,7,ARC-c,2,500 ft < OPS < FL600 in Uncontrolled Airspace → ARC-c
730.9018087387085,-6.337465286254883,106.87432098388672,199.3774871826172,190.52957153320312,67.63245391845703,7,ARC-c,2,500 ft < OPS < FL600 in Uncontrolled Airspace → ARC-c
731.7313692569733,-6.337952613830566,106.87422943115234,208.52386474609375,199.88278198242188,66.00250244140625,7,ARC-c,2,500 ft < OPS < FL600 in Uncontrolled Airspace → ARC-c
732.5833053588867,-6.338404655456543,106.8741226196289,222.3197479248047,201.91114807128906,63.626251220703125,7,ARC-c,2,500 ft < OPS < FL600 in Uncontrolled Airspace → ARC-c
733.3661680221558,-6.338809013366699,106.87397003173828,238.9671173095703,208.6707763671875,60.914207458496094,7,ARC-c,2,500 ft < OPS < FL600 in Uncontrolled Airspace → ARC-c
734.2412786483765,-6.339187145233154,106.87374114990234,255.6417236328125,220.51902770996094,58.32174301147461,7,ARC-c,2,500 ft < OPS < FL600 in Uncontrolled Airspace → ARC-c
735.0567398071289,-6.339484214782715,106.87345123291016,265.4068603515625,231.2788848876953,56.89342498779297,7,ARC-c,2,500 ft < OPS < FL600 in Uncontrolled Airspace → ARC-c
735.9289472103119,-6.339741230010986,106.87308502197266,269.0661315917969,242.01638793945312,56.662750244140625,7,ARC-c,2,500 ft < OPS < FL600 in Uncontrolled Airspace → ARC-c
736.567370891571,-6.3398847579956055,106.87279510498047,268.14111328125,249.302734375,57.12418746948242,7,ARC-c,2,500 ft < OPS < FL600 in Uncontrolled Airspace → ARC-c
737.3797619342804,-6.340022563934326,106.87239837646484,265.13568115234375,256.4944763183594,58.020301818847656,7,ARC-c,2,500 ft < OPS < FL600 in Uncontrolled Airspace → ARC-c
738.1889226436615,-6.340121269226074,106.87197875976562,262.919189453125,261.0651550292969,58.69866180419922,7,ARC-c,2,500 ft < OPS < FL600 in Uncontrolled Airspace → ARC-c
738.9915192127228,-6.3401923179626465,106.87156677246094,263.108642578125,262.25567626953125,58.93393325805664,7,ARC-c,2,500 ft < OPS < FL600 in Uncontrolled Airspace → ARC-c
739.896427154541,-6.340249061584473,106.87107849121094,266.5722351074219,265.4068908691406,58.705501556396484,7,ARC-c,2,500 ft < OPS < FL600 in Uncontrolled Airspace → ARC-c
740.6990859508514,-6.340277671813965,106.87065887451172,271.7102966308594,271.5045166015625,58.20247268676758,7,ARC-c,2,500 ft < OPS < FL600 in Uncontrolled Airspace → ARC-c
741.4989047050476,-6.3402814865112305,106.87024688720703,277.6582946777344,273.694580078125,57.58043670654297,7,ARC-c,2,500 ft < OPS < FL600 in Uncontrolled Airspace → ARC-c
742.3222341537476,-6.340260028839111,106.86982727050781,284.1500244140625,277.60980224609375,56.94922637939453,7,ARC-c,2,500 ft < OPS < FL600 in Uncontrolled Airspace → ARC-c
743.1331322193146,-6.340214252471924,106.86941528320312,290.5730285644531,279.749267578125,56.351158142089844,7,ARC-c,2,500 ft < OPS < FL600 in Uncontrolled Airspace → ARC-c
743.9587759971619,-6.34014368057251,106.86901092529297,296.8275146484375,280.54510498046875,55.854854583740234,7,ARC-c,2,500 ft < OPS < FL600 in Uncontrolled Airspace → ARC-c
744.7987504005432,-6.340055465698242,106.86859893798828,301.1194763183594,281.53668212890625,55.83022689819336,7,ARC-c,2,500 ft < OPS < FL600 in Uncontrolled Airspace → ARC-c
745.6158471107483,-6.339963436126709,106.86819458007812,300.9271545410156,283.0519714355469,56.55997085571289,7,ARC-c,2,500 ft < OPS < FL600 in Uncontrolled Airspace → ARC-c
746.2657647132874,-6.3398895263671875,106.86787414550781,298.4595642089844,283.3381042480469,57.48067092895508,7,ARC-c,2,500 ft < OPS < FL600 in Uncontrolled Airspace → ARC-c
747.1793994903564,-6.339787483215332,106.86740112304688,292.25592041015625,281.9861755371094,59.133731842041016,7,ARC-c,2,500 ft < OPS < FL600 in Uncontrolled Airspace → ARC-c
748.0349836349487,-6.3397016525268555,106.86695861816406,285.28082275390625,280.17608642578125,60.67598342895508,7,ARC-c,2,500 ft < OPS < FL600 in Uncontrolled Airspace → ARC-c
748.6899042129517,-6.33964204788208,106.8666000366211,280.1944885253906,278.8390197753906,61.73328399658203,7,ARC-c,2,500 ft < OPS < FL600 in Uncontrolled Airspace → ARC-c
749.5171408653259,-6.339577674865723,106.86613464355469,274.5641784667969,277.6090087890625,62.87500762939453,7,ARC-c,2,500 ft < OPS < FL600 in Uncontrolled Airspace → ARC-c
750.3261678218842,-6.3395209312438965,106.86568450927734,270.17578125,277.0279541015625,63.757179260253906,7,ARC-c,2,500 ft < OPS < FL600 in Uncontrolled Airspace → ARC-c
751.1164481639862,-6.339466571807861,106.86522674560547,267.2172546386719,276.8647766113281,64.37435150146484,7,ARC-c,2,500 ft < OPS < FL600 in Uncontrolled Airspace → ARC-c
751.7659466266632,-6.339420795440674,106.86485290527344,265.85400390625,276.9885559082031,64.70796966552734,7,ARC-c,2,500 ft < OPS < FL600 in Uncontrolled Airspace → ARC-c
752.4299912452698,-6.339372158050537,106.86447143554688,265.3199768066406,277.2589111328125,64.92591857910156,7,ARC-c,2,500 ft < OPS < FL600 in Uncontrolled Airspace → ARC-c
753.2849967479706,-6.339303970336914,106.86396789550781,265.2747497558594,277.8683776855469,65.13511657714844,7,ARC-c,2,500 ft < OPS < FL600 in Uncontrolled Airspace → ARC-c
754.0828003883362,-6.339235305786133,106.8635025024414,265.4168701171875,278.4815979003906,65.30355072021484,7,ARC-c,2,500 ft < OPS < FL600 in Uncontrolled Airspace → ARC-c
754.9148411750793,-6.339158058166504,106.86302185058594,265.1899108886719,279.1127014160156,65.55482482910156,7,ARC-c,2,500 ft < OPS < FL600 in Uncontrolled Airspace → ARC-c
755.7329671382904,-6.339075565338135,106.86254119873047,264.3533630371094,279.8675842285156,65.84937286376953,7,ARC-c,2,500 ft < OPS < FL600 in Uncontrolled Airspace → ARC-c
756.5548014640808,-6.338986873626709,106.862060546875,263.7319641113281,280.5283508300781,66.1034927368164,7,ARC-c,2,500 ft < OPS < FL600 in Uncontrolled Airspace → ARC-c
757.381457567215,-6.338891506195068,106.861572265625,262.9849548339844,281.1430969238281,66.38087463378906,7,ARC-c,2,500 ft < OPS < FL600 in Uncontrolled Airspace → ARC-c
758.198264837265,-6.33879280090332,106.86109161376953,261.47271728515625,281.67626953125,66.7686767578125,7,ARC-c,2,500 ft < OPS < FL600 in Uncontrolled Airspace → ARC-c
758.9979569911957,-6.3386921882629395,106.8606185913086,259.4549560546875,282.0049743652344,67.19256591796875,7,ARC-c,2,500 ft < OPS < FL600 in Uncontrolled Airspace → ARC-c
759.818286895752,-6.338589668273926,106.86013793945312,257.17333984375,282.1728210449219,67.64301300048828,7,ARC-c,2,500 ft < OPS < FL600 in Uncontrolled Airspace → ARC-c
760.4888806343079,-6.338500022888184,106.85973358154297,255.3398895263672,282.28436279296875,67.97496795654297,7,ARC-c,2,500 ft < OPS < FL600 in Uncontrolled Airspace → ARC-c
761.3737647533417,-6.338383197784424,106.85919952392578,253.26080322265625,282.368896484375,68.34440612792969,7,ARC-c,2,500 ft < OPS < FL600 in Uncontrolled Airspace → ARC-c
762.2666051387787,-6.338263511657715,106.85865783691406,251.5066375732422,282.4329833984375,68.65129089355469,7,ARC-c,2,500 ft < OPS < FL600 in Uncontrolled Airspace → ARC-c
762.9286744594574,-6.338173866271973,106.8582534790039,250.348388671875,282.4603271484375,68.84573364257812,7,ARC-c,2,500 ft < OPS < FL600 in Uncontrolled Airspace → ARC-c
763.5800595283508,-6.338087558746338,106.85786437988281,249.51431274414062,282.46527099609375,68.97758483886719,7,ARC-c,2,500 ft < OPS < FL600 in Uncontrolled Airspace → ARC-c
764.4637501239777,-6.3379669189453125,106.8573226928711,249.61439514160156,282.4877624511719,68.93543243408203,7,ARC-c,2,500 ft < OPS < FL600 in Uncontrolled Airspace → ARC-c
765.099680185318,-6.3378801345825195,106.85693359375,250.9790802001953,282.55108642578125,68.73098754882812,7,ARC-c,2,500 ft < OPS < FL600 in Uncontrolled Airspace → ARC-c
765.9060971736908,-6.337769985198975,106.8564453125,254.0576629638672,282.60205078125,68.33081817626953,7,ARC-c,2,500 ft < OPS < FL600 in Uncontrolled Airspace → ARC-c
766.7228100299835,-6.337660312652588,106.85595703125,256.6512756347656,282.6663818359375,68.07279968261719,7,ARC-c,2,500 ft < OPS < FL600 in Uncontrolled Airspace → ARC-c
767.5212733745575,-6.337550640106201,106.85548400878906,258.0625915527344,282.8315734863281,67.98056030273438,7,ARC-c,2,500 ft < OPS < FL600 in Uncontrolled Airspace → ARC-c
768.3231048583984,-6.337438583374023,106.8550033569336,258.86328125,283.08795166015625,67.97051239013672,7,ARC-c,2,500 ft < OPS < FL600 in Uncontrolled Airspace → ARC-c
769.1795752048492,-6.337316036224365,106.8544921875,258.8888854980469,283.5051574707031,68.08441925048828,7,ARC-c,2,500 ft < OPS < FL600 in Uncontrolled Airspace → ARC-c
769.8312401771545,-6.337220191955566,106.85411071777344,258.2775573730469,283.9261474609375,68.25350189208984,7,ARC-c,2,500 ft < OPS < FL600 in Uncontrolled Airspace → ARC-c
770.7488951683044,-6.33707857131958,106.85356140136719,256.49468994140625,284.52935791015625,68.60620880126953,7,ARC-c,2,500 ft < OPS < FL600 in Uncontrolled Airspace → ARC-c
771.6249902248383,-6.336935520172119,106.85302734375,253.85604858398438,285.14752197265625,69.04331970214844,7,ARC-c,2,500 ft < OPS < FL600 in Uncontrolled Airspace → ARC-c
772.4203758239746,-6.336802005767822,106.85254669189453,251.10853576660156,285.5748291015625,69.4461898803711,7,ARC-c,2,500 ft < OPS < FL600 in Uncontrolled Airspace → ARC-c
773.234659910202,-6.336663246154785,106.85205841064453,248.3677520751953,285.77593994140625,69.82474517822266,7,ARC-c,2,500 ft < OPS < FL600 in Uncontrolled Airspace → ARC-c
774.053718328476,-6.336522102355957,106.8515625,245.92771911621094,285.8178405761719,70.12857055664062,7,ARC-c,2,500 ft < OPS < FL600 in Uncontrolled Airspace → ARC-c
774.8649864196777,-6.3363823890686035,106.85106658935547,243.97088623046875,285.688232421875,70.36656951904297,7,ARC-c,2,500 ft < OPS < FL600 in Uncontrolled Airspace → ARC-c
775.6747417449951,-6.336244583129883,106.85057067871094,241.55450439453125,285.4935302734375,70.66922760009766,7,ARC-c,2,500 ft < OPS < FL600 in Uncontrolled Airspace → ARC-c
776.5120627880096,-6.336103439331055,106.85005187988281,238.6163330078125,285.2063293457031,71.01160430908203,7,ARC-c,2,500 ft < OPS < FL600 in Uncontrolled Airspace → ARC-c
777.3080921173096,-6.335968971252441,106.84956359863281,235.8800506591797,284.893310546875,71.300048828125,7,ARC-c,2,500 ft < OPS < FL600 in Uncontrolled Airspace → ARC-c
778.0749199390411,-6.335840702056885,106.84906768798828,233.44564819335938,284.59027099609375,71.52171325683594,7,ARC-c,2,500 ft < OPS < FL600 in Uncontrolled Airspace → ARC-c
778.7358758449554,-6.335738658905029,106.84866333007812,231.68040466308594,284.3924560546875,71.67903900146484,6,ARC-c,2,500 ft < OPS < FL600 in Uncontrolled Airspace → ARC-c
779.388813495636,-6.335635185241699,106.84825897216797,229.96194458007812,284.0428466796875,71.81192779541016,6,ARC-c,2,500 ft < OPS < FL600 in Uncontrolled Airspace → ARC-c
780.0436725616455,-6.335534572601318,106.84784698486328,228.73374938964844,283.6226806640625,71.857177734375,3,ARC-c,2,500 ft < OPS < FL600 in Uncontrolled Airspace → ARC-c
780.8572528362274,-6.335412502288818,106.84732818603516,228.0618438720703,283.220703125,71.8096923828125,3,ARC-c,2,500 ft < OPS < FL600 in Uncontrolled Airspace → ARC-c
781.6508646011353,-6.335296630859375,106.8468246459961,227.6835174560547,282.989990234375,71.7449722290039,6,ARC-c,2,500 ft < OPS < FL600 in Uncontrolled Airspace → ARC-c
782.5113077163696,-6.335171222686768,106.84628295898438,227.5945587158203,283.1595764160156,71.62956237792969,5,ARC-c,2,500 ft < OPS < FL600 in Uncontrolled Airspace → ARC-c
783.316680431366,-6.335047721862793,106.84577941894531,227.8022918701172,283.8895568847656,71.49455261230469,6,ARC-c,2,500 ft < OPS < FL600 in Uncontrolled Airspace → ARC-c
783.9846189022064,-6.3349409103393555,106.84536743164062,227.911376953125,284.6649169921875,71.40766906738281,6,ARC-c,2,500 ft < OPS < FL600 in Uncontrolled Airspace → ARC-c
784.8384282588959,-6.33479118347168,106.84483337402344,227.47006225585938,285.70166015625,71.3897476196289,6,ARC-c,2,500 ft < OPS < FL600 in Uncontrolled Airspace → ARC-c
785.6558032035828,-6.3346405029296875,106.84432983398438,226.10169982910156,286.6768798828125,71.50687408447266,6,ARC-c,2,500 ft < OPS < FL600 in Uncontrolled Airspace → ARC-c
786.4608805179596,-6.334481239318848,106.84382629394531,223.7441864013672,287.7643737792969,71.73858642578125,6,ARC-c,2,500 ft < OPS < FL600 in Uncontrolled Airspace → ARC-c
787.2686052322388,-6.33431339263916,106.84333801269531,220.79598999023438,288.7431945800781,72.03569793701172,7,ARC-c,2,500 ft < OPS < FL600 in Uncontrolled Airspace → ARC-c
788.085705280304,-6.334134101867676,106.84283447265625,216.71798706054688,289.72479248046875,72.47196197509766,7,ARC-c,2,500 ft < OPS < FL600 in Uncontrolled Airspace → ARC-c
788.8885982036591,-6.33394718170166,106.84234619140625,212.1641082763672,291.2777099609375,72.89556121826172,7,ARC-c,2,500 ft < OPS < FL600 in Uncontrolled Airspace → ARC-c
789.5512163639069,-6.333786964416504,106.84193420410156,209.11070251464844,291.58563232421875,73.10383605957031,7,ARC-c,2,500 ft < OPS < FL600 in Uncontrolled Airspace → ARC-c
790.2090327739716,-6.333625793457031,106.84153747558594,207.5660400390625,292.07086181640625,73.10042572021484,7,ARC-c,2,500 ft < OPS < FL600 in Uncontrolled Airspace → ARC-c
790.8377561569214,-6.333463191986084,106.84114074707031,207.34445190429688,292.46319580078125,72.94448852539062,6,ARC-c,2,500 ft < OPS < FL600 in Uncontrolled Airspace → ARC-c
791.6617994308472,-6.333258628845215,106.84065246582031,206.52622985839844,292.7630615234375,72.93966674804688,6,ARC-c,2,500 ft < OPS < FL600 in Uncontrolled Airspace → ARC-c
792.4679372310638,-6.333055019378662,106.84016418457031,203.5204620361328,292.5801696777344,73.15310668945312,6,ARC-c,2,500 ft < OPS < FL600 in Uncontrolled Airspace → ARC-c
793.1575698852539,-6.332886219024658,106.83975219726562,201.8207244873047,291.8418273925781,73.149658203125,6,ARC-c,2,500 ft < OPS < FL600 in Uncontrolled Airspace → ARC-c
794.037754535675,-6.332669258117676,106.83919525146484,203.01564025878906,291.10955810546875,72.67440032958984,7,ARC-c,2,500 ft < OPS < FL600 in Uncontrolled Airspace → ARC-c
794.9002137184143,-6.332469940185547,106.83867645263672,207.76490783691406,290.6966247558594,71.78443908691406,7,ARC-c,2,500 ft < OPS < FL600 in Uncontrolled Airspace → ARC-c
795.7240650653839,-6.332286834716797,106.83818817138672,214.84982299804688,290.4375305175781,70.6664047241211,7,ARC-c,2,500 ft < OPS < FL600 in Uncontrolled Airspace → ARC-c
796.376549243927,-6.33217191696167,106.83786010742188,220.9696044921875,290.3912658691406,69.65753173828125,7,ARC-c,2,500 ft < OPS < FL600 in Uncontrolled Airspace → ARC-c
797.2520024776459,-6.331945419311523,106.8372802734375,232.73077392578125,297.7596435546875,67.99913024902344,7,ARC-c,2,500 ft < OPS < FL600 in Uncontrolled Airspace → ARC-c
798.0629861354828,-6.331747531890869,106.83684539794922,244.8914794921875,302.08062744140625,65.90118408203125,7,ARC-c,2,500 ft < OPS < FL600 in Uncontrolled Airspace → ARC-c
799.010026216507,-6.331457138061523,106.83639526367188,259.177734375,310.0827941894531,63.791282653808594,7,ARC-c,2,500 ft < OPS < FL600 in Uncontrolled Airspace → ARC-c
799.9064061641693,-6.331120491027832,106.83602142333984,269.6927185058594,316.6368103027344,62.40286636352539,7,ARC-c,2,500 ft < OPS < FL600 in Uncontrolled Airspace → ARC-c
800.770092010498,-6.330756187438965,106.8357162475586,275.922607421875,319.93463134765625,61.82891845703125,7,ARC-c,2,500 ft < OPS < FL600 in Uncontrolled Airspace → ARC-c
801.6475286483765,-6.3303656578063965,106.8354263305664,277.4471740722656,323.294921875,62.06581115722656,7,ARC-c,2,500 ft < OPS < FL600 in Uncontrolled Airspace → ARC-c
802.4820430278778,-6.329980850219727,106.83515930175781,275.03485107421875,325.6956787109375,62.83451461791992,7,ARC-c,2,500 ft < OPS < FL600 in Uncontrolled Airspace → ARC-c
803.3165504932404,-6.329582691192627,106.83489227294922,269.4670104980469,326.76275634765625,64.05164337158203,7,ARC-c,2,500 ft < OPS < FL600 in Uncontrolled Airspace → ARC-c
804.1318650245667,-6.32919454574585,106.83463287353516,260.6316833496094,326.67498779296875,65.63504028320312,7,ARC-c,2,500 ft < OPS < FL600 in Uncontrolled Airspace → ARC-c
804.949978351593,-6.328798770904541,106.83436584472656,250.87808227539062,325.8800048828125,67.19664001464844,7,ARC-c,2,500 ft < OPS < FL600 in Uncontrolled Airspace → ARC-c
805.840250492096,-6.328359127044678,106.83406066894531,241.50717163085938,324.5863342285156,68.52677917480469,7,ARC-c,2,500 ft < OPS < FL600 in Uncontrolled Airspace → ARC-c
806.4867308139801,-6.32804012298584,106.83382415771484,236.1992950439453,323.70648193359375,69.27481842041016,7,ARC-c,2,500 ft < OPS < FL600 in Uncontrolled Airspace → ARC-c
807.1517553329468,-6.3277058601379395,106.83357238769531,231.43385314941406,326.7463073730469,69.87786102294922,7,ARC-c,2,500 ft < OPS < FL600 in Uncontrolled Airspace → ARC-c
807.980792760849,-6.327284336090088,106.83326721191406,226.80770874023438,324.91845703125,70.3407974243164,7,ARC-c,2,500 ft < OPS < FL600 in Uncontrolled Airspace → ARC-c
808.7728374004364,-6.326874256134033,106.83297729492188,223.7946014404297,328.27923583984375,70.63322448730469,7,ARC-c,2,500 ft < OPS < FL600 in Uncontrolled Airspace → ARC-c
809.6128242015839,-6.3264241218566895,106.83269500732422,222.16879272460938,331.5528564453125,70.6745376586914,7,ARC-c,2,500 ft < OPS < FL600 in Uncontrolled Airspace → ARC-c
810.4837913513184,-6.325927734375,106.83244323730469,222.9235076904297,338.1540832519531,70.33795166015625,7,ARC-c,2,500 ft < OPS < FL600 in Uncontrolled Airspace → ARC-c
811.3489227294922,-6.325423240661621,106.83226013183594,224.92288208007812,343.86572265625,69.89571380615234,7,ARC-c,2,500 ft < OPS < FL600 in Uncontrolled Airspace → ARC-c
812.1863746643066,-6.32490348815918,106.83214569091797,226.0289306640625,349.6442565917969,69.68789672851562,7,ARC-c,2,500 ft < OPS < FL600 in Uncontrolled Airspace → ARC-c
812.9858982563019,-6.324405193328857,106.83208465576172,224.20274353027344,353.4394836425781,69.97077941894531,7,ARC-c,2,500 ft < OPS < FL600 in Uncontrolled Airspace → ARC-c
813.8480451107025,-6.323868274688721,106.8320541381836,219.17393493652344,357.26123046875,70.66492462158203,7,ARC-c,2,500 ft < OPS < FL600 in Uncontrolled Airspace → ARC-c
814.6649100780487,-6.323347568511963,106.83204650878906,212.691650390625,359.8116455078125,71.48008728027344,7,ARC-c,2,500 ft < OPS < FL600 in Uncontrolled Airspace → ARC-c
815.3401799201965,-6.322924613952637,106.8320541381836,207.47872924804688,1.1140661239624023,72.07433319091797,7,ARC-c,2,500 ft < OPS < FL600 in Uncontrolled Airspace → ARC-c
816.2295999526978,-6.322337627410889,106.83207702636719,201.03952026367188,2.1998109817504883,72.74406433105469,7,ARC-c,2,500 ft < OPS < FL600 in Uncontrolled Airspace → ARC-c
817.0582242012024,-6.321776866912842,106.83209228515625,195.91571044921875,2.1744205951690674,73.1952133178711,7,ARC-c,2,500 ft < OPS < FL600 in Uncontrolled Airspace → ARC-c
817.8918406963348,-6.321228504180908,106.83211517333984,192.9571075439453,1.4803342819213867,73.2667007446289,7,ARC-c,2,500 ft < OPS < FL600 in Uncontrolled Airspace → ARC-c
818.7026126384735,-6.320694446563721,106.83213806152344,193.85934448242188,3.3765430450439453,72.8161849975586,7,ARC-c,2,500 ft < OPS < FL600 in Uncontrolled Airspace → ARC-c
819.5535955429077,-6.320145130157471,106.83219146728516,197.33836364746094,4.840958595275879,72.18648529052734,7,ARC-c,2,500 ft < OPS < FL600 in Uncontrolled Airspace → ARC-c
820.3919258117676,-6.319604873657227,106.8322525024414,197.4959259033203,5.640138149261475,72.12002563476562,7,ARC-c,2,500 ft < OPS < FL600 in Uncontrolled Airspace → ARC-c
821.2154433727264,-6.319077968597412,106.83232116699219,193.02037048339844,6.111874103546143,72.42872619628906,7,ARC-c,2,500 ft < OPS < FL600 in Uncontrolled Airspace → ARC-c
822.0547475814819,-6.318540573120117,106.83238983154297,183.0066680908203,6.666150093078613,72.96417236328125,6,ARC-c,2,500 ft < OPS < FL600 in Uncontrolled Airspace → ARC-c
822.8696663379669,-6.318020343780518,106.83246612548828,168.8394317626953,7.855159282684326,73.9713134765625,7,ARC-c,2,500 ft < OPS < FL600 in Uncontrolled Airspace → ARC-c
823.7326793670654,-6.317473888397217,106.83255004882812,150.4984893798828,9.027308464050293,75.39716339111328,7,ARC-c,2,OPS ≤ 500 ft AND Controlled or Urban → ARC-c
824.5418319702148,-6.316957473754883,106.83263397216797,130.84136962890625,9.443516731262207,76.77049255371094,7,ARC-c,2,OPS ≤ 500 ft AND Controlled or Urban → ARC-c
825.3609797954559,-6.316408634185791,106.83269500732422,115.49883270263672,3.7997210025787354,77.2934341430664,7,ARC-c,2,OPS ≤ 500 ft AND Controlled or Urban → ARC-c
826.0009777545929,-6.3159685134887695,106.83270263671875,107.42864227294922,358.5207214355469,77.22797393798828,7,ARC-c,2,OPS ≤ 500 ft AND Controlled or Urban → ARC-c
826.8014051914215,-6.3154215812683105,106.8326416015625,100.42243957519531,349.8996887207031,76.82438659667969,7,ARC-c,2,OPS ≤ 500 ft AND Controlled or Urban → ARC-c
827.6105661392212,-6.314896583557129,106.8324966430664,95.01559448242188,339.9581604003906,76.23924255371094,7,ARC-c,2,OPS ≤ 500 ft AND Controlled or Urban → ARC-c
828.4519038200378,-6.3143720626831055,106.8322525024414,90.59076690673828,331.58349609375,75.56234741210938,7,ARC-c,2,OPS ≤ 500 ft AND Controlled or Urban → ARC-c
829.080649137497,-6.3140130043029785,106.83202362060547,87.51143646240234,326.0655212402344,75.10884857177734,7,ARC-c,2,OPS ≤ 500 ft AND Controlled or Urban → ARC-c
829.9254419803619,-6.313570976257324,106.83167266845703,83.60516357421875,318.64776611328125,74.4754409790039,7,ARC-c,2,OPS ≤ 500 ft AND Controlled or Urban → ARC-c
830.7266247272491,-6.313195705413818,106.83129119873047,81.32992553710938,311.2677001953125,73.65145874023438,7,ARC-c,2,OPS ≤ 500 ft AND Controlled or Urban → ARC-c
831.5429019927979,-6.312846660614014,106.83087921142578,83.16133117675781,309.21612548828125,72.31572723388672,7,ARC-c,2,OPS ≤ 500 ft AND Controlled or Urban → ARC-c
832.1976473331451,-6.3125762939453125,106.83055877685547,87.40666961669922,311.06744384765625,70.98432159423828,7,ARC-c,2,OPS ≤ 500 ft AND Controlled or Urban → ARC-c
833.0316665172577,-6.31221342086792,106.8301773071289,95.18682861328125,314.6156921386719,69.09354400634766,7,ARC-c,2,OPS ≤ 500 ft AND Controlled or Urban → ARC-c
833.8358464241028,-6.31186056137085,106.82984161376953,101.34420776367188,314.8766174316406,67.63288879394531,7,ARC-c,2,OPS ≤ 500 ft AND Controlled or Urban → ARC-c
834.653783082962,-6.311502456665039,106.82949829101562,101.40520477294922,315.1833190917969,67.07266998291016,7,ARC-c,2,OPS ≤ 500 ft AND Controlled or Urban → ARC-c
835.465648651123,-6.31115198135376,106.82915496826172,94.84943389892578,316.2888488769531,67.44827270507812,7,ARC-c,2,OPS ≤ 500 ft AND Controlled or Urban → ARC-c
836.3270258903503,-6.3107757568359375,106.82880401611328,86.86360168457031,317.22698974609375,67.72315979003906,7,ARC-c,2,OPS ≤ 500 ft AND Controlled or Urban → ARC-c
837.1995229721069,-6.310384273529053,106.82843780517578,82.69010925292969,317.55169677734375,67.4261474609375,7,ARC-c,2,OPS ≤ 500 ft AND Controlled or Urban → ARC-c
838.0013692378998,-6.310027599334717,106.82810974121094,82.16400146484375,318.97796630859375,66.73681640625,7,ARC-c,2,OPS ≤ 500 ft AND Controlled or Urban → ARC-c
838.8110585212708,-6.309670448303223,106.8277816772461,83.90801239013672,318.60858154296875,65.793212890625,7,ARC-c,2,OPS ≤ 500 ft AND Controlled or Urban → ARC-c
839.4500226974487,-6.309389591217041,106.8275375366211,86.12744140625,318.97943115234375,64.99822998046875,7,ARC-c,2,OPS ≤ 500 ft AND Controlled or Urban → ARC-c
840.2684788703918,-6.309034824371338,106.82721710205078,88.27291107177734,318.8084716796875,64.18008422851562,7,ARC-c,2,OPS ≤ 500 ft AND Controlled or Urban → ARC-c
840.9283821582794,-6.308752536773682,106.82697296142578,88.68109893798828,319.08514404296875,63.722896575927734,7,ARC-c,2,OPS ≤ 500 ft AND Controlled or Urban → ARC-c
841.7773377895355,-6.308384895324707,106.82664489746094,88.53762817382812,319.77117919921875,63.21928787231445,7,ARC-c,2,OPS ≤ 500 ft AND Controlled or Urban → ARC-c
842.4090511798859,-6.308111667633057,106.82640838623047,88.42406463623047,320.79443359375,62.857425689697266,7,ARC-c,2,OPS ≤ 500 ft AND Controlled or Urban → ARC-c
843.2526121139526,-6.307751178741455,106.82610321044922,88.54533386230469,321.34588623046875,62.34150314331055,7,ARC-c,2,OPS ≤ 500 ft AND Controlled or Urban → ARC-c
843.9138324260712,-6.307464599609375,106.82586669921875,89.11599731445312,322.0008850097656,61.88560104370117,7,ARC-c,2,OPS ≤ 500 ft AND Controlled or Urban → ARC-c
844.73122215271,-6.3071160316467285,106.8255844116211,90.16265869140625,321.9877014160156,61.29740905761719,7,ARC-c,2,OPS ≤ 500 ft AND Controlled or Urban → ARC-c
845.6009254455566,-6.3067402839660645,106.8252944946289,91.76872253417969,322.7618713378906,60.59917449951172,7,ARC-c,2,OPS ≤ 500 ft AND Controlled or Urban → ARC-c
846.2516565322876,-6.306458950042725,106.82508087158203,93.4505844116211,323.3838806152344,60.02199172973633,7,ARC-c,2,OPS ≤ 500 ft AND Controlled or Urban → ARC-c
847.0889451503754,-6.3060994148254395,106.82481384277344,95.94774627685547,324.2834167480469,59.24955749511719,7,ARC-c,2,OPS ≤ 500 ft AND Controlled or Urban → ARC-c
847.9009194374084,-6.3057475090026855,106.8245620727539,98.69050598144531,325.322021484375,58.46698760986328,7,ARC-c,2,OPS ≤ 500 ft AND Controlled or Urban → ARC-c
848.7404494285583,-6.305386543273926,106.8243179321289,101.90420532226562,326.5610046386719,57.612796783447266,7,ARC-c,2,OPS ≤ 500 ft AND Controlled or Urban → ARC-c
849.5517072677612,-6.305035591125488,106.8240966796875,105.29493713378906,328.0626525878906,56.76408386230469,6,ARC-c,2,OPS ≤ 500 ft AND Controlled or Urban → ARC-c
850.4545137882233,-6.3046464920043945,106.82386016845703,109.15403747558594,330.1036376953125,55.830692291259766,7,ARC-c,2,OPS ≤ 500 ft AND Controlled or Urban → ARC-c
851.3034389019012,-6.304272174835205,106.82365417480469,112.63758850097656,332.42315673828125,55.00386428833008,7,ARC-c,2,OPS ≤ 500 ft AND Controlled or Urban → ARC-c
851.9693279266357,-6.303979396820068,106.82351684570312,114.94225311279297,334.5599060058594,54.444541931152344,7,ARC-c,2,OPS ≤ 500 ft AND Controlled or Urban → ARC-c
852.635452747345,-6.303682327270508,106.82337951660156,116.52359771728516,337.202392578125,54.02175521850586,7,ARC-c,2,OPS ≤ 500 ft AND Controlled or Urban → ARC-c
853.2713565826416,-6.303388595581055,106.82327270507812,117.24884033203125,340.376708984375,53.74754333496094,7,ARC-c,2,OPS ≤ 500 ft AND Controlled or Urban → ARC-c
853.9285182952881,-6.303088665008545,106.82318115234375,117.30172729492188,343.9122009277344,53.573211669921875,7,ARC-c,2,OPS ≤ 500 ft AND Controlled or Urban → ARC-c
854.6006119251251,-6.302778720855713,106.8230972290039,116.24517059326172,346.1971740722656,53.65062713623047,7,ARC-c,2,OPS ≤ 500 ft AND Controlled or Urban → ARC-c
855.41636967659,-6.302373886108398,106.8230209350586,111.8584976196289,349.1100158691406,54.28508377075195,7,ARC-c,2,OPS ≤ 500 ft AND Controlled or Urban → ARC-c
856.0572180747986,-6.302067279815674,106.82296752929688,106.84695434570312,350.9983215332031,55.005714416503906,7,ARC-c,2,OPS ≤ 500 ft AND Controlled or Urban → ARC-c
856.9094400405884,-6.301650047302246,106.82290649414062,99.33660125732422,353.39031982421875,56.012630462646484,7,ARC-c,2,OPS ≤ 500 ft AND Controlled or Urban → ARC-c
857.7073452472687,-6.3012518882751465,106.82286071777344,92.40741729736328,354.12799072265625,56.828182220458984,7,ARC-c,2,OPS ≤ 500 ft AND Controlled or Urban → ARC-c
858.5147755146027,-6.300845623016357,106.82282257080078,86.6692886352539,354.8056335449219,57.40302658081055,7,ARC-c,2,OPS ≤ 500 ft AND Controlled or Urban → ARC-c
859.3698463439941,-6.300404071807861,106.8227767944336,81.5827407836914,354.3509216308594,57.8145866394043,7,ARC-c,2,OPS ≤ 500 ft AND Controlled or Urban → ARC-c
860.1723892688751,-6.299992561340332,106.8227310180664,78.41531372070312,352.9589538574219,57.88450622558594,7,ARC-c,2,OPS ≤ 500 ft AND Controlled or Urban → ARC-c
860.9934842586517,-6.2995686531066895,106.82267761230469,76.98421478271484,352.548095703125,57.706817626953125,7,ARC-c,2,OPS ≤ 500 ft AND Controlled or Urban → ARC-c
861.8097851276398,-6.299152851104736,106.82262420654297,76.34192657470703,352.04144287109375,57.428619384765625,7,ARC-c,2,OPS ≤ 500 ft AND Controlled or Urban → ARC-c
862.6510667800903,-6.298730373382568,106.82256317138672,76.00289916992188,352.0544738769531,57.147281646728516,7,ARC-c,2,OPS ≤ 500 ft AND Controlled or Urban → ARC-c
863.5916562080383,-6.298250198364258,106.82249450683594,75.64545440673828,352.0999450683594,56.814762115478516,6,ARC-c,2,OPS ≤ 500 ft AND Controlled or Urban → ARC-c
864.5005223751068,-6.297794342041016,106.82243347167969,75.07025909423828,352.35455322265625,56.750919342041016,6,ARC-c,2,OPS ≤ 500 ft AND Controlled or Urban → ARC-c
865.390328168869,-6.297336101531982,106.82237243652344,72.89701843261719,352.5462646484375,57.23334884643555,6,ARC-c,2,OPS ≤ 500 ft AND Controlled or Urban → ARC-c
866.1892757415771,-6.2969279289245605,106.82231903076172,69.69525909423828,352.9017333984375,57.47673034667969,6,ARC-c,2,OPS ≤ 500 ft AND Controlled or Urban → ARC-c
866.9984843730927,-6.296513080596924,106.82227325439453,66.18617248535156,353.61529541015625,57.73070526123047,6,ARC-c,2,OPS ≤ 500 ft AND Controlled or Urban → ARC-c
867.8768875598907,-6.296061992645264,106.82222747802734,62.18943405151367,357.6454772949219,57.94984817504883,6,ARC-c,2,OPS ≤ 500 ft AND Controlled or Urban → ARC-c
868.5245399475098,-6.295725345611572,106.82221221923828,60.20705032348633,2.2812304496765137,57.83195877075195,6,ARC-c,2,OPS ≤ 500 ft AND Controlled or Urban → ARC-c
869.3223648071289,-6.2953104972839355,106.82221221923828,59.265411376953125,5.877243518829346,57.40361404418945,6,ARC-c,2,OPS ≤ 500 ft AND Controlled or Urban → ARC-c
870.1209661960602,-6.2948994636535645,106.8222427368164,59.65205383300781,11.165925025939941,56.79230499267578,6,ARC-c,2,OPS ≤ 500 ft AND Controlled or Urban → ARC-c
870.963357925415,-6.2944841384887695,106.82232666015625,59.844051361083984,12.18118667602539,56.416133880615234,6,ARC-c,2,OPS ≤ 500 ft AND Controlled or Urban → ARC-c
871.7675094604492,-6.294089317321777,106.82242584228516,57.03293228149414,14.03709602355957,56.680904388427734,6,ARC-c,2,OPS ≤ 500 ft AND Controlled or Urban → ARC-c
872.6133205890656,-6.293676376342773,106.82254028320312,51.243350982666016,18.18878936767578,57.28538513183594,6,ARC-c,2,OPS ≤ 500 ft AND Controlled or Urban → ARC-c
873.433513879776,-6.293273448944092,106.82267761230469,47.07989501953125,20.513427734375,57.47525405883789,6,ARC-c,2,OPS ≤ 500 ft AND Controlled or Urban → ARC-c
874.225347995758,-6.2928924560546875,106.82282257080078,45.17576217651367,22.10539436340332,57.347938537597656,7,ARC-c,2,OPS ≤ 500 ft AND Controlled or Urban → ARC-c
875.0370213985443,-6.292508602142334,106.82298278808594,44.111366271972656,23.592025756835938,57.16639709472656,7,ARC-c,2,OPS ≤ 500 ft AND Controlled or Urban → ARC-c
875.7167160511017,-6.2921953201293945,106.82312774658203,43.90177917480469,24.6769962310791,56.90631866455078,7,ARC-c,2,OPS ≤ 500 ft AND Controlled or Urban → ARC-c
876.5735049247742,-6.291800498962402,106.82331085205078,44.205379486083984,25.21656608581543,56.52906036376953,7,ARC-c,2,OPS ≤ 500 ft AND Controlled or Urban → ARC-c
877.4465923309326,-6.291395664215088,106.82350158691406,44.25147247314453,25.244998931884766,56.25740051269531,7,ARC-c,2,OPS ≤ 500 ft AND Controlled or Urban → ARC-c
878.3022840023041,-6.291007041931152,106.82368469238281,43.237613677978516,25.30698013305664,56.16667556762695,7,ARC-c,2,OPS ≤ 500 ft AND Controlled or Urban → ARC-c
879.1373529434204,-6.290621280670166,106.82386016845703,42.10768127441406,24.963865280151367,56.09162521362305,7,ARC-c,2,OPS ≤ 500 ft AND Controlled or Urban → ARC-c
879.9673283100128,-6.290241718292236,106.82403564453125,41.41490936279297,24.297176361083984,55.93340301513672,7,ARC-c,2,OPS ≤ 500 ft AND Controlled or Urban → ARC-c
880.7845616340637,-6.289866924285889,106.82420349121094,40.95668411254883,24.67842674255371,55.53042221069336,7,ARC-c,2,OPS ≤ 500 ft AND Controlled or Urban → ARC-c
881.4405188560486,-6.289571285247803,106.8243408203125,39.9122200012207,24.62086296081543,54.832462310791016,7,ARC-c,2,OPS ≤ 500 ft AND Controlled or Urban → ARC-c
882.081621170044,-6.289283752441406,106.82447814941406,39.441192626953125,25.23757553100586,54.167423248291016,7,ARC-c,2,OPS ≤ 500 ft AND Controlled or Urban → ARC-c
882.8943102359772,-6.288929462432861,106.82464599609375,38.811893463134766,25.85769271850586,53.33457565307617,7,ARC-c,2,OPS ≤ 500 ft AND Controlled or Urban → ARC-c
883.7504961490631,-6.288565635681152,106.82482147216797,38.17021179199219,26.127866744995117,52.4892578125,7,ARC-c,2,OPS ≤ 500 ft AND Controlled or Urban → ARC-c
884.55330991745,-6.2882232666015625,106.82498931884766,37.57848358154297,26.387069702148438,51.7154541015625,7,ARC-c,2,OPS ≤ 500 ft AND Controlled or Urban → ARC-c
885.3634433746338,-6.287891864776611,106.82514953613281,37.02833557128906,26.242168426513672,50.95587921142578,7,ARC-c,2,OPS ≤ 500 ft AND Controlled or Urban → ARC-c
886.1834318637848,-6.28755521774292,106.8253173828125,36.438629150390625,25.244203567504883,50.203678131103516,7,ARC-c,2,OPS ≤ 500 ft AND Controlled or Urban → ARC-c
886.9965965747833,-6.287225246429443,106.82547760009766,35.85686492919922,23.933765411376953,49.46944046020508,7,ARC-c,2,OPS ≤ 500 ft AND Controlled or Urban → ARC-c
887.817507982254,-6.2868971824646,106.82563018798828,35.29334259033203,23.00091552734375,48.72414779663086,7,ARC-c,2,OPS ≤ 500 ft AND Controlled or Urban → ARC-c
888.6294722557068,-6.2865753173828125,106.82577514648438,34.75227737426758,22.109066009521484,48.02330780029297,7,ARC-c,2,OPS ≤ 500 ft AND Controlled or Urban → ARC-c
889.4433715343475,-6.286257266998291,106.82591247558594,34.65275573730469,17.060359954833984,47.119537353515625,7,ARC-c,2,OPS ≤ 500 ft AND Controlled or Urban → ARC-c
890.0908160209656,-6.286000728607178,106.82601165771484,34.34634017944336,20.766559600830078,46.60299301147461,7,ARC-c,2,OPS ≤ 500 ft AND Controlled or Urban → ARC-c
890.9214408397675,-6.285678863525391,106.82614135742188,32.875450134277344,23.21099281311035,46.1378173828125,7,ARC-c,2,OPS ≤ 500 ft AND Controlled or Urban → ARC-c
891.5654873847961,-6.285431861877441,106.82624053955078,31.88756561279297,20.972503662109375,45.7083740234375,7,ARC-c,2,OPS ≤ 500 ft AND Controlled or Urban → ARC-c
892.3853213787079,-6.285122871398926,106.82636260986328,32.5131950378418,20.876604080200195,44.54107666015625,7,ARC-c,2,OPS ≤ 500 ft AND Controlled or Urban → ARC-c
893.2313935756683,-6.284813404083252,106.82648468017578,34.09402084350586,21.031312942504883,43.49607849121094,7,ARC-c,2,OPS ≤ 500 ft AND Controlled or Urban → ARC-c
894.0505084991455,-6.284519672393799,106.82660675048828,34.79389190673828,18.680946350097656,42.71543502807617,7,ARC-c,2,OPS ≤ 500 ft AND Controlled or Urban → ARC-c
894.9076733589172,-6.284213066101074,106.82672119140625,34.46372604370117,19.092947006225586,42.09395980834961,7,ARC-c,2,OPS ≤ 500 ft AND Controlled or Urban → ARC-c
895.7136919498444,-6.28393030166626,106.82683563232422,34.34759521484375,18.466655731201172,41.01837921142578,7,ARC-c,2,OPS ≤ 500 ft AND Controlled or Urban → ARC-c
896.5216932296753,-6.283653736114502,106.82693481445312,35.05143356323242,17.23294448852539,40.09445571899414,7,ARC-c,2,OPS ≤ 500 ft AND Controlled or Urban → ARC-c
897.3676056861877,-6.283373832702637,106.82703399658203,35.78880310058594,18.683473587036133,39.05571746826172,7,ARC-c,2,OPS ≤ 500 ft AND Controlled or Urban → ARC-c
898.188378572464,-6.2831010818481445,106.8271255493164,36.48027038574219,19.512239456176758,38.11759567260742,7,ARC-c,2,OPS ≤ 500 ft AND Controlled or Urban → ARC-c
899.0332877635956,-6.28283166885376,106.82722473144531,37.16714096069336,20.16973114013672,37.276405334472656,7,ARC-c,2,OPS ≤ 500 ft AND Controlled or Urban → ARC-c
899.6836674213409,-6.282626152038574,106.82730102539062,37.25006866455078,23.12281036376953,36.81541442871094,7,ARC-c,2,OPS ≤ 500 ft AND Controlled or Urban → ARC-c
900.5143280029297,-6.282375335693359,106.82740020751953,36.5938720703125,27.979326248168945,36.34060287475586,7,ARC-c,2,OPS ≤ 500 ft AND Controlled or Urban → ARC-c
901.159158706665,-6.2821855545043945,106.8274917602539,35.75627136230469,25.3382511138916,35.888092041015625,7,ARC-c,2,OPS ≤ 500 ft AND Controlled or Urban → ARC-c
901.9733786582947,-6.281951427459717,106.82760620117188,34.8386116027832,29.217823028564453,35.202701568603516,7,ARC-c,2,OPS ≤ 500 ft AND Controlled or Urban → ARC-c
902.7822525501251,-6.2817301750183105,106.82772064208984,33.950374603271484,36.029624938964844,34.36252212524414,7,ARC-c,2,OPS ≤ 500 ft AND Controlled or Urban → ARC-c
903.4311425685883,-6.281559944152832,106.82782745361328,33.24944305419922,34.85354995727539,33.81013870239258,7,ARC-c,2,OPS ≤ 500 ft AND Controlled or Urban → ARC-c
904.2975578308105,-6.281337738037109,106.82797241210938,32.314395904541016,30.654098510742188,33.472530364990234,7,ARC-c,2,OPS ≤ 500 ft AND Controlled or Urban → ARC-c
905.1126494407654,-6.281128883361816,106.8281021118164,31.4702205657959,30.563739776611328,33.231319427490234,7,ARC-c,2,OPS ≤ 500 ft AND Controlled or Urban → ARC-c
905.9924764633179,-6.280904293060303,106.82823181152344,30.558931350708008,31.691694259643555,32.9893798828125,7,ARC-c,2,OPS ≤ 500 ft AND Controlled or Urban → ARC-c
906.8012933731079,-6.280699729919434,106.82836151123047,29.715824127197266,30.966136932373047,32.74321365356445,7,ARC-c,2,OPS ≤ 500 ft AND Controlled or Urban → ARC-c
907.6172063350677,-6.2804975509643555,106.82848358154297,28.880287170410156,28.109241485595703,32.25981903076172,7,ARC-c,2,OPS ≤ 500 ft AND Controlled or Urban → ARC-c
908.4341840744019,-6.280296325683594,106.82859802246094,28.074865341186523,26.572359085083008,30.52435874938965,7,ARC-c,2,OPS ≤ 500 ft AND Controlled or Urban → ARC-c
909.266462802887,-6.280101776123047,106.82869720458984,27.297826766967773,28.919023513793945,28.088638305664062,7,ARC-c,2,OPS ≤ 500 ft AND Controlled or Urban → ARC-c
910.0892467498779,-6.279923439025879,106.82879638671875,26.59353256225586,28.324899673461914,25.536266326904297,7,ARC-c,2,OPS ≤ 500 ft AND Controlled or Urban → ARC-c
910.7553427219391,-6.2797932624816895,106.82886505126953,26.064186096191406,28.630537033081055,23.651208877563477,7,ARC-c,2,OPS ≤ 500 ft AND Controlled or Urban → ARC-c
911.5698080062866,-6.2796478271484375,106.82894897460938,25.486886978149414,33.6846923828125,21.671794891357422,7,ARC-c,2,OPS ≤ 500 ft AND Controlled or Urban → ARC-c
912.4500036239624,-6.27951192855835,106.82903289794922,25.151611328125,33.961368560791016,19.016727447509766,7,ARC-c,2,OPS ≤ 500 ft AND Controlled or Urban → ARC-c
913.2574758529663,-6.2794013023376465,106.8291015625,25.476547241210938,27.29366111755371,16.390174865722656,7,ARC-c,2,OPS ≤ 500 ft AND Controlled or Urban → ARC-c
914.1097762584686,-6.279298305511475,106.82916259765625,25.768692016601562,26.947830200195312,13.974702835083008,7,ARC-c,2,OPS ≤ 500 ft AND Controlled or Urban → ARC-c
914.9211051464081,-6.279214382171631,106.8292007446289,25.98160743713379,28.239534378051758,11.798314094543457,7,ARC-c,2,OPS ≤ 500 ft AND Controlled or Urban → ARC-c
915.5683441162109,-6.279157638549805,106.82923126220703,26.161392211914062,28.835216522216797,9.82129192352295,7,ARC-c,2,OPS ≤ 500 ft AND Controlled or Urban → ARC-c
916.4206762313843,-6.27910041809082,106.82926177978516,26.323543548583984,24.536436080932617,7.053332328796387,7,ARC-c,2,OPS ≤ 500 ft AND Controlled or Urban → ARC-c
917.0906698703766,-6.279067039489746,106.82927703857422,26.558204650878906,20.006437301635742,4.5759501457214355,7,ARC-c,2,OPS ≤ 500 ft AND Controlled or Urban → ARC-c
917.8007535934448,-6.279045581817627,106.82928466796875,26.692699432373047,15.41700267791748,2.0486772060394287,7,ARC-c,2,OPS ≤ 500 ft AND Controlled or Urban → ARC-c
918.4995486736298,-6.279038906097412,106.82929229736328,26.729291915893555,12.564339637756348,0.07986155152320862,7,ARC-c,2,OPS ≤ 500 ft AND Controlled or Urban → ARC-c
919.148499250412,-6.2790398597717285,106.82929229736328,26.711137771606445,12.808321952819824,0.030530376359820366,7,ARC-c,2,OPS ≤ 500 ft AND Controlled or Urban → ARC-c
919.8155460357666,-6.2790398597717285,106.82929229736328,26.716617584228516,12.736787796020508,0.020562579855322838,7,ARC-c,2,OPS ≤ 500 ft AND Controlled or Urban → ARC-c
920.5456373691559,-6.2790398597717285,106.82929229736328,26.715240478515625,12.667481422424316,0.008492455817759037,7,ARC-c,2,OPS ≤ 500 ft AND Controlled or Urban → ARC-c
921.2589406967163,-6.2790398597717285,106.82929229736328,26.7156925201416,12.69448184967041,0.004001011606305838,7,ARC-c,2,OPS ≤ 500 ft AND Controlled or Urban → ARC-c
921.9514851570129,-6.2790398597717285,106.82929229736328,26.71560287475586,12.681960105895996,0.0018994311103597283,7,ARC-c,2,OPS ≤ 500 ft AND Controlled or Urban → ARC-c
922.6424000263214,-6.2790398597717285,106.82929229736328,26.715604782104492,12.687912940979004,0.0008604208123870194,7,ARC-c,2,OPS ≤ 500 ft AND Controlled or Urban → ARC-c
923.3144729137421,-6.2790398597717285,106.82929229736328,26.715621948242188,12.686568260192871,0.00048467490705661476,7,ARC-c,2,OPS ≤ 500 ft AND Controlled or Urban → ARC-c
923.9731993675232,-6.2790398597717285,106.82929229736328,26.715566635131836,12.684412956237793,0.0002293061843374744,7,ARC-c,2,OPS ≤ 500 ft AND Controlled or Urban → ARC-c
924.6252567768097,-6.2790398597717285,106.82929229736328,26.715551376342773,12.683837890625,0.00010016177839133888,7,ARC-c,2,OPS ≤ 500 ft AND Controlled or Urban → ARC-c
925.3153781890869,-6.2790398597717285,106.82929229736328,26.71562957763672,12.685319900512695,0.0002344950189581141,7,ARC-c,2,OPS ≤ 500 ft AND Controlled or Urban → ARC-c
925.9664177894592,-6.2790398597717285,106.82929229736328,26.715633392333984,12.68606948852539,0.00016553005843888968,7,ARC-c,2,OPS ≤ 500 ft AND Controlled or Urban → ARC-c
926.8171362876892,-6.2790398597717285,106.82929229736328,26.715576171875,12.687026977539062,0.0008394058095291257,7,ARC-c,2,OPS ≤ 500 ft AND Controlled or Urban → ARC-c
927.5007860660553,-6.2790398597717285,106.82929229736328,26.715551376342773,12.686603546142578,0.0006699459045194089,7,ARC-c,2,OPS ≤ 500 ft AND Controlled or Urban → ARC-c
928.1963484287262,-6.2790398597717285,106.82929229736328,26.71561050415039,12.686582565307617,0.0004764774930663407,7,ARC-c,2,OPS ≤ 500 ft AND Controlled or Urban → ARC-c
928.8626000881195,-6.2790398597717285,106.82929229736328,26.71556854248047,12.687153816223145,0.0002040281251538545,7,ARC-c,2,OPS ≤ 500 ft AND Controlled or Urban → ARC-c
