timestamp,aircraftid,lat,lon,altitude
1.0,SD05,-6.125,106.655,0.0
1.0,LNI204,-6.228324125562959,106.7429150950549,0.0
2.0,SD05,-6.125,106.655,0.0
2.0,LNI204,-6.228324125562959,106.7429150950549,0.0
3.0,SD05,-6.125,106.655,0.0
3.0,LNI204,-6.228324125562959,106.7429150950549,0.0
4.0,SD05,-6.125,106.655,0.0
4.0,LNI204,-6.228324125562959,106.7429150950549,0.0
5.0,SD05,-6.125,106.655,0.0
5.0,LNI204,-6.228324125562959,106.7429150950549,0.0
6.0,SD05,-6.125,106.65500949709116,0.8001
6.0,LNI204,-6.228324125562959,106.74290559611009,0.8001
7.0,SD05,-6.125,106.65503708387979,3.1242
7.0,LNI204,-6.228324125562959,106.74287800393702,3.1242
8.0,SD05,-6.125,106.65508276036589,6.9723
8.0,LNI204,-6.228324125562959,106.74283231853572,6.9723
9.0,SD05,-6.125,106.65514652654944,12.3444
9.0,LNI204,-6.228324125562959,106.74276853990615,12.3444
10.0,SD05,-6.125,106.65522838243047,19.9644
10.0,LNI204,-6.228324125562959,106.74268666804835,19.9644
11.0,SD05,-6.125022530564358,106.65532500370739,19.9644
11.0,LNI204,-6.228346656127317,106.7425900279126,19.9644
12.0,SD05,-6.125081494613002,106.6554269836425,19.9644
12.0,LNI204,-6.228413381328258,106.74249363292837,19.9644
13.0,SD05,-6.1251516643755535,106.65554338604207,19.9644
13.0,LNI204,-6.228521671372418,106.7424128242929,19.9644
14.0,SD05,-6.125231158993277,106.65567525723603,19.9644
14.0,LNI204,-6.228665059285306,106.74235948153974,19.9644
15.0,SD05,-6.125319978454862,106.65582259723818,19.9644
15.0,LNI204,-6.228835091295634,106.7423420469672,19.9644
16.0,SD05,-6.125418122747668,106.65598540606398,19.9644
16.0,LNI204,-6.22902253325805,106.74236591687352,19.9644
17.0,SD05,-6.125525591857726,106.65616368373051,19.9644
17.0,LNI204,-6.229218131315571,106.74243393715886,19.9644
18.0,SD05,-6.12564238576974,106.65635743025642,19.9644
18.0,LNI204,-6.22941307430066,106.74254689164871,19.9644
19.0,SD05,-6.1257685044670795,106.65656664566204,19.9644
19.0,LNI204,-6.229599259642356,106.74270393975624,19.9644
20.0,SD05,-6.125900466392933,106.65678555451461,19.9644
20.0,LNI204,-6.229764962577968,106.74289793681601,19.9644
21.0,SD05,-6.1260325132043985,106.65700460443783,19.9644
21.0,LNI204,-6.229897601611324,106.7431163422721,19.9644
22.0,SD05,-6.126164559927004,106.65722365446943,19.9644
22.0,LNI204,-6.230003542915059,106.74334932071005,19.9644
23.0,SD05,-6.126296606560745,106.6574427046094,19.9644
23.0,LNI204,-6.230108056562814,106.7435829713498,19.9644
24.0,SD05,-6.126428653105621,106.6576617548577,19.9644
24.0,LNI204,-6.230212570107756,106.74381662208262,19.9644
25.0,SD05,-6.1265606995616295,106.65788080521443,19.9644
25.0,LNI204,-6.230317083549883,106.7440502729085,19.9644
26.0,SD05,-6.126692745928769,106.65809985567952,19.9644
26.0,LNI204,-6.230421596889191,106.74428392382745,19.9644
27.0,SD05,-6.126824792207038,106.65831890625296,19.9644
27.0,LNI204,-6.23052611012568,106.74451757483948,19.9644
28.0,SD05,-6.126956838396433,106.65853795693481,19.9644
28.0,LNI204,-6.230630623259347,106.74475122594457,19.9644
29.0,SD05,-6.127088884496952,106.65875700772503,19.9644
29.0,LNI204,-6.23073513629019,106.74498487714273,19.9644
30.0,SD05,-6.127220930508594,106.65897605862362,19.9644
30.0,LNI204,-6.230839649218207,106.74521852843397,19.9644
31.0,SD05,-6.127352976431358,106.65919510963064,19.9644
31.0,LNI204,-6.2309441620433965,106.74545217981829,19.9644
32.0,SD05,-6.127485022265241,106.65941416074604,19.9644
32.0,LNI204,-6.231048674765756,106.74568583129569,19.9644
33.0,SD05,-6.12761706801024,106.6596332119698,19.9644
33.0,LNI204,-6.231153187385283,106.74591948286617,19.9644
34.0,SD05,-6.127749113666354,106.659852263302,19.9644
34.0,LNI204,-6.231257699901977,106.74615313452973,19.9644
35.0,SD05,-6.127881159233583,106.66007131474257,19.9644
35.0,LNI204,-6.231362212315833,106.74638678628638,19.9644
36.0,SD05,-6.128013204711923,106.66029036629155,19.9644
36.0,LNI204,-6.231466724626852,106.7466204381361,19.9644
37.0,SD05,-6.128145250101371,106.66050941794893,19.9644
37.0,LNI204,-6.2315712368350304,106.74685409007891,19.9644
38.0,SD05,-6.128277295401927,106.66072846971471,19.9644
38.0,LNI204,-6.231675748940365,106.7470877421148,19.9644
39.0,SD05,-6.128409340613586,106.66094752158892,19.9644
39.0,LNI204,-6.231780260942857,106.74732139424377,19.9644
40.0,SD05,-6.128541385736349,106.6611665735715,19.9644
40.0,LNI204,-6.231884772842498,106.74755504646585,19.9644
41.0,SD05,-6.128673430770213,106.66138562566255,19.9644
41.0,LNI204,-6.2319892846392975,106.74778869878101,19.9644
42.0,SD05,-6.128805475715176,106.66160467786196,19.9644
42.0,LNI204,-6.232093796333245,106.74802235118926,19.9644
43.0,SD05,-6.128937520571237,106.66182373016981,19.9644
43.0,LNI204,-6.232198307924333,106.74825600369063,19.9644
44.0,SD05,-6.129069565338393,106.66204278258607,19.9644
44.0,LNI204,-6.23230281941257,106.74848965628507,19.9644
45.0,SD05,-6.129201610016643,106.66226183511075,19.9644
45.0,LNI204,-6.2324073307979475,106.74872330897263,19.9644
46.0,SD05,-6.129333654605983,106.66248088774385,19.9644
46.0,LNI204,-6.232511842080466,106.74895696175328,19.9644
47.0,SD05,-6.1294656991064125,106.66269994048538,19.9644
47.0,LNI204,-6.232616353260123,106.74919061462704,19.9644
48.0,SD05,-6.12959774351793,106.66291899333534,19.9644
48.0,LNI204,-6.232720864336915,106.7494242675939,19.9644
49.0,SD05,-6.129729787840533,106.66313804629372,19.9644
49.0,LNI204,-6.232825375310842,106.74965792065386,19.9644
50.0,SD05,-6.129861832074218,106.66335709936054,19.9644
50.0,LNI204,-6.2329298861819,106.74989157380693,19.9644
51.0,SD05,-6.129993876218984,106.6635761525358,19.9644
51.0,LNI204,-6.233034396950087,106.75012522705313,19.9644
52.0,SD05,-6.130125920274831,106.66379520581948,19.9644
52.0,LNI204,-6.233138907615401,106.75035888039243,19.9644
53.0,SD05,-6.130257964241754,106.66401425921163,19.9644
53.0,LNI204,-6.233243418177839,106.75059253382483,19.9644
54.0,SD05,-6.130390008119754,106.66423331271218,19.9644
54.0,LNI204,-6.2333479286374,106.75082618735036,19.9644
55.0,SD05,-6.130522051908827,106.66445236632121,19.9644
55.0,LNI204,-6.233452438994082,106.75105984096899,19.9644
56.0,SD05,-6.130654095608971,106.66467142003867,19.9644
56.0,LNI204,-6.23355694924788,106.75129349468075,19.9644
57.0,SD05,-6.130786139220184,106.6648904738646,19.9644
57.0,LNI204,-6.233661459398796,106.75152714848564,19.9644
58.0,SD05,-6.130918182742467,106.66510952779896,19.9644
58.0,LNI204,-6.233765969446825,106.75176080238363,19.9644
59.0,SD05,-6.131050226175812,106.66532858184178,19.9644
59.0,LNI204,-6.233870479391963,106.75199445637476,19.9644
60.0,SD05,-6.131182269520222,106.66554763599306,19.9644
60.0,LNI204,-6.23397498923421,106.75222811045901,19.9644
61.0,SD05,-6.131314312775696,106.66576669025278,19.9644
61.0,LNI204,-6.234079498973564,106.7524617646364,19.9644
62.0,SD05,-6.131446355942227,106.665985744621,19.9644
62.0,LNI204,-6.23418400861002,106.7526954189069,19.9644
63.0,SD05,-6.131578399019817,106.66620479909764,19.9644
63.0,LNI204,-6.234288518143577,106.75292907327054,19.9644
64.0,SD05,-6.131710442008462,106.66642385368276,19.9644
64.0,LNI204,-6.234393027574233,106.7531627277273,19.9644
65.0,SD05,-6.131842484908161,106.66664290837636,19.9644
65.0,LNI204,-6.234497536901986,106.75339638227722,19.9644
66.0,SD05,-6.131974527718913,106.6668619631784,19.9644
66.0,LNI204,-6.234602046126831,106.75363003692026,19.9644
67.0,SD05,-6.132106570440714,106.66708101808894,19.9644
67.0,LNI204,-6.234706555248765,106.75386369165643,19.9644
68.0,SD05,-6.132238613073563,106.66730007310795,19.9644
68.0,LNI204,-6.234811064267789,106.75409734648575,19.9644
69.0,SD05,-6.132370655617457,106.66751912823543,19.9644
69.0,LNI204,-6.2349155731839,106.75433100140822,19.9644
70.0,SD05,-6.132502698072395,106.66773818347139,19.9644
70.0,LNI204,-6.235020081997095,106.75456465642382,19.9644
71.0,SD05,-6.132634740438375,106.66795723881583,19.9644
71.0,LNI204,-6.235124590707369,106.75479831153257,19.9644
72.0,SD05,-6.132766782715395,106.66817629426876,19.9644
72.0,LNI204,-6.235229099314721,106.75503196673448,19.9644
73.0,SD05,-6.132898824903453,106.66839534983016,19.9644
73.0,LNI204,-6.235333607819148,106.75526562202953,19.9644
74.0,SD05,-6.133030867002547,106.66861440550008,19.9644
74.0,LNI204,-6.235438116220646,106.75549927741773,19.9644
75.0,SD05,-6.1331629090126745,106.66883346127848,19.9644
75.0,LNI204,-6.235542624519215,106.75573293289908,19.9644
76.0,SD05,-6.133294950933834,106.66905251716535,19.9644
76.0,LNI204,-6.235647132714849,106.7559665884736,19.9644
77.0,SD05,-6.133426992766023,106.66927157316074,19.9644
77.0,LNI204,-6.235751640807547,106.75620024414128,19.9644
78.0,SD05,-6.133559034509242,106.66949062926463,19.9644
78.0,LNI204,-6.235856148797306,106.75643389990212,19.9644
79.0,SD05,-6.133691076163485,106.66970968547702,19.9644
79.0,LNI204,-6.235960656684121,106.75666755575611,19.9644
80.0,SD05,-6.133823117728753,106.66992874179789,19.9644
80.0,LNI204,-6.236065164467989,106.75690121170327,19.9644
81.0,SD05,-6.133955159205043,106.67014779822728,19.9644
81.0,LNI204,-6.236169672148908,106.7571348677436,19.9644
82.0,SD05,-6.1340872005923535,106.67036685476519,19.9644
82.0,LNI204,-6.236274179726876,106.75736852387709,19.9644
83.0,SD05,-6.134219241890682,106.67058591141159,19.9644
83.0,LNI204,-6.236378687201886,106.75760218010376,19.9644
84.0,SD05,-6.134351283100026,106.67080496816651,19.9644
84.0,LNI204,-6.236483194573937,106.7578358364236,19.9644
85.0,SD05,-6.134483324220384,106.67102402502994,19.9644
85.0,LNI204,-6.236587701843026,106.7580694928366,19.9644
86.0,SD05,-6.134615365251755,106.6712430820019,19.9644
86.0,LNI204,-6.236692209009147,106.75830314934278,19.9644
87.0,SD05,-6.134747406194138,106.67146213908238,19.9644
87.0,LNI204,-6.2367967160722975,106.75853680594216,19.9644
88.0,SD05,-6.134879447047527,106.67168119627138,19.9644
88.0,LNI204,-6.236901223032474,106.75877046263471,19.9644
89.0,SD05,-6.13501148781192,106.6719002535689,19.9644
89.0,LNI204,-6.23700572988967,106.75900411942044,19.9644
90.0,SD05,-6.135143528487318,106.67211931097492,19.9644
90.0,LNI204,-6.2371102366438835,106.75923777629937,19.9644
91.0,SD05,-6.135275569073721,106.67233836848949,19.9644
91.0,LNI204,-6.237214743295109,106.75947143327149,19.9644
92.0,SD05,-6.135407609571124,106.67255742611259,19.9644
92.0,LNI204,-6.237319249843342,106.7597050903368,19.9644
93.0,SD05,-6.135539649979527,106.67277648384423,19.9644
93.0,LNI204,-6.237423756288577,106.7599387474953,19.9644
94.0,SD05,-6.135671690298924,106.6729955416844,19.9644
94.0,LNI204,-6.2375282626308115,106.76017240474702,19.9644
95.0,SD05,-6.135803730529316,106.67321459963311,19.9644
95.0,LNI204,-6.2376327688700375,106.76040606209192,19.9644
96.0,SD05,-6.135935770670701,106.67343365769037,19.9644
96.0,LNI204,-6.237737275006247,106.76063971953003,19.9644
97.0,SD05,-6.136067810723077,106.67365271585615,19.9644
97.0,LNI204,-6.237841781039443,106.76087337706137,19.9644
98.0,SD05,-6.136199850686441,106.67387177413048,19.9644
98.0,LNI204,-6.237946286969611,106.76110703468593,19.9644
99.0,SD05,-6.136331890560791,106.67409083251336,19.9644
99.0,LNI204,-6.238050792796747,106.76134069240372,19.9644
100.0,SD05,-6.1364639303461255,106.67430989100478,19.9644
100.0,LNI204,-6.238155298520839,106.76157435021473,19.9644
101.0,SD05,-6.1365959700424435,106.67452894960476,19.9644
101.0,LNI204,-6.23825980414188,106.76180800811896,19.9644
102.0,SD05,-6.136728009649742,106.67474800831329,19.9644
102.0,LNI204,-6.2383643096598655,106.76204166611642,19.9644
103.0,SD05,-6.136860049168019,106.67496706713038,19.9644
103.0,LNI204,-6.238468815074783,106.7622753242071,19.9644
104.0,SD05,-6.136992088597273,106.67518612605603,19.9644
104.0,LNI204,-6.238573320386621,106.762508982391,19.9644
105.0,SD05,-6.1371241279375015,106.67540518509024,19.9644
105.0,LNI204,-6.238677825595365,106.76274264066818,19.9644
106.0,SD05,-6.137256167188702,106.67562424423302,19.9644
106.0,LNI204,-6.238782330701005,106.7629762990386,19.9644
107.0,SD05,-6.137388206350875,106.67584330348437,19.9644
107.0,LNI204,-6.238886835703521,106.76320995750228,19.9644
108.0,SD05,-6.137520245424016,106.67606236284429,19.9644
108.0,LNI204,-6.238991340602896,106.76344361605923,19.9644
109.0,SD05,-6.137652284408123,106.67628142231278,19.9644
109.0,LNI204,-6.239095845399106,106.76367727470948,19.9644
110.0,SD05,-6.137784323303195,106.67650048188985,19.9644
110.0,LNI204,-6.239200350092125,106.76391093345302,19.9644
111.0,SD05,-6.13791636210923,106.67671954157548,19.9644
111.0,LNI204,-6.239304854681919,106.76414459228987,19.9644
112.0,SD05,-6.138048400826226,106.67693860136968,19.9644
112.0,LNI204,-6.239409359168441,106.76437825122005,19.9644
113.0,SD05,-6.138180439454181,106.67715766127246,19.9644
113.0,LNI204,-6.239513863551635,106.7646119102436,19.9644
114.0,SD05,-6.138312477993093,106.67737672128384,19.9644
114.0,LNI204,-6.239618367831412,106.76484556936055,19.9644
115.0,SD05,-6.138444516442959,106.67759578140378,19.9644
115.0,LNI204,-6.239722872007644,106.76507922857095,19.9644
116.0,SD05,-6.1385765548037785,106.67781484163233,19.9644
116.0,LNI204,-6.239827376080098,106.76531288787493,19.9644
117.0,SD05,-6.138708593075549,106.67803390196946,19.9644
117.0,LNI204,-6.239931880048205,106.76554654727272,19.9644
118.0,SD05,-6.138840631258269,106.67825296241517,19.9644
118.0,LNI204,-6.240031164645248,106.76578239279159,19.9644
119.0,SD05,-6.138972669351936,106.67847202296949,19.9644
119.0,LNI204,-6.240095903825142,106.7660299104406,19.9644
120.0,SD05,-6.139104707356549,106.6786910836324,19.9644
120.0,LNI204,-6.2401202448214255,106.76628467837335,19.9644
121.0,SD05,-6.139236745272103,106.67891014440391,19.9644
121.0,LNI204,-6.240111496442794,106.76654070397794,19.9644
122.0,SD05,-6.139368783098599,106.67912920528403,19.9644
122.0,LNI204,-6.240099837027459,106.76679665484065,19.9644
123.0,SD05,-6.139500820836033,106.67934826627274,19.9644
123.0,LNI204,-6.240088177488548,106.76705260569199,19.9644
124.0,SD05,-6.139632858484406,106.67956732737005,19.9644
124.0,LNI204,-6.240076517826062,106.76730855653196,19.9644
125.0,SD05,-6.1397648960437134,106.67978638857598,19.9644
125.0,LNI204,-6.240064858039998,106.76756450736056,19.9644
126.0,SD05,-6.1398969335139535,106.68000544989052,19.9644
126.0,LNI204,-6.24005319813036,106.7678204581778,19.9644
127.0,SD05,-6.140028970895125,106.68022451131367,19.9644
127.0,LNI204,-6.240041538097145,106.76807640898363,19.9644
128.0,SD05,-6.140161008187226,106.68044357284543,19.9644
128.0,LNI204,-6.240029877940355,106.76833235977784,19.9644
129.0,SD05,-6.140293045390254,106.68066263448581,19.9644
129.0,LNI204,-6.240018217659988,106.76858831056069,19.9644
130.0,SD05,-6.1404250825042075,106.6808816962348,19.9644
130.0,LNI204,-6.240006557256045,106.76884426133216,19.9644
131.0,SD05,-6.140557119529084,106.68110075809241,19.9644
131.0,LNI204,-6.2399948967285255,106.76910021209227,19.9644
132.0,SD05,-6.140689156464882,106.68131982005868,19.9644
132.0,LNI204,-6.239983236077428,106.769356162841,19.9644
133.0,SD05,-6.1408211933116,106.68153888213355,19.9644
133.0,LNI204,-6.239971575302756,106.76961211357838,19.9644
134.0,SD05,-6.140953230069234,106.68175794431704,19.9644
134.0,LNI204,-6.239959914404507,106.76986806430438,19.9644
135.0,SD05,-6.141085266737784,106.68197700660916,19.9644
135.0,LNI204,-6.239948253382679,106.77012401501901,19.9644
136.0,SD05,-6.141217303317248,106.6821960690099,19.9644
136.0,LNI204,-6.2399365922372745,106.77037996572227,19.9644
137.0,SD05,-6.141349339807623,106.6824151315193,19.9644
137.0,LNI204,-6.239924930968292,106.77063591641416,19.9644
138.0,SD05,-6.141481376208908,106.68263419413734,19.9644
138.0,LNI204,-6.239913269575732,106.77089186709469,19.9644
139.0,SD05,-6.1416134125210995,106.68285325686402,19.9644
139.0,LNI204,-6.2399016080595935,106.77114781776373,19.9644
140.0,SD05,-6.141745448744198,106.68307231969933,19.9644
140.0,LNI204,-6.2398899464198765,106.77140376842124,19.9644
141.0,SD05,-6.141877484878198,106.6832913826433,19.9644
141.0,LNI204,-6.239878284656581,106.77165971906737,19.9644
142.0,SD05,-6.142009520923101,106.68351044569593,19.9644
142.0,LNI204,-6.239866622769707,106.77191566970214,19.9644
143.0,SD05,-6.142141556878903,106.68372950885718,19.9644
143.0,LNI204,-6.239854960759254,106.77217162032554,19.9644
144.0,SD05,-6.142273592745602,106.68394857212711,19.9644
144.0,LNI204,-6.23984329862522,106.77242757093757,19.9644
145.0,SD05,-6.142405628523198,106.68416763550569,19.9644
145.0,LNI204,-6.239831636367607,106.77268352153823,19.9644
146.0,SD05,-6.142537664211687,106.68438669899291,19.9644
146.0,LNI204,-6.239819973986415,106.77293947212752,19.9644
147.0,SD05,-6.1426696998110675,106.68460576258879,19.9644
147.0,LNI204,-6.239808311481642,106.77319542270544,19.9644
148.0,SD05,-6.142801735321338,106.68482482629335,19.9644
148.0,LNI204,-6.2397966488532886,106.773451373272,19.9644
149.0,SD05,-6.142933770742498,106.68504389010657,19.9644
149.0,LNI204,-6.239784986101354,106.77370732382718,19.9644
150.0,SD05,-6.143065806074542,106.68526295402843,19.9644
150.0,LNI204,-6.239773323225837,106.7739632743709,19.9644
151.0,SD05,-6.143197841317471,106.68548201805899,19.9644
151.0,LNI204,-6.239761660226738,106.77421922490306,19.9644
152.0,SD05,-6.143329876471281,106.68570108219821,19.9644
152.0,LNI204,-6.239749997104057,106.77447517542386,19.9644
153.0,SD05,-6.1434619115359705,106.6859201464461,19.9644
153.0,LNI204,-6.239738333857794,106.77473112593329,19.9644
154.0,SD05,-6.143593946511538,106.68613921080266,19.9644
154.0,LNI204,-6.239726670487947,106.77498707643134,19.9644
155.0,SD05,-6.143725981397982,106.6863582752679,19.9644
155.0,LNI204,-6.239715006994516,106.77524302691803,19.9644
156.0,SD05,-6.1438580161953,106.68657733984183,19.9644
156.0,LNI204,-6.239703343377501,106.77549897739335,19.9644
157.0,SD05,-6.143990050903489,106.68679640452444,19.9644
157.0,LNI204,-6.2396916796369,106.7757549278573,19.9644
158.0,SD05,-6.1441220855225485,106.68701546931572,19.9644
158.0,LNI204,-6.239680015772715,106.77601087830989,19.9644
159.0,SD05,-6.144254120052476,106.68723453421572,19.9644
159.0,LNI204,-6.239668351784943,106.7762668287511,19.9644
160.0,SD05,-6.144386154493269,106.68745359922437,19.9644
160.0,LNI204,-6.239656687673585,106.77652277918095,19.9644
161.0,SD05,-6.144518188844926,106.68767266434175,19.9644
161.0,LNI204,-6.239645023438638,106.77677872959919,19.9644
162.0,SD05,-6.144650223107446,106.6878917295678,19.9644
162.0,LNI204,-6.239633359080104,106.77703468000601,19.9644
163.0,SD05,-6.144782257280825,106.68811079490256,19.9644
163.0,LNI204,-6.2396216945979806,106.77729063040147,19.9644
164.0,SD05,-6.144914291365062,106.688329860346,19.9644
164.0,LNI204,-6.239610029992269,106.77754658078555,19.9644
165.0,SD05,-6.145046325360157,106.68854892589815,19.9644
165.0,LNI204,-6.239598365262966,106.77780253115827,19.9644
166.0,SD05,-6.1451783592661045,106.68876799155902,19.9644
166.0,LNI204,-6.239586700410072,106.77805848151962,19.9644
167.0,SD05,-6.145310393082906,106.68898705732857,19.9644
167.0,LNI204,-6.239575035433586,106.7783144318696,19.9644
168.0,SD05,-6.145442426810556,106.68920612320684,19.9644
168.0,LNI204,-6.2395633703335065,106.77857038220822,19.9644
169.0,SD05,-6.145574460449054,106.6894251891938,19.9644
169.0,LNI204,-6.239551705109835,106.77882633253546,19.9644
170.0,SD05,-6.145706493998398,106.6896442552895,19.9644
170.0,LNI204,-6.239540039762567,106.77908228285133,19.9644
171.0,SD05,-6.145838527458588,106.68986332149387,19.9644
171.0,LNI204,-6.239528374291703,106.77933823315558,19.9644
172.0,SD05,-6.14597056082962,106.69008238780701,19.9644
172.0,LNI204,-6.239516708697242,106.77959418344844,19.9644
173.0,SD05,-6.1461025941114915,106.69030145422886,19.9644
173.0,LNI204,-6.239505042979183,106.77985013372992,19.9644
174.0,SD05,-6.1462346273041994,106.69052052075943,19.9644
174.0,LNI204,-6.239493377137525,106.78010608400004,19.9644
175.0,SD05,-6.1463666604077485,106.69073958739871,19.9644
175.0,LNI204,-6.239481711172266,106.78036203425879,19.9644
176.0,SD05,-6.146498693422128,106.69095865414674,19.9644
176.0,LNI204,-6.2394700450834035,106.78061798450616,19.9644
177.0,SD05,-6.146630726347335,106.69117772100348,19.9644
177.0,LNI204,-6.239458378870937,106.78087393474217,19.9644
178.0,SD05,-6.146762759183386,106.69139678796897,19.9644
178.0,LNI204,-6.239446712534868,106.78112988496682,19.9644
179.0,SD05,-6.146894791930264,106.69161585504318,19.9644
179.0,LNI204,-6.239435046075189,106.78138583518009,19.9644
180.0,SD05,-6.147026824587969,106.69183492222612,19.9644
180.0,LNI204,-6.239423379491905,106.78164178538186,19.9644
181.0,SD05,-6.1471588571564935,106.69205398951783,19.9644
181.0,LNI204,-6.239411712785008,106.78189773557212,19.9644
182.0,SD05,-6.147290889635834,106.69227305691825,19.9644
182.0,LNI204,-6.239400045954499,106.782153685751,19.9644
183.0,SD05,-6.147422922026002,106.69249212442742,19.9644
183.0,LNI204,-6.239388379000376,106.78240963591851,19.9644
184.0,SD05,-6.147554954326986,106.69271119204534,19.9644
184.0,LNI204,-6.239376711922636,106.78266558607466,19.9644
185.0,SD05,-6.1476869865387895,106.692930259772,19.9644
185.0,LNI204,-6.23936504472128,106.78292153621943,19.9644
186.0,SD05,-6.147819018661403,106.69314932760741,19.9644
186.0,LNI204,-6.239353377396303,106.78317748635284,19.9644
187.0,SD05,-6.147951050694831,106.69336839555159,19.9644
187.0,LNI204,-6.239341709947696,106.78343343647488,19.9644
188.0,SD05,-6.14808308263907,106.6935874636045,19.9644
188.0,LNI204,-6.239330042375471,106.78368938658555,19.9644
189.0,SD05,-6.148215114494119,106.6938065317662,19.9644
189.0,LNI204,-6.239318374679613,106.7839453366847,19.9644
190.0,SD05,-6.148347146259974,106.69402560003665,19.9644
190.0,LNI204,-6.23930670686012,106.78420128677234,19.9644
191.0,SD05,-6.148479177936634,106.69424466841585,19.9644
191.0,LNI204,-6.2392950389169926,106.78445723684862,19.9644
192.0,SD05,-6.148611209524096,106.69446373690383,19.9644
192.0,LNI204,-6.239283370850224,106.78471318691354,19.9644
193.0,SD05,-6.148743241022361,106.69468280550056,19.9644
193.0,LNI204,-6.23927170265981,106.78496913696708,19.9644
194.0,SD05,-6.148875272431422,106.69490187420605,19.9644
194.0,LNI204,-6.2392600343457465,106.78522508700925,19.9644
195.0,SD05,-6.14900730375128,106.69512094302033,19.9644
195.0,LNI204,-6.23924836590803,106.78548103704006,19.9644
196.0,SD05,-6.149139334981934,106.69534001194339,19.9644
196.0,LNI204,-6.239236697346653,106.7857369870595,19.9644
197.0,SD05,-6.14927136612338,106.6955590809752,19.9644
197.0,LNI204,-6.239225028661612,106.7859929370675,19.9644
198.0,SD05,-6.149403397175617,106.69577815011579,19.9644
198.0,LNI204,-6.239213359852901,106.78624888706392,19.9644
199.0,SD05,-6.149535428138643,106.69599721936518,19.9644
199.0,LNI204,-6.239201690920511,106.78650483704897,19.9644
200.0,SD05,-6.1496674590124565,106.69621628872335,19.9644
200.0,LNI204,-6.239190021864435,106.78676078702264,19.9644
201.0,SD05,-6.149799489797054,106.6964353581903,19.9644
201.0,LNI204,-6.239178352684666,106.78701673698495,19.9644
202.0,SD05,-6.149931520492435,106.69665442776602,19.9644
202.0,LNI204,-6.239166683381192,106.78727268693589,19.9644
203.0,SD05,-6.150063551098597,106.69687349745057,19.9644
203.0,LNI204,-6.239155013954003,106.78752863687546,19.9644
204.0,SD05,-6.150195581615539,106.69709256724389,19.9644
204.0,LNI204,-6.239143344403087,106.78778458680367,19.9644
205.0,SD05,-6.150327612043258,106.697311637146,19.9644
205.0,LNI204,-6.239131674728429,106.78804053672032,19.9644
206.0,SD05,-6.150459642381751,106.6975307071569,19.9644
206.0,LNI204,-6.239120004930014,106.7882964866255,19.9644
207.0,SD05,-6.150591672631018,106.69774977727661,19.9644
207.0,LNI204,-6.239108335007823,106.78855243651931,19.9644
208.0,SD05,-6.150723702791055,106.69796884750514,19.9644
208.0,LNI204,-6.239096664961836,106.78880838640175,19.9644
209.0,SD05,-6.150855732861863,106.69818791784245,19.9644
209.0,LNI204,-6.23908499479202,106.78906433627283,19.9644
210.0,SD05,-6.150987762843437,106.69840698828857,19.9644
210.0,LNI204,-6.239073324498346,106.78932028613254,19.9644
211.0,SD05,-6.151119792735776,106.6986260588435,19.9644
211.0,LNI204,-6.239061654080773,106.78957623598083,19.9644
212.0,SD05,-6.151251822538879,106.69884512950725,19.9644
212.0,LNI204,-6.2390499835392506,106.78983218581752,19.9644
213.0,SD05,-6.151383852252743,106.6990642002798,19.9644
213.0,LNI204,-6.239038312873705,106.79008813564283,19.9644
214.0,SD05,-6.1515158818773665,106.69928327116119,19.9644
214.0,LNI204,-6.239026642084039,106.79034408545678,19.9644
215.0,SD05,-6.151647911412746,106.69950234215139,19.9644
215.0,LNI204,-6.239009333101793,106.79059961425425,19.9644
216.0,SD05,-6.151779940858881,106.6997214132504,19.9644
216.0,LNI204,-6.238955962431599,106.7908498611601,19.9644
217.0,SD05,-6.15191197021577,106.69994048445822,19.9644
217.0,LNI204,-6.238863293594427,106.79108822185701,19.9644
218.0,SD05,-6.152043999483411,106.70015955577487,19.9644
218.0,LNI204,-6.238733737294033,106.79130849557532,19.9644
219.0,SD05,-6.152176028661801,106.70037862720037,19.9644
219.0,LNI204,-6.238570663831251,106.7915049520709,19.9644
220.0,SD05,-6.152308057750938,106.70059769873467,19.9644
220.0,LNI204,-6.238378315428399,106.79167248069405,19.9644
221.0,SD05,-6.152440086750821,106.70081677037781,19.9644
221.0,LNI204,-6.238161695871329,106.7918067233395,19.9644
222.0,SD05,-6.152572115661447,106.70103584212978,19.9644
222.0,LNI204,-6.237931483134392,106.79191632643675,19.9644
223.0,SD05,-6.152704144482815,106.70125491399061,19.9644
223.0,LNI204,-6.237700904772381,106.7920251670291,19.9644
224.0,SD05,-6.152836173214922,106.70147398596026,19.9644
224.0,LNI204,-6.237470326388038,106.79213400752569,19.9644
225.0,SD05,-6.152968201857767,106.70169305803877,19.9644
225.0,LNI204,-6.237239747981363,106.79224284792654,19.9644
226.0,SD05,-6.153100230411348,106.70191213022612,19.9644
226.0,LNI204,-6.237009169552356,106.79235168823165,19.9644
227.0,SD05,-6.153232258875662,106.70213120252231,19.9644
227.0,LNI204,-6.236778591101019,106.792460528441,19.9644
228.0,SD05,-6.153364287250707,106.70235027492734,19.9644
228.0,LNI204,-6.2365480126273525,106.79256936855462,19.9644
229.0,SD05,-6.153496315536482,106.70256934744123,19.9644
229.0,LNI204,-6.236317434131357,106.79267820857251,19.9644
230.0,SD05,-6.153628343732985,106.70278842006397,19.9644
230.0,LNI204,-6.236086855613033,106.79278704849467,19.9644
231.0,SD05,-6.153760371840214,106.70300749279556,19.9644
231.0,LNI204,-6.235856277072382,106.7928958883211,19.9644
232.0,SD05,-6.153892399858166,106.70322656563602,19.9644
232.0,LNI204,-6.235625698509405,106.7930047280518,19.9644
233.0,SD05,-6.1540244277868394,106.70344563858532,19.9644
233.0,LNI204,-6.235395119924102,106.79311356768679,19.9644
234.0,SD05,-6.154156455626233,106.7036647116435,19.9644
234.0,LNI204,-6.235164541316476,106.79322240722607,19.9644
235.0,SD05,-6.1542884833763445,106.70388378481053,19.9644
235.0,LNI204,-6.234933962686527,106.79333124666962,19.9644
236.0,SD05,-6.154420511037172,106.70410285808643,19.9644
236.0,LNI204,-6.234703384034254,106.79344008601747,19.9644
237.0,SD05,-6.154552538608713,106.70432193147121,19.9644
237.0,LNI204,-6.234472805359659,106.7935489252696,19.9644
238.0,SD05,-6.154684566090965,106.70454100496485,19.9644
238.0,LNI204,-6.234242226662742,106.79365776442606,19.9644
239.0,SD05,-6.15481659348393,106.70476007856738,19.9644
239.0,LNI204,-6.234011647943505,106.7937666034868,19.9644
240.0,SD05,-6.154948620787601,106.70497915227877,19.9644
240.0,LNI204,-6.233781069201948,106.79387544245182,19.9644
241.0,SD05,-6.155080648001977,106.70519822609904,19.9644
241.0,LNI204,-6.233550490438072,106.79398428132117,19.9644
242.0,SD05,-6.155212675127058,106.7054173000282,19.9644
242.0,LNI204,-6.233319911651877,106.79409312009483,19.9644
243.0,SD05,-6.155344702162841,106.70563637406624,19.9644
243.0,LNI204,-6.233089332843367,106.79420195877279,19.9644
244.0,SD05,-6.155476729109323,106.70585544821317,19.9644
244.0,LNI204,-6.232858754012541,106.7943107973551,19.9644
245.0,SD05,-6.155608755966504,106.70607452246898,19.9644
245.0,LNI204,-6.232628175159398,106.79441963584173,19.9644
246.0,SD05,-6.15574078273438,106.70629359683367,19.9644
246.0,LNI204,-6.232397596283941,106.79452847423269,19.9644
247.0,SD05,-6.15587280941295,106.70651267130727,19.9644
247.0,LNI204,-6.23216701738617,106.79463731252797,19.9644
248.0,SD05,-6.156004836002213,106.70673174588977,19.9644
248.0,LNI204,-6.231936438466086,106.79474615072759,19.9644
249.0,SD05,-6.156136862502166,106.70695082058117,19.9644
249.0,LNI204,-6.231705859523689,106.79485498883155,19.9644
250.0,SD05,-6.156268888912807,106.70716989538145,19.9644
250.0,LNI204,-6.231475280558982,106.79496382683985,19.9644
251.0,SD05,-6.1564009152341335,106.70738897029065,19.9644
251.0,LNI204,-6.231244701571963,106.7950726647525,19.9644
252.0,SD05,-6.1565329414661445,106.70760804530875,19.9644
252.0,LNI204,-6.231014122562636,106.79518150256948,19.9644
253.0,SD05,-6.156664967608838,106.70782712043574,19.9644
253.0,LNI204,-6.230783543530999,106.79529034029082,19.9644
254.0,SD05,-6.15679699366221,106.70804619567166,19.9644
254.0,LNI204,-6.230552964477054,106.79539917791652,19.9644
255.0,SD05,-6.156929019626262,106.70826527101649,19.9644
255.0,LNI204,-6.230322385400802,106.79550801544657,19.9644
256.0,SD05,-6.15706104550099,106.70848434647023,19.9644
256.0,LNI204,-6.2300918063022435,106.795616852881,19.9644
257.0,SD05,-6.157193071286393,106.70870342203287,19.9644
257.0,LNI204,-6.22986122718138,106.79572569021977,19.9644
258.0,SD05,-6.1573250969824675,106.70892249770444,19.9644
258.0,LNI204,-6.229630648038211,106.79583452746292,19.9644
259.0,SD05,-6.157457122589212,106.70914157348494,19.9644
259.0,LNI204,-6.229400068872738,106.79594336461045,19.9644
260.0,SD05,-6.1575891481066245,106.70936064937435,19.9644
260.0,LNI204,-6.2291694896849625,106.79605220166235,19.9644
261.0,SD05,-6.157721173534704,106.70957972537269,19.9644
261.0,LNI204,-6.228938910474884,106.79616103861864,19.9644
262.0,SD05,-6.157853198873449,106.70979880147995,19.9644
262.0,LNI204,-6.228708331242505,106.7962698754793,19.9644
263.0,SD05,-6.1579852241228545,106.71001787769616,19.9644
263.0,LNI204,-6.228477751987824,106.79637871224436,19.9644
264.0,SD05,-6.158117249282921,106.7102369540213,19.9644
264.0,LNI204,-6.2282471727108435,106.79648754891382,19.9644
265.0,SD05,-6.158249274353646,106.71045603045535,19.9644
265.0,LNI204,-6.2280165934115645,106.79659638548765,19.9644
266.0,SD05,-6.158381299335029,106.71067510699835,19.9644
266.0,LNI204,-6.227786014089987,106.79670522196588,19.9644
267.0,SD05,-6.158513324227065,106.71089418365031,19.9644
267.0,LNI204,-6.227555434746112,106.79681405834852,19.9644
268.0,SD05,-6.158645349029755,106.71111326041121,19.9644
268.0,LNI204,-6.2273248553799405,106.79692289463557,19.9644
269.0,SD05,-6.158777373743095,106.71133233728101,19.9644
269.0,LNI204,-6.227094275991473,106.79703173082703,19.9644
270.0,SD05,-6.158909398367084,106.71155141425977,19.9644
270.0,LNI204,-6.22686369658071,106.79714056692289,19.9644
271.0,SD05,-6.15904142290172,106.71177049134748,19.9644
271.0,LNI204,-6.226633117147652,106.79724940292317,19.9644
272.0,SD05,-6.159173447346999,106.71198956854413,19.9644
272.0,LNI204,-6.226402537692301,106.79735823882788,19.9644
273.0,SD05,-6.15930547170292,106.71220864584974,19.9644
273.0,LNI204,-6.226171958214656,106.79746707463701,19.9644
274.0,SD05,-6.159437495969483,106.71242772326434,19.9644
274.0,LNI204,-6.225941378714721,106.79757591035055,19.9644
275.0,SD05,-6.159569520146684,106.7126468007879,19.9644
275.0,LNI204,-6.225710799192494,106.79768474596852,19.9644
276.0,SD05,-6.1597015442345215,106.7128658784204,19.9644
276.0,LNI204,-6.225480219647977,106.79779358149094,19.9644
277.0,SD05,-6.159833568232994,106.71308495616185,19.9644
277.0,LNI204,-6.225249640081171,106.7979024169178,19.9644
278.0,SD05,-6.1599655921420995,106.7133040340123,19.9644
278.0,LNI204,-6.225019060492076,106.79801125224908,19.9644
279.0,SD05,-6.160097615961836,106.7135231119717,19.9644
279.0,LNI204,-6.224788480880692,106.7981200874848,19.9644
280.0,SD05,-6.160229639692201,106.71374219004005,19.9644
280.0,LNI204,-6.224557901247021,106.79822892262499,19.9644
281.0,SD05,-6.160361663333193,106.7139612682174,19.9644
281.0,LNI204,-6.224327321591064,106.79833775766961,19.9644
282.0,SD05,-6.16049368688481,106.7141803465037,19.9644
282.0,LNI204,-6.2240967419128195,106.7984465926187,19.9644
283.0,SD05,-6.160625710347049,106.714399424899,19.9644
283.0,LNI204,-6.223866162212291,106.79855542747224,19.9644
284.0,SD05,-6.16075773371991,106.71461850340327,19.9644
284.0,LNI204,-6.223635582489477,106.79866426223025,19.9644
285.0,SD05,-6.160889757003389,106.71483758201651,19.9644
285.0,LNI204,-6.22340500274438,106.7987730968927,19.9644
286.0,SD05,-6.161021780197486,106.71505666073875,19.9644
286.0,LNI204,-6.223174422976999,106.79888193145965,19.9644
287.0,SD05,-6.161153803302198,106.71527573956998,19.9644
287.0,LNI204,-6.222943843187337,106.79899076593105,19.9644
288.0,SD05,-6.161285826317522,106.7154948185102,19.9644
288.0,LNI204,-6.222713263375392,106.79909960030693,19.9644
289.0,SD05,-6.161417849243457,106.7157138975594,19.9644
289.0,LNI204,-6.222482683541166,106.79920843458729,19.9644
290.0,SD05,-6.161549872080002,106.7159329767176,19.9644
290.0,LNI204,-6.22225210368466,106.79931726877211,19.9644
291.0,SD05,-6.1616818948271534,106.71615205598478,19.9644
291.0,LNI204,-6.222021523805875,106.79942610286142,19.9644
292.0,SD05,-6.161813917484911,106.71637113536097,19.9644
292.0,LNI204,-6.22179094390481,106.79953493685522,19.9644
293.0,SD05,-6.16194594005327,106.71659021484615,19.9644
293.0,LNI204,-6.221560363981466,106.79964377075353,19.9644
294.0,SD05,-6.162077962532231,106.71680929444034,19.9644
294.0,LNI204,-6.221329784035842,106.7997526045563,19.9644
295.0,SD05,-6.162209984921791,106.71702837414352,19.9644
295.0,LNI204,-6.221099204067943,106.79986143826356,19.9644
296.0,SD05,-6.162342007221948,106.71724745395572,19.9644
296.0,LNI204,-6.220868624077766,106.79997027187532,19.9644
297.0,SD05,-6.1624740294327,106.71746653387693,19.9644
297.0,LNI204,-6.220638044065312,106.80007910539159,19.9644
298.0,SD05,-6.162606051554045,106.71768561390715,19.9644
298.0,LNI204,-6.220407464030583,106.80018793881236,19.9644
299.0,SD05,-6.16273807358598,106.71790469404638,19.9644
299.0,LNI204,-6.220176883973577,106.80029677213763,19.9644
300.0,SD05,-6.162870095528505,106.71812377429463,19.9644
300.0,LNI204,-6.219946303894295,106.8004056053674,19.9644
301.0,SD05,-6.163002117381619,106.71834285465191,19.9644
301.0,LNI204,-6.219715723792738,106.8005144385017,19.9644
301.0,BTK702,-6.266,106.88939493952155,0.0
301.0,CTV855,-6.125,106.655,0.0
302.0,SD05,-6.163134139145317,106.71856193511819,19.9644
302.0,LNI204,-6.219485143668903,106.80062327154053,19.9644
302.0,BTK702,-6.266,106.8887898790431,0.0
302.0,CTV855,-6.125,106.655,0.0
303.0,SD05,-6.163266160819599,106.71878101569351,19.9644
303.0,LNI204,-6.21925456352279,106.80073210448387,19.9644
303.0,BTK702,-6.266,106.88818481856465,0.0
303.0,CTV855,-6.125,106.655,0.0
304.0,SD05,-6.163398182404462,106.71900009637785,19.9644
304.0,LNI204,-6.219023983354395,106.80084093733171,19.9644
304.0,BTK702,-6.266,106.8875797580862,0.0
304.0,CTV855,-6.125,106.655,0.0
305.0,SD05,-6.163530203899905,106.71921917717121,19.9644
305.0,LNI204,-6.21879340316372,106.80094977008406,19.9644
305.0,BTK702,-6.266,106.88697469760776,0.0
305.0,CTV855,-6.125,106.655,0.0
306.0,SD05,-6.163662225305925,106.71943825807362,19.9644
306.0,LNI204,-6.2185628229507595,106.80105860274091,19.9644
306.0,BTK702,-6.266,106.88637913675798,0.8001
306.0,CTV855,-6.125,106.65500949709116,0.8001
307.0,SD05,-6.16379424662252,106.71965733908506,19.9644
307.0,LNI204,-6.21833224271551,106.80116743530222,19.9644
307.0,BTK702,-6.266,106.88580167043888,3.1242
307.0,CTV855,-6.125,106.65503708387979,3.1242
308.0,SD05,-6.163926267849689,106.71987642020554,19.9644
308.0,LNI204,-6.218099805184188,106.80127200608645,19.9644
308.0,BTK702,-6.266,106.88524229865045,6.9723
308.0,CTV855,-6.125,106.65508276036589,6.9723
309.0,SD05,-6.164058288987429,106.72009550143505,19.9644
309.0,LNI204,-6.217855379187505,106.80134305169247,19.9644
309.0,BTK702,-6.266,106.8847010213927,12.3444
309.0,CTV855,-6.125,106.65514652654944,12.3444
310.0,SD05,-6.164190310035739,106.7203145827736,19.9644
310.0,LNI204,-6.217602778093906,106.80137364580074,19.9644
310.0,BTK702,-6.266,106.88417783866562,19.9644
310.0,CTV855,-6.125,106.65522838243047,19.9644
311.0,SD05,-6.164322330994617,106.72053366422118,19.9644
311.0,LNI204,-6.217348573113556,106.8013629925694,19.9644
311.0,BTK702,-6.265978664451086,106.8836733479475,19.9644
311.0,CTV855,-6.125022530564358,106.65532500370739,19.9644
312.0,SD05,-6.16445435186406,106.72075274577782,19.9644
312.0,LNI204,-6.217098152756839,106.80131666325917,19.9644
312.0,BTK702,-6.265917848835841,106.88319036021478,19.9644
312.0,CTV855,-6.125081494613002,106.6554269836425,19.9644
313.0,SD05,-6.164586372644066,106.72097182744349,19.9644
313.0,LNI204,-6.216848580678572,106.80126550399399,19.9644
313.0,BTK702,-6.265819280655537,106.88273119910697,19.9644
313.0,CTV855,-6.1251516643755535,106.65554338604207,19.9644
314.0,SD05,-6.164718393334632,106.72119090921822,19.9644
314.0,LNI204,-6.216599008595385,106.80121434477738,19.9644
314.0,BTK702,-6.265681783278442,106.88228649345893,19.9644
314.0,CTV855,-6.125231158993277,106.65567525723603,19.9644
315.0,SD05,-6.164850413935759,106.721409991102,19.9644
315.0,LNI204,-6.216349436507282,106.8011631856093,19.9644
315.0,BTK702,-6.265505622752207,106.88185580818406,19.9644
315.0,CTV855,-6.125319978454862,106.65582259723818,19.9644
316.0,SD05,-6.164982434447444,106.72162907309483,19.9644
316.0,LNI204,-6.216099864414261,106.80111202648976,19.9644
316.0,BTK702,-6.265292187450835,106.88144253766282,19.9644
316.0,CTV855,-6.125418122747668,106.65598540606398,19.9644
317.0,SD05,-6.165114454869685,106.72184815519671,19.9644
317.0,LNI204,-6.215850292316323,106.80106086741877,19.9644
317.0,BTK702,-6.265050144317572,106.8810453884924,19.9644
317.0,CTV855,-6.125525591857726,106.65616368373051,19.9644
318.0,SD05,-6.16524647520248,106.72206723740767,19.9644
318.0,LNI204,-6.215600720213468,106.80100970839632,19.9644
318.0,BTK702,-6.264805778942662,106.88064965626523,19.9644
318.0,CTV855,-6.12564238576974,106.65635743025642,19.9644
319.0,SD05,-6.165378495445825,106.72228631972767,19.9644
319.0,LNI204,-6.215351148105697,106.80095854942243,19.9644
319.0,BTK702,-6.264561413271261,106.88025392440863,19.9644
319.0,CTV855,-6.1257685044670795,106.65656664566204,19.9644
320.0,SD05,-6.165510515599721,106.72250540215674,19.9644
320.0,LNI204,-6.215101575993008,106.80090739049706,19.9644
320.0,BTK702,-6.264317047303383,106.87985819292261,19.9644
320.0,CTV855,-6.125903947931785,106.65679132996928,19.9644
321.0,SD05,-6.165642535664165,106.72272448469488,19.9644
321.0,LNI204,-6.214852003875403,106.80085623162023,19.9644
321.0,BTK702,-6.264072681039035,106.87946246180712,19.9644
321.0,CTV855,-6.126048716144567,106.65703148320168,19.9644
322.0,SD05,-6.165774555639154,106.72294356734209,19.9644
322.0,LNI204,-6.2146024317528825,106.80080507279193,19.9644
322.0,BTK702,-6.263828314478232,106.87906673106217,19.9644
322.0,CTV855,-6.126202809084804,106.65728710538444,19.9644
323.0,SD05,-6.165906575524686,106.72316265009836,19.9644
323.0,LNI204,-6.214352859625447,106.80075391401218,19.9644
323.0,BTK702,-6.263583947620985,106.87867100068775,19.9644
323.0,CTV855,-6.126366226730549,106.65755819654436,19.9644
324.0,SD05,-6.166038595320761,106.7233817329637,19.9644
324.0,LNI204,-6.214103287493094,106.80070275528092,19.9644
324.0,BTK702,-6.263339580467306,106.87827527068382,19.9644
324.0,CTV855,-6.126538969058517,106.65784475670982,19.9644
325.0,SD05,-6.166170615027376,106.72360081593813,19.9644
325.0,LNI204,-6.213853715355826,106.80065159659821,19.9644
325.0,BTK702,-6.263095213017206,106.87787954105038,19.9644
325.0,CTV855,-6.126721036044102,106.65814678591089,19.9644
326.0,SD05,-6.166302634644527,106.72381989902163,19.9644
326.0,LNI204,-6.213604143213645,106.80060043796402,19.9644
326.0,BTK702,-6.2628508452707,106.8774838117874,19.9644
326.0,CTV855,-6.126911577559455,106.65846287394976,19.9644
327.0,SD05,-6.166434654172216,106.72403898221422,19.9644
327.0,LNI204,-6.213354571066547,106.80054927937837,19.9644
327.0,BTK702,-6.262606477227798,106.8770880828949,19.9644
327.0,CTV855,-6.12710364419495,106.65878149253919,19.9644
328.0,SD05,-6.166566673610437,106.72425806551588,19.9644
328.0,LNI204,-6.213104998914532,106.80049812084123,19.9644
328.0,BTK702,-6.262362108888511,106.87669235437282,19.9644
328.0,CTV855,-6.127295710642406,106.65910011135792,19.9644
329.0,SD05,-6.166698692959192,106.72447714892662,19.9644
329.0,LNI204,-6.212855426757604,106.80044696235262,19.9644
329.0,BTK702,-6.262117740252854,106.87629662622119,19.9644
329.0,CTV855,-6.127487776901818,106.65941873040597,19.9644
330.0,SD05,-6.166830712218476,106.72469623244645,19.9644
330.0,LNI204,-6.21260585459576,106.80039580391252,19.9644
330.0,BTK702,-6.261873371320834,106.87590089843998,19.9644
330.0,CTV855,-6.127679842973179,106.65973734968335,19.9644
331.0,SD05,-6.1669627313882875,106.72491531607537,19.9644
331.0,LNI204,-6.2123562824290035,106.80034464552094,19.9644
331.0,BTK702,-6.261629002092466,106.87550517102916,19.9644
331.0,CTV855,-6.127871908856483,106.66005596919005,19.9644
332.0,SD05,-6.1670947504686255,106.72513439981338,19.9644
332.0,LNI204,-6.212106710257334,106.80029348717787,19.9644
332.0,BTK702,-6.261384632567762,106.87510944398872,19.9644
332.0,CTV855,-6.128063974551725,106.66037458892612,19.9644
333.0,SD05,-6.167226769459488,106.7253534836605,19.9644
333.0,LNI204,-6.21185713808075,106.8002423288833,19.9644
333.0,BTK702,-6.261140262746734,106.87471371731866,19.9644
333.0,CTV855,-6.128256040058897,106.66069320889153,19.9644
334.0,SD05,-6.167358788360872,106.72557256761671,19.9644
334.0,LNI204,-6.211607565899251,106.80019117063725,19.9644
334.0,BTK702,-6.260895892629393,106.87431799101896,19.9644
334.0,CTV855,-6.128448105377993,106.66101182908629,19.9644
335.0,SD05,-6.167490807172775,106.725791651682,19.9644
335.0,LNI204,-6.21135799371284,106.8001400124397,19.9644
335.0,BTK702,-6.260651522215746,106.8739222650896,19.9644
335.0,CTV855,-6.1286401705090086,106.66133044951042,19.9644
336.0,SD05,-6.167622825895198,106.72601073585639,19.9644
336.0,LNI204,-6.211108421521514,106.80008885429065,19.9644
336.0,BTK702,-6.260407151505818,106.87352653953057,19.9644
336.0,CTV855,-6.128832235451937,106.6616490701639,19.9644
337.0,SD05,-6.167754844528136,106.7262298201399,19.9644
337.0,LNI204,-6.210858849325277,106.80003769619012,19.9644
337.0,BTK702,-6.260162780499611,106.87313081434186,19.9644
337.0,CTV855,-6.129024300206773,106.66196769104677,19.9644
338.0,SD05,-6.167886863071589,106.72644890453252,19.9644
338.0,LNI204,-6.210609277124125,106.79998653813809,19.9644
338.0,BTK702,-6.25991840919714,106.87273508952346,19.9644
338.0,CTV855,-6.129216364773509,106.66228631215903,19.9644
339.0,SD05,-6.168018881525554,106.72666798903424,19.9644
339.0,LNI204,-6.210359704918062,106.79993538013456,19.9644
339.0,BTK702,-6.2596740375984155,106.87233936507535,19.9644
339.0,CTV855,-6.129408429152139,106.66260493350067,19.9644
340.0,SD05,-6.168150899890028,106.72688707364506,19.9644
340.0,LNI204,-6.210110132707086,106.79988422217951,19.9644
340.0,BTK702,-6.2594296657034505,106.87194364099749,19.9644
340.0,CTV855,-6.1296004933426556,106.66292355507173,19.9644
341.0,SD05,-6.16828291816501,106.72710615836502,19.9644
341.0,LNI204,-6.209860560491197,106.79983306427299,19.9644
341.0,BTK702,-6.259185293512256,106.87154791728989,19.9644
341.0,CTV855,-6.129792557345056,106.66324217687219,19.9644
342.0,SD05,-6.1684149363505,106.72732524319406,19.9644
342.0,LNI204,-6.209610988270397,106.79978190641495,19.9644
342.0,BTK702,-6.258940921024843,106.87115219395254,19.9644
342.0,CTV855,-6.129984621159334,106.66356079890205,19.9644
343.0,SD05,-6.1685469544464935,106.72754432813224,19.9644
343.0,LNI204,-6.209361416044684,106.79973074860538,19.9644
343.0,BTK702,-6.258696548241225,106.87075647098541,19.9644
343.0,CTV855,-6.130176684785482,106.66387942116134,19.9644
344.0,SD05,-6.168678972452988,106.72776341317953,19.9644
344.0,LNI204,-6.2091118438140604,106.79967959084432,19.9644
344.0,BTK702,-6.258452175161414,106.87036074838849,19.9644
344.0,CTV855,-6.130368748223494,106.66419804365006,19.9644
345.0,SD05,-6.168810990369985,106.72798249833593,19.9644
345.0,LNI204,-6.208862271578525,106.79962843313176,19.9644
345.0,BTK702,-6.2582078017854235,106.86996502616178,19.9644
345.0,CTV855,-6.130560811473364,106.66451666636823,19.9644
346.0,SD05,-6.168943008197478,106.72820158360148,19.9644
346.0,LNI204,-6.208612699338078,106.79957727546767,19.9644
346.0,BTK702,-6.257963428113262,106.86956930430524,19.9644
346.0,CTV855,-6.130752874535085,106.66483528931583,19.9644
347.0,SD05,-6.169075025935469,106.72842066897616,19.9644
347.0,LNI204,-6.20836312709272,106.79952611785207,19.9644
347.0,BTK702,-6.2577190541449434,106.86917358281889,19.9644
347.0,CTV855,-6.130944937408653,106.66515391249287,19.9644
348.0,SD05,-6.169207043583954,106.72863975445993,19.9644
348.0,LNI204,-6.20811355484245,106.79947496028494,19.9644
348.0,BTK702,-6.257474679880478,106.86877786170268,19.9644
348.0,CTV855,-6.131137000094061,106.66547253589937,19.9644
349.0,SD05,-6.1693390611429315,106.72885884005284,19.9644
349.0,LNI204,-6.207863982587271,106.7994238027663,19.9644
349.0,BTK702,-6.2572303053198794,106.86838214095661,19.9644
349.0,CTV855,-6.131329062591302,106.66579115953533,19.9644
350.0,SD05,-6.169471078612399,106.72907792575488,19.9644
350.0,LNI204,-6.207614410327181,106.79937264529612,19.9644
350.0,BTK702,-6.2569859304631565,106.86798642058068,19.9644
350.0,CTV855,-6.131521124900372,106.66610978340076,19.9644
351.0,SD05,-6.169603095992355,106.72929701156606,19.9644
351.0,LNI204,-6.207364838062181,106.79932148787444,19.9644
351.0,BTK702,-6.2567415553103265,106.86759070057487,19.9644
351.0,CTV855,-6.131713187021262,106.66642840749567,19.9644
352.0,SD05,-6.169735113282798,106.72951609748638,19.9644
352.0,LNI204,-6.20711526579227,106.79927033050123,19.9644
352.0,BTK702,-6.256497179861398,106.86719498093913,19.9644
352.0,CTV855,-6.131905248953968,106.66674703182007,19.9644
353.0,SD05,-6.169867130483722,106.72973518351584,19.9644
353.0,LNI204,-6.206865693517449,106.79921917317648,19.9644
353.0,BTK702,-6.256252804116384,106.86679926167349,19.9644
353.0,CTV855,-6.132097310698483,106.66706565637396,19.9644
354.0,SD05,-6.169999147595133,106.72995426965444,19.9644
354.0,LNI204,-6.20661612123772,106.79916801590021,19.9644
354.0,BTK702,-6.256008428075295,106.86640354277792,19.9644
354.0,CTV855,-6.132289372254801,106.66738428115734,19.9644
355.0,SD05,-6.17013116461702,106.73017335590218,19.9644
355.0,LNI204,-6.20636654895308,106.79911685867239,19.9644
355.0,BTK702,-6.255764051738144,106.8660078242524,19.9644
355.0,CTV855,-6.132481433622917,106.66770290617023,19.9644
356.0,SD05,-6.170263181549393,106.73039244225907,19.9644
356.0,LNI204,-6.206116976663533,106.79906570149305,19.9644
356.0,BTK702,-6.255519675104942,106.86561210609692,19.9644
356.0,CTV855,-6.132673494802824,106.66802153141265,19.9644
357.0,SD05,-6.170395198392237,106.73061152872515,19.9644
357.0,LNI204,-6.205867404369076,106.79901454436217,19.9644
357.0,BTK702,-6.255275298175703,106.86521638831147,19.9644
357.0,CTV855,-6.132865555794516,106.66834015688458,19.9644
358.0,SD05,-6.170527215145553,106.73083061530036,19.9644
358.0,LNI204,-6.205617832069708,106.79896338727976,19.9644
358.0,BTK702,-6.2550309209504364,106.86482067089601,19.9644
358.0,CTV855,-6.133057616597987,106.66865878258604,19.9644
359.0,SD05,-6.17065923180934,106.73104970198472,19.9644
359.0,LNI204,-6.205368259765433,106.7989122302458,19.9644
359.0,BTK702,-6.254786543429155,106.86442495385054,19.9644
359.0,CTV855,-6.1332496772132306,106.66897740851704,19.9644
360.0,SD05,-6.170791248383599,106.73126878877822,19.9644
360.0,LNI204,-6.205118687456249,106.79886107326031,19.9644
360.0,BTK702,-6.254542165611871,106.8640292371751,19.9644
360.0,CTV855,-6.133441737640241,106.66929603467757,19.9644
361.0,SD05,-6.17092326486833,106.73148787568091,19.9644
361.0,LNI204,-6.204869115142156,106.79880991632326,19.9644
361.0,BTK702,-6.254297787498596,106.86363352086961,19.9644
361.0,CTV855,-6.133633797879012,106.66961466106765,19.9644
362.0,SD05,-6.171055281263532,106.73170696269274,19.9644
362.0,LNI204,-6.204619542823156,106.79875875943468,19.9644
362.0,BTK702,-6.254053409089343,106.86323780493406,19.9644
362.0,CTV855,-6.133825857929539,106.6699332876873,19.9644
363.0,SD05,-6.171187297569191,106.73192604981375,19.9644
363.0,LNI204,-6.204369970499248,106.79870760259453,19.9644
363.0,BTK702,-6.253809030384121,106.86284208936847,19.9644
363.0,CTV855,-6.134017917791813,106.67025191453652,19.9644
364.0,SD05,-6.171319313785319,106.73214513704391,19.9644
364.0,LNI204,-6.204120398170431,106.79865644580285,19.9644
364.0,BTK702,-6.253564651382947,106.86244637417278,19.9644
364.0,CTV855,-6.13420997746583,106.67057054161529,19.9644
365.0,SD05,-6.1714513299119025,106.73236422438325,19.9644
365.0,LNI204,-6.203870825836708,106.79860528905961,19.9644
365.0,BTK702,-6.2533202720858245,106.86205065934702,19.9644
365.0,CTV855,-6.134402036951583,106.67088916892365,19.9644
366.0,SD05,-6.171583345948947,106.73258331183175,19.9644
366.0,LNI204,-6.203621253498077,106.79855413236481,19.9644
366.0,BTK702,-6.253075892492774,106.86165494489113,19.9644
366.0,CTV855,-6.134594096249067,106.6712077964616,19.9644
367.0,SD05,-6.171715361896449,106.73280239938943,19.9644
367.0,LNI204,-6.203371681154539,106.79850297571846,19.9644
367.0,BTK702,-6.252831512603805,106.86125923080515,19.9644
367.0,CTV855,-6.134786155358274,106.67152642422914,19.9644
368.0,SD05,-6.171847377754404,106.73302148705628,19.9644
368.0,LNI204,-6.2031221088060935,106.79845181912057,19.9644
368.0,BTK702,-6.252587132418928,106.86086351708902,19.9644
368.0,CTV855,-6.134978214279201,106.67184505222629,19.9644
369.0,SD05,-6.171979393522813,106.73324057483231,19.9644
369.0,LNI204,-6.202872536452741,106.79840066257113,19.9644
369.0,BTK702,-6.252342751938156,106.86046780374272,19.9644
369.0,CTV855,-6.135170273011834,106.67216368045304,19.9644
370.0,SD05,-6.172111409201673,106.73345966271752,19.9644
370.0,LNI204,-6.202622964094483,106.7983495060701,19.9644
370.0,BTK702,-6.252098371161499,106.8600720907663,19.9644
370.0,CTV855,-6.135362331556173,106.6724823089094,19.9644
371.0,SD05,-6.172243424790983,106.73367875071192,19.9644
371.0,LNI204,-6.202373391731318,106.79829834961751,19.9644
371.0,BTK702,-6.2518539900889705,106.85967637815969,19.9644
371.0,CTV855,-6.135554389912219,106.67280093759538,19.9644
372.0,SD05,-6.172375440290736,106.7338978388155,19.9644
372.0,LNI204,-6.202123819363247,106.79824719321336,19.9644
372.0,BTK702,-6.251609608720584,106.85928066592288,19.9644
372.0,CTV855,-6.1357464480799555,106.67311956651102,19.9644
373.0,SD05,-6.172507455700938,106.73411692702825,19.9644
373.0,LNI204,-6.201874246990269,106.79819603685763,19.9644
373.0,BTK702,-6.251365227056348,106.85888495405587,19.9644
373.0,CTV855,-6.135938506059381,106.67343819565625,19.9644
374.0,SD05,-6.172639471021579,106.73433601535021,19.9644
374.0,LNI204,-6.201624674612386,106.79814488055035,19.9644
374.0,BTK702,-6.251120845096277,106.85848924255863,19.9644
374.0,CTV855,-6.136130563850487,106.67375682503112,19.9644
375.0,SD05,-6.172771486252663,106.73455510378136,19.9644
375.0,LNI204,-6.201375102229598,106.7980937242915,19.9644
375.0,BTK702,-6.250876462840382,106.85809353143117,19.9644
375.0,CTV855,-6.136322621453269,106.67407545463564,19.9644
376.0,SD05,-6.172903501394186,106.73477419232171,19.9644
376.0,LNI204,-6.201125529841904,106.79804256808107,19.9644
376.0,BTK702,-6.250632080288675,106.85769782067345,19.9644
376.0,CTV855,-6.13651467886772,106.67439408446985,19.9644
377.0,SD05,-6.173035516446147,106.73499328097124,19.9644
377.0,LNI204,-6.200875957449305,106.79799141191906,19.9644
377.0,BTK702,-6.250387697441166,106.85730211028547,19.9644
377.0,CTV855,-6.136706736093836,106.67471271453373,19.9644
378.0,SD05,-6.1731675314085415,106.73521236972996,19.9644
378.0,LNI204,-6.200626385051799,106.79794025580547,19.9644
378.0,BTK702,-6.25014331429787,106.8569064002672,19.9644
378.0,CTV855,-6.136898793131608,106.67503134482726,19.9644
379.0,SD05,-6.17329954628137,106.7354314585979,19.9644
379.0,LNI204,-6.20037681264939,106.79788909974033,19.9644
379.0,BTK702,-6.249898930858797,106.85651069061862,19.9644
379.0,CTV855,-6.13709084998103,106.67534997535049,19.9644
380.0,SD05,-6.173431561064629,106.73565054757505,19.9644
380.0,LNI204,-6.200127240242075,106.7978379437236,19.9644
380.0,BTK702,-6.249654547123959,106.8561149813398,19.9644
380.0,CTV855,-6.137282906642099,106.67566860610339,19.9644
381.0,SD05,-6.173563575758316,106.73586963666139,19.9644
381.0,LNI204,-6.199879866971367,106.79777764356882,19.9644
381.0,BTK702,-6.249410163093369,106.85571927243063,19.9644
381.0,CTV855,-6.137474963114807,106.67598723708599,19.9644
382.0,SD05,-6.173695590362432,106.73608872585694,19.9644
382.0,LNI204,-6.199644618558418,106.79768016880482,19.9644
382.0,BTK702,-6.249165778767039,106.85532356389106,19.9644
382.0,CTV855,-6.137667019399148,106.67630586829829,19.9644
383.0,SD05,-6.173827604876972,106.7363078151617,19.9644
383.0,LNI204,-6.199428008805466,106.79754592004458,19.9644
383.0,BTK702,-6.24892139414498,106.85492785572126,19.9644
383.0,CTV855,-6.137859075495116,106.6766244997403,19.9644
384.0,SD05,-6.173959619301935,106.73652690457568,19.9644
384.0,LNI204,-6.199235672637481,106.7973783896825,19.9644
384.0,BTK702,-6.2486770092272055,106.85453214792098,19.9644
384.0,CTV855,-6.138051131402704,106.67694313141203,19.9644
385.0,SD05,-6.174091633637319,106.73674599409888,19.9644
385.0,LNI204,-6.1990726135220395,106.7971819358976,19.9644
385.0,BTK702,-6.248432624013726,106.85413644049042,19.9644
385.0,CTV855,-6.1382431871219065,106.67726176331348,19.9644
386.0,SD05,-6.174223647883123,106.73696508373128,19.9644
386.0,LNI204,-6.19894307330822,106.79696166927842,19.9644
386.0,BTK702,-6.248188238504554,106.85374073342935,19.9644
386.0,CTV855,-6.138435242652718,106.67758039544465,19.9644
387.0,SD05,-6.174355662039344,106.7371841734729,19.9644
387.0,LNI204,-6.198847758069463,106.79672424346171,19.9644
387.0,BTK702,-6.247943852699699,106.853345026738,19.9644
387.0,CTV855,-6.138627297995132,106.67789902780557,19.9644
388.0,SD05,-6.174487676105979,106.73740326332374,19.9644
388.0,LNI204,-6.198759975593656,106.79648374100827,19.9644
388.0,BTK702,-6.247699466599175,106.85294932041617,19.9644
388.0,CTV855,-6.138819353149143,106.67821766039621,19.9644
389.0,SD05,-6.17461969008303,106.73762235328383,19.9644
389.0,LNI204,-6.19867219300946,106.79624323863486,19.9644
389.0,BTK702,-6.247455080202995,106.85255361446383,19.9644
389.0,CTV855,-6.139011408114742,106.67853629321662,19.9644
390.0,SD05,-6.17475170397049,106.73784144335312,19.9644
390.0,LNI204,-6.198584410316877,106.79600273634152,19.9644
390.0,BTK702,-6.247210693511168,106.8521579088811,19.9644
390.0,CTV855,-6.139203462891928,106.6788549262668,19.9644
391.0,SD05,-6.17488371776836,106.73806053353165,19.9644
391.0,LNI204,-6.198496627515905,106.79576223412822,19.9644
391.0,BTK702,-6.246966306523708,106.851762203668,19.9644
391.0,CTV855,-6.139395517480691,106.67917355954673,19.9644
392.0,SD05,-6.175015731476637,106.73827962381941,19.9644
392.0,LNI204,-6.198408844606551,106.79552173199497,19.9644
392.0,BTK702,-6.2467219192406285,106.85136649882439,19.9644
392.0,CTV855,-6.139587571881027,106.67949219305643,19.9644
393.0,SD05,-6.175147745095319,106.7384987142164,19.9644
393.0,LNI204,-6.19832106158881,106.79528122994176,19.9644
393.0,BTK702,-6.246477531661939,106.85097079435026,19.9644
393.0,CTV855,-6.139779626092928,106.67981082679592,19.9644
394.0,SD05,-6.175279758624405,106.73871780472264,19.9644
394.0,LNI204,-6.198233278462689,106.79504072796858,19.9644
394.0,BTK702,-6.246233143787646,106.85057509024561,19.9644
394.0,CTV855,-6.139971680116389,106.68012946076519,19.9644
395.0,SD05,-6.175411772063893,106.73893689533811,19.9644
395.0,LNI204,-6.198145495228187,106.79480022607547,19.9644
395.0,BTK702,-6.245988755617767,106.85017938651045,19.9644
395.0,CTV855,-6.140163733951404,106.68044809496426,19.9644
396.0,SD05,-6.17554378541378,106.73915598606283,19.9644
396.0,LNI204,-6.198057711885304,106.7945597242624,19.9644
396.0,BTK702,-6.24574436715232,106.84978368314476,19.9644
396.0,CTV855,-6.140355787597968,106.68076672939311,19.9644
397.0,SD05,-6.175675798674064,106.73937507689678,19.9644
397.0,LNI204,-6.197969928434043,106.79431922252934,19.9644
397.0,BTK702,-6.245499978391312,106.84938798014856,19.9644
397.0,CTV855,-6.1405478410560725,106.68108536405177,19.9644
398.0,SD05,-6.175807811844743,106.73959416783998,19.9644
398.0,LNI204,-6.197882144874406,106.79407872087636,19.9644
398.0,BTK702,-6.245255589334751,106.84899227752173,19.9644
398.0,CTV855,-6.140739894325715,106.68140399894027,19.9644
399.0,SD05,-6.175939824925816,106.73981325889243,19.9644
399.0,LNI204,-6.197794361206394,106.7938382193034,19.9644
399.0,BTK702,-6.2450111999826525,106.84859657526421,19.9644
399.0,CTV855,-6.140931947406886,106.68172263405859,19.9644
400.0,SD05,-6.176071837917281,106.74003235005414,19.9644
400.0,LNI204,-6.197706577430008,106.79359771781047,19.9644
400.0,BTK702,-6.244766810335029,106.84820087337617,19.9644
400.0,CTV855,-6.14112400029958,106.68204126940672,19.9644
401.0,SD05,-6.176203850819134,106.74025144132507,19.9644
401.0,LNI204,-6.197618793545251,106.7933572163976,19.9644
401.0,BTK702,-6.24452242039189,106.84780517185762,19.9644
401.0,CTV855,-6.141316053003791,106.68235990498471,19.9644
402.0,SD05,-6.176335863631375,106.74047053270529,19.9644
402.0,LNI204,-6.197531009552119,106.79311671506473,19.9644
402.0,BTK702,-6.244278030153248,106.84740947070827,19.9644
402.0,CTV855,-6.141508105519514,106.68267854079254,19.9644
403.0,SD05,-6.176467876354002,106.74068962419476,19.9644
403.0,LNI204,-6.197443225450618,106.79287621381194,19.9644
403.0,BTK702,-6.244033639619118,106.8470137699284,19.9644
403.0,CTV855,-6.141700157846741,106.68299717683021,19.9644
404.0,SD05,-6.176599888987014,106.74090871579347,19.9644
404.0,LNI204,-6.197355441240752,106.79263571263915,19.9644
404.0,BTK702,-6.243789248789509,106.8466180695178,19.9644
404.0,CTV855,-6.141892209985468,106.68331581309776,19.9644
405.0,SD05,-6.176731901530406,106.74112780750144,19.9644
405.0,LNI204,-6.197267656922513,106.7923952115464,19.9644
405.0,BTK702,-6.243544857664433,106.8462223694766,19.9644
405.0,CTV855,-6.142084261935688,106.68363444959516,19.9644
406.0,SD05,-6.176863913984178,106.74134689931869,19.9644
406.0,LNI204,-6.197179872495914,106.79215471053371,19.9644
406.0,BTK702,-6.243300466243901,106.84582666980465,19.9644
406.0,CTV855,-6.142276313697395,106.68395308632245,19.9644
407.0,SD05,-6.176995926348327,106.7415659912452,19.9644
407.0,LNI204,-6.197092087960947,106.791914209601,19.9644
407.0,BTK702,-6.243056074527927,106.84543097050206,19.9644
407.0,CTV855,-6.142468365270583,106.68427172327961,19.9644
408.0,SD05,-6.177127938622852,106.74178508328096,19.9644
408.0,LNI204,-6.197004303317614,106.79167370874838,19.9644
408.0,BTK702,-6.242811682516521,106.84503527156875,19.9644
408.0,CTV855,-6.142660416655245,106.68459036046664,19.9644
409.0,SD05,-6.17725995080775,106.74200417542602,19.9644
409.0,LNI204,-6.196916518565924,106.79143320797574,19.9644
409.0,BTK702,-6.242567290209696,106.84463957300467,19.9644
409.0,CTV855,-6.142852467851376,106.68490899788358,19.9644
410.0,SD05,-6.17739196290302,106.74222326768034,19.9644
410.0,LNI204,-6.1968287337058765,106.79119270728316,19.9644
410.0,BTK702,-6.242322897607464,106.84424387480988,19.9644
410.0,CTV855,-6.14304451885897,106.68522763553042,19.9644
411.0,SD05,-6.177523974908659,106.74244236004395,19.9644
411.0,LNI204,-6.196740948737471,106.7909522066706,19.9644
411.0,BTK702,-6.242078504709838,106.84384817698434,19.9644
411.0,CTV855,-6.143236569678021,106.68554627340718,19.9644
412.0,SD05,-6.177655986824666,106.74266145251683,19.9644
412.0,LNI204,-6.196653163660708,106.79071170613805,19.9644
412.0,BTK702,-6.241834111516827,106.84345247952803,19.9644
412.0,CTV855,-6.143428620308522,106.68586491151385,19.9644
413.0,SD05,-6.17778799865104,106.742880545099,19.9644
413.0,LNI204,-6.1965653784755865,106.79047120568555,19.9644
413.0,BTK702,-6.241589718028446,106.84305678244093,19.9644
413.0,CTV855,-6.143620670750467,106.68618354985044,19.9644
414.0,SD05,-6.177920010387776,106.74309963779044,19.9644
414.0,LNI204,-6.196477593182108,106.79023070531304,19.9644
414.0,BTK702,-6.241345324244706,106.84266108572302,19.9644
414.0,CTV855,-6.14381272100385,106.68650218841697,19.9644
415.0,SD05,-6.178052022034875,106.74331873059117,19.9644
415.0,LNI204,-6.196389807780271,106.7899902050206,19.9644
415.0,BTK702,-6.241100930165618,106.8422653893743,19.9644
415.0,CTV855,-6.1440047710686665,106.68682082721344,19.9644
416.0,SD05,-6.178184033592334,106.74353782350119,19.9644
416.0,LNI204,-6.19630202227008,106.78974970480814,19.9644
416.0,BTK702,-6.240856535791193,106.84186969339476,19.9644
416.0,CTV855,-6.1441968209449085,106.68713946623984,19.9644
417.0,SD05,-6.178316045060151,106.7437569165205,19.9644
417.0,LNI204,-6.196214236651546,106.78950920467574,19.9644
417.0,BTK702,-6.240612141121447,106.84147399778438,19.9644
417.0,CTV855,-6.14438887063257,106.68745810549619,19.9644
418.0,SD05,-6.178448056438323,106.74397600964909,19.9644
418.0,LNI204,-6.196126450924654,106.78926870462332,19.9644
418.0,BTK702,-6.2403677461563865,106.84107830254315,19.9644
418.0,CTV855,-6.144580920131647,106.6877767449825,19.9644
419.0,SD05,-6.178580067726852,106.74419510288698,19.9644
419.0,LNI204,-6.196038665089419,106.78902820465095,19.9644
419.0,BTK702,-6.2401233508960265,106.84068260767107,19.9644
419.0,CTV855,-6.14477296944213,106.6880953846988,19.9644
420.0,SD05,-6.178712078925729,106.74441419623416,19.9644
420.0,LNI204,-6.195950879145831,106.78878770475858,19.9644
420.0,BTK702,-6.239878955340378,106.84028691316806,19.9644
420.0,CTV855,-6.144965018564014,106.68841402464507,19.9644
421.0,SD05,-6.178844090034958,106.74463328969065,19.9644
421.0,LNI204,-6.195863093093901,106.78854720494623,19.9644
421.0,BTK702,-6.2396345594894544,106.83989121903417,19.9644
421.0,CTV855,-6.145157067497295,106.6887326648213,19.9644
422.0,SD05,-6.178976101054534,106.74485238325644,19.9644
422.0,LNI204,-6.1957753069336245,106.7883067052139,19.9644
422.0,BTK702,-6.239390163343268,106.83949552526937,19.9644
422.0,CTV855,-6.145349116241966,106.68905130522754,19.9644
423.0,SD05,-6.179108111984456,106.74507147693153,19.9644
423.0,LNI204,-6.195687520665003,106.78806620556158,19.9644
423.0,BTK702,-6.239145766901828,106.83909983187363,19.9644
423.0,CTV855,-6.145541164798019,106.68936994586376,19.9644
424.0,SD05,-6.179240122824722,106.74529057071594,19.9644
424.0,LNI204,-6.195599734288039,106.78782570598929,19.9644
424.0,BTK702,-6.238901370165143,106.83870413884695,19.9644
424.0,CTV855,-6.145733213165451,106.68968858672999,19.9644
425.0,SD05,-6.17937213357533,106.74550966460964,19.9644
425.0,LNI204,-6.195511947802734,106.787585206497,19.9644
425.0,BTK702,-6.238656973133234,106.8383084461893,19.9644
425.0,CTV855,-6.145925261344255,106.69000722782623,19.9644
426.0,SD05,-6.179504144236279,106.74572875861266,19.9644
426.0,LNI204,-6.195424161209089,106.78734470708476,19.9644
426.0,BTK702,-6.238412575806109,106.8379127539007,19.9644
426.0,CTV855,-6.146117309334423,106.69032586915249,19.9644
427.0,SD05,-6.1796361548075645,106.745947852725,19.9644
427.0,LNI204,-6.1953363745071055,106.78710420775248,19.9644
427.0,BTK702,-6.238168178183778,106.83751706198112,19.9644
427.0,CTV855,-6.1463093571359515,106.69064451070875,19.9644
428.0,SD05,-6.179768165289187,106.74616694694663,19.9644
428.0,LNI204,-6.195248587696784,106.78686370850025,19.9644
428.0,BTK702,-6.237923780266255,106.83712137043051,19.9644
428.0,CTV855,-6.146501404748831,106.69096315249507,19.9644
429.0,SD05,-6.179900175681143,106.7463860412776,19.9644
429.0,LNI204,-6.195160800778126,106.786623209328,19.9644
429.0,BTK702,-6.2376793820535505,106.8367256792489,19.9644
429.0,CTV855,-6.146693452173061,106.69128179451143,19.9644
430.0,SD05,-6.180032185983431,106.74660513571789,19.9644
430.0,LNI204,-6.195073013751132,106.78638271023578,19.9644
430.0,BTK702,-6.237434983545677,106.83632998843628,19.9644
430.0,CTV855,-6.146885499408628,106.69160043675784,19.9644
431.0,SD05,-6.180164196196048,106.74682423026749,19.9644
431.0,LNI204,-6.194985226615804,106.78614221122355,19.9644
431.0,BTK702,-6.237190584742647,106.8359342979926,19.9644
431.0,CTV855,-6.147077546455532,106.69191907923428,19.9644
432.0,SD05,-6.180296206318995,106.74704332492644,19.9644
432.0,LNI204,-6.194897439372143,106.78590171229136,19.9644
432.0,BTK702,-6.236946185644472,106.83553860791785,19.9644
432.0,CTV855,-6.147269593313765,106.69223772194078,19.9644
433.0,SD05,-6.180428216352268,106.74726241969469,19.9644
433.0,LNI204,-6.19480965202015,106.78566121343914,19.9644
433.0,BTK702,-6.236701786251163,106.83514291821204,19.9644
433.0,CTV855,-6.1474616399833195,106.69255636487736,19.9644
434.0,SD05,-6.1805602262958645,106.74748151457227,19.9644
434.0,LNI204,-6.194721864559827,106.78542071466697,19.9644
434.0,BTK702,-6.236457386562735,106.83474722887514,19.9644
434.0,CTV855,-6.147653686464191,106.69287500804401,19.9644
435.0,SD05,-6.180692236149784,106.7477006095592,19.9644
435.0,LNI204,-6.194634076991173,106.78518021597476,19.9644
435.0,BTK702,-6.236212986579197,106.83435153990713,19.9644
435.0,CTV855,-6.147845732756372,106.69319365144077,19.9644
436.0,SD05,-6.180824245914023,106.74791970465546,19.9644
436.0,LNI204,-6.194546289314189,106.78493971736259,19.9644
436.0,BTK702,-6.23596858630056,106.833955851308,19.9644
436.0,CTV855,-6.14803777885986,106.69351229506759,19.9644
437.0,SD05,-6.180956255588581,106.74813879986104,19.9644
437.0,LNI204,-6.194458501528881,106.78469921883038,19.9644
437.0,BTK702,-6.235724185726838,106.83356016307775,19.9644
437.0,CTV855,-6.148229824774644,106.6938309389245,19.9644
438.0,SD05,-6.181088265173455,106.74835789517597,19.9644
438.0,LNI204,-6.194370713635244,106.78445872037821,19.9644
438.0,BTK702,-6.235479784858041,106.83316447521635,19.9644
438.0,CTV855,-6.148421870500721,106.69414958301152,19.9644
439.0,SD05,-6.181220274668644,106.74857699060024,19.9644
439.0,LNI204,-6.194282925633282,106.78421822200602,19.9644
439.0,BTK702,-6.235235383694183,106.83276878772381,19.9644
439.0,CTV855,-6.148613916038085,106.69446822732866,19.9644
440.0,SD05,-6.181352284074144,106.74879608613385,19.9644
440.0,LNI204,-6.194195137522996,106.78397772371385,19.9644
440.0,BTK702,-6.234990982235275,106.83237310060007,19.9644
440.0,CTV855,-6.148805961386728,106.69478687187592,19.9644
441.0,SD05,-6.181484293389955,106.74901518177681,19.9644
441.0,LNI204,-6.194107349304387,106.78373722550165,19.9644
441.0,BTK702,-6.234746580481329,106.83197741384515,19.9644
441.0,CTV855,-6.148998006546646,106.69510551665329,19.9644
442.0,SD05,-6.181616302616075,106.74923427752913,19.9644
442.0,LNI204,-6.1940195609774555,106.78349672736948,19.9644
442.0,BTK702,-6.234502178432357,106.83158172745902,19.9644
442.0,CTV855,-6.149190051517831,106.69542416166081,19.9644
443.0,SD05,-6.181748311752502,106.74945337339078,19.9644
443.0,LNI204,-6.193931772542202,106.78325622931729,19.9644
443.0,BTK702,-6.234257776088371,106.83118604144167,19.9644
443.0,CTV855,-6.149382096300277,106.69574280689844,19.9644
444.0,SD05,-6.181880320799232,106.74967246936178,19.9644
444.0,LNI204,-6.193843983998629,106.7830157313451,19.9644
444.0,BTK702,-6.234013373449382,106.83079035579308,19.9644
444.0,CTV855,-6.14957414089398,106.69606145236627,19.9644
445.0,SD05,-6.182012329756265,106.74989156544216,19.9644
445.0,LNI204,-6.193756195346735,106.78277523345291,19.9644
445.0,BTK702,-6.233768970515402,106.83039467051327,19.9644
445.0,CTV855,-6.149766185298933,106.69638009806418,19.9644
446.0,SD05,-6.182144338623597,106.75011066163188,19.9644
446.0,LNI204,-6.193668406586522,106.78253473564071,19.9644
446.0,BTK702,-6.2335245672864446,106.82999898560219,19.9644
446.0,CTV855,-6.149958229515129,106.69669874399231,19.9644
447.0,SD05,-6.18227634740123,106.75032975793096,19.9644
447.0,LNI204,-6.193580617717993,106.78229423790852,19.9644
447.0,BTK702,-6.23328016376252,106.82960330105983,19.9644
447.0,CTV855,-6.150150273542564,106.6970173901506,19.9644
448.0,SD05,-6.182408356089158,106.7505488543394,19.9644
448.0,LNI204,-6.193492828741147,106.78205374025629,19.9644
448.0,BTK702,-6.2330357599436415,106.8292076168862,19.9644
448.0,CTV855,-6.150342317381228,106.69733603653903,19.9644
449.0,SD05,-6.182540364687379,106.75076795085721,19.9644
449.0,LNI204,-6.1934050396559845,106.7818132426841,19.9644
449.0,BTK702,-6.2327913558298205,106.82881193308124,19.9644
449.0,CTV855,-6.150534361031118,106.69765468315767,19.9644
450.0,SD05,-6.182672373195895,106.7509870474844,19.9644
450.0,LNI204,-6.193317250462508,106.78157274519185,19.9644
450.0,BTK702,-6.232546951421068,106.82841624964496,19.9644
450.0,CTV855,-6.150726404492228,106.69797333000652,19.9644
451.0,SD05,-6.182804381614702,106.75120614422096,19.9644
451.0,LNI204,-6.193229461160716,106.78133224777963,19.9644
451.0,BTK702,-6.2323025467173965,106.82802056657735,19.9644
451.0,CTV855,-6.150918447764551,106.69829197708559,19.9644
452.0,SD05,-6.182936389943796,106.75142524106687,19.9644
452.0,LNI204,-6.193141671750611,106.78109175044739,19.9644
452.0,BTK702,-6.232058141718818,106.82762488387841,19.9644
452.0,CTV855,-6.1511104908480805,106.69861062439487,19.9644
453.0,SD05,-6.183068398183177,106.75164433802216,19.9644
453.0,LNI204,-6.193053882232194,106.78085125319515,19.9644
453.0,BTK702,-6.231813736425344,106.8272292015481,19.9644
453.0,CTV855,-6.151302533742811,106.69892927193438,19.9644
454.0,SD05,-6.183200406332841,106.75186343508683,19.9644
454.0,LNI204,-6.192966092605465,106.7806107560229,19.9644
454.0,BTK702,-6.231569330836989,106.82683351958642,19.9644
454.0,CTV855,-6.151494576448737,106.69924791970409,19.9644
455.0,SD05,-6.183332414392789,106.75208253226087,19.9644
455.0,LNI204,-6.192878302870423,106.78037025893062,19.9644
455.0,BTK702,-6.23132492495376,106.82643783799334,19.9644
455.0,CTV855,-6.151686618965852,106.69956656770403,19.9644
456.0,SD05,-6.183464422363017,106.7523016295443,19.9644
456.0,LNI204,-6.192790513027072,106.78012976191835,19.9644
456.0,BTK702,-6.2310805187756735,106.82604215676885,19.9644
456.0,CTV855,-6.151878661294149,106.69988521593417,19.9644
457.0,SD05,-6.183596430243524,106.75252072693712,19.9644
457.0,LNI204,-6.19270272307541,106.77988926498602,19.9644
457.0,BTK702,-6.230836112302738,106.82564647591295,19.9644
457.0,CTV855,-6.15207070343362,106.70020386439454,19.9644
458.0,SD05,-6.183728438034308,106.75273982443932,19.9644
458.0,LNI204,-6.192614933015438,106.77964876813374,19.9644
458.0,BTK702,-6.230591705534968,106.8252507954256,19.9644
458.0,CTV855,-6.152262745384264,106.70052251308512,19.9644
459.0,SD05,-6.183860445735367,106.75295892205091,19.9644
459.0,LNI204,-6.192527142847157,106.7794082713614,19.9644
459.0,BTK702,-6.230347298472373,106.8248551153068,19.9644
459.0,CTV855,-6.152454787146072,106.70084116200596,19.9644
460.0,SD05,-6.183992453346699,106.75317801977188,19.9644
460.0,LNI204,-6.192439352570569,106.77916777466908,19.9644
460.0,BTK702,-6.230102891114968,106.82445943555656,19.9644
460.0,CTV855,-6.152646828719039,106.70115981115711,19.9644
461.0,SD05,-6.184124460868301,106.75339711760225,19.9644
461.0,LNI204,-6.192351562185673,106.77892727805673,19.9644
461.0,BTK702,-6.229858483462762,106.82406375617482,19.9644
461.0,CTV855,-6.152838870103158,106.70147846053848,19.9644
462.0,SD05,-6.1842564683001715,106.75361621554201,19.9644
462.0,LNI204,-6.192263771692469,106.77868678152434,19.9644
462.0,BTK702,-6.229614075515768,106.8236680771616,19.9644
462.0,CTV855,-6.153030911298424,106.70179711015015,19.9644
463.0,SD05,-6.184388475642309,106.75383531359115,19.9644
463.0,LNI204,-6.192175981090956,106.77844628507196,19.9644
463.0,BTK702,-6.229369667273998,106.82327239851688,19.9644
463.0,CTV855,-6.15322295230483,106.7021157599921,19.9644
464.0,SD05,-6.184520482894713,106.75405441174972,19.9644
464.0,LNI204,-6.192088190381135,106.77820578869954,19.9644
464.0,BTK702,-6.229125258737462,106.82287672024063,19.9644
464.0,CTV855,-6.153414993122369,106.70243441006434,19.9644
465.0,SD05,-6.184652490057378,106.7542735100177,19.9644
465.0,LNI204,-6.192000399563008,106.77796529240713,19.9644
465.0,BTK702,-6.228880849906176,106.82248104233284,19.9644
465.0,CTV855,-6.153607033751037,106.70275306036686,19.9644
466.0,SD05,-6.184784497130304,106.75449260839504,19.9644
466.0,LNI204,-6.191912608636574,106.77772479619469,19.9644
466.0,BTK702,-6.22863644078015,106.82208536479351,19.9644
466.0,CTV855,-6.153799074190826,106.70307171089972,19.9644
467.0,SD05,-6.184916504113488,106.7547117068818,19.9644
467.0,LNI204,-6.191824817601836,106.77748430006221,19.9644
467.0,BTK702,-6.228392031359394,106.8216896876226,19.9644
467.0,CTV855,-6.15399111444173,106.70339036166287,19.9644
468.0,SD05,-6.185048511006931,106.754930805478,19.9644
468.0,LNI204,-6.19173702645879,106.77724380400974,19.9644
468.0,BTK702,-6.228147621643921,106.82129401082013,19.9644
468.0,CTV855,-6.1541831545037455,106.70370901265632,19.9644
469.0,SD05,-6.185180517810627,106.75514990418361,19.9644
469.0,LNI204,-6.191649235207435,106.77700330803722,19.9644
469.0,BTK702,-6.227903211633744,106.82089833438606,19.9644
469.0,CTV855,-6.154375194376863,106.70402766388013,19.9644
470.0,SD05,-6.185312524524577,106.75536900299865,19.9644
470.0,LNI204,-6.191561443847772,106.77676281214471,19.9644
470.0,BTK702,-6.227658801328873,106.82050265832038,19.9644
470.0,CTV855,-6.154567234061079,106.70434631533426,19.9644
471.0,SD05,-6.185444531148778,106.75558810192304,19.9644
471.0,LNI204,-6.191473652379802,106.77652231633216,19.9644
471.0,BTK702,-6.227414390729323,106.82010698262309,19.9644
471.0,CTV855,-6.154759273556386,106.70466496701873,19.9644
472.0,SD05,-6.185576537683228,106.75580720095685,19.9644
472.0,LNI204,-6.191385860803526,106.77628182059959,19.9644
472.0,BTK702,-6.227169979835103,106.81971130729414,19.9644
472.0,CTV855,-6.15495131286278,106.70498361893355,19.9644
473.0,SD05,-6.185708544127924,106.75602630010009,19.9644
473.0,LNI204,-6.19129806911894,106.77604132494702,19.9644
473.0,BTK702,-6.226925568646227,106.81931563233354,19.9644
473.0,CTV855,-6.155143351980252,106.70530227107872,19.9644
474.0,SD05,-6.185840550482865,106.75624539935275,19.9644
474.0,LNI204,-6.191210277326044,106.77580082937439,19.9644
474.0,BTK702,-6.226681157162706,106.81891995774129,19.9644
474.0,CTV855,-6.155335390908797,106.70562092345426,19.9644
475.0,SD05,-6.185972556748051,106.75646449871483,19.9644
475.0,LNI204,-6.191122485424838,106.77556033388177,19.9644
475.0,BTK702,-6.226436745384551,106.81852428351735,19.9644
475.0,CTV855,-6.1555274296484095,106.70593957606016,19.9644
476.0,SD05,-6.186104562923477,106.75668359818634,19.9644
476.0,LNI204,-6.191034693415322,106.77531983846912,19.9644
476.0,BTK702,-6.226192333311774,106.81812860966171,19.9644
476.0,CTV855,-6.1557194681990826,106.70625822889644,19.9644
477.0,SD05,-6.186236569009142,106.7569026977673,19.9644
477.0,LNI204,-6.190946901297492,106.77507934313644,19.9644
477.0,BTK702,-6.225947920944387,106.81773293617437,19.9644
477.0,CTV855,-6.15591150656081,106.70657688196312,19.9644
478.0,SD05,-6.186368575005043,106.75712179745773,19.9644
478.0,LNI204,-6.19085910907135,106.77483884788376,19.9644
478.0,BTK702,-6.225703508282403,106.81733726305531,19.9644
478.0,CTV855,-6.156103544733587,106.70689553526019,19.9644
479.0,SD05,-6.1865005809111775,106.75734089725758,19.9644
479.0,LNI204,-6.190771316736891,106.77459835271102,19.9644
479.0,BTK702,-6.225459095325833,106.81694159030451,19.9644
479.0,CTV855,-6.156295582717407,106.70721418878765,19.9644
480.0,SD05,-6.186632586727547,106.75755999716685,19.9644
480.0,LNI204,-6.190683524294114,106.7743578576183,19.9644
480.0,BTK702,-6.22521468207469,106.81654591792196,19.9644
480.0,CTV855,-6.156487620512263,106.70753284254549,19.9644
481.0,SD05,-6.186764592454149,106.75777909718555,19.9644
481.0,LNI204,-6.190595731743017,106.77411736260554,19.9644
481.0,BTK702,-6.224970268528985,106.81615024590764,19.9644
481.0,CTV855,-6.15667965811815,106.70785149653378,19.9644
482.0,SD05,-6.18689659809098,106.75799819731368,19.9644
482.0,LNI204,-6.1905079390835995,106.77387686767275,19.9644
482.0,BTK702,-6.224725854688728,106.81575457426152,19.9644
482.0,CTV855,-6.156871695535061,106.70817015075247,19.9644
483.0,SD05,-6.187028603638038,106.7582172975513,19.9644
483.0,LNI204,-6.190420146315858,106.77363637281996,19.9644
483.0,BTK702,-6.224481440553937,106.81535890298363,19.9644
483.0,CTV855,-6.157063732762991,106.7084888052016,19.9644
484.0,SD05,-6.187160609095321,106.75843639789834,19.9644
484.0,LNI204,-6.190332353439787,106.77339587804713,19.9644
484.0,BTK702,-6.2242370261246105,106.81496323207392,19.9644
484.0,CTV855,-6.1572557698019335,106.70880745988114,19.9644
485.0,SD05,-6.1872926144628275,106.75865549835481,19.9644
485.0,LNI204,-6.190244560455385,106.77315538335431,19.9644
485.0,BTK702,-6.223992611400779,106.8145675615324,19.9644
485.0,CTV855,-6.157447806651877,106.70912611479115,19.9644
486.0,SD05,-6.187424619740556,106.75887459892077,19.9644
486.0,LNI204,-6.190156767362646,106.77291488874144,19.9644
486.0,BTK702,-6.2237481963824415,106.81417189135902,19.9644
486.0,CTV855,-6.1576398433128325,106.7094447699316,19.9644
487.0,SD05,-6.1875566249285034,106.75909369959615,19.9644
487.0,LNI204,-6.190068974161568,106.77267439420856,19.9644
487.0,BTK702,-6.223503781069614,106.8137762215538,19.9644
487.0,CTV855,-6.157831879784776,106.7097634253025,19.9644
488.0,SD05,-6.187688630026668,106.75931280038101,19.9644
488.0,LNI204,-6.189981180852139,106.77243389975568,19.9644
488.0,BTK702,-6.223259365462309,106.81338055211671,19.9644
488.0,CTV855,-6.158023916067705,106.71008208090386,19.9644
489.0,SD05,-6.187820635035048,106.75953190127531,19.9644
489.0,LNI204,-6.189893387434368,106.77219340538277,19.9644
489.0,BTK702,-6.223014949560536,106.81298488304773,19.9644
489.0,CTV855,-6.158215952161617,106.71040073673569,19.9644
490.0,SD05,-6.187952639953641,106.75975100227909,19.9644
490.0,LNI204,-6.189805593908227,106.77195291108987,19.9644
490.0,BTK702,-6.222770533364308,106.81258921434687,19.9644
490.0,CTV855,-6.158407988066506,106.710719392798,19.9644
491.0,SD05,-6.188084644782446,106.7599701033923,19.9644
491.0,LNI204,-6.189717800273719,106.77171241687692,19.9644
491.0,BTK702,-6.222526116873638,106.81219354601407,19.9644
491.0,CTV855,-6.158600023782363,106.7110380490908,19.9644
492.0,SD05,-6.18821664952146,106.760189204615,19.9644
492.0,LNI204,-6.189630006530832,106.77147192274403,19.9644
492.0,BTK702,-6.222281700088536,106.81179787804933,19.9644
492.0,CTV855,-6.158792059309183,106.7113567056141,19.9644
493.0,SD05,-6.188348654170681,106.76040830594717,19.9644
493.0,LNI204,-6.189542212679554,106.77123142869108,19.9644
493.0,BTK702,-6.222037283009016,106.81140221045266,19.9644
493.0,CTV855,-6.1589840946469625,106.71167536236788,19.9644
494.0,SD05,-6.188480658730106,106.7606274073888,19.9644
494.0,LNI204,-6.189454418719869,106.77099093471818,19.9644
494.0,BTK702,-6.2217928656350905,106.81100654322404,19.9644
494.0,CTV855,-6.159176129795692,106.71199401935218,19.9644
495.0,SD05,-6.188612663199737,106.7608465089399,19.9644
495.0,LNI204,-6.189366624651763,106.77075044082525,19.9644
495.0,BTK702,-6.221548447966767,106.81061087636348,19.9644
495.0,CTV855,-6.159368164755367,106.712312676567,19.9644
496.0,SD05,-6.188744667579568,106.76106561060048,19.9644
496.0,LNI204,-6.189278830475213,106.77050994701237,19.9644
496.0,BTK702,-6.2213040300040605,106.81021520987092,19.9644
496.0,CTV855,-6.159560199525983,106.71263133401231,19.9644
497.0,SD05,-6.1888766718695996,106.76128471237053,19.9644
497.0,LNI204,-6.1891910361901905,106.7702694532795,19.9644
497.0,BTK702,-6.221059611746983,106.80981954374636,19.9644
497.0,CTV855,-6.15975223410753,106.71294999168816,19.9644
498.0,SD05,-6.189008676069828,106.76150381425006,19.9644
498.0,LNI204,-6.189103241796665,106.77002895962669,19.9644
498.0,BTK702,-6.220815193195545,106.8094238779898,19.9644
498.0,CTV855,-6.159944268500005,106.71326864959454,19.9644
499.0,SD05,-6.189140680180253,106.7617229162391,19.9644
499.0,LNI204,-6.189015447294591,106.76978846605392,19.9644
499.0,BTK702,-6.22057077434976,106.8090282126012,19.9644
499.0,CTV855,-6.160136302703401,106.71358730773149,19.9644
500.0,SD05,-6.189272684200869,106.76194201833759,19.9644
500.0,LNI204,-6.188927652683909,106.76954797256121,19.9644
500.0,BTK702,-6.220326355209638,106.80863254758057,19.9644
500.0,CTV855,-6.160328336717711,106.71390596609896,19.9644
501.0,SD05,-6.189404688131678,106.76216112054557,19.9644
501.0,LNI204,-6.188839857964531,106.76930747914862,19.9644
501.0,BTK702,-6.220081935775193,106.80823688292789,19.9644
501.0,CTV855,-6.160520370542931,106.71422462469701,19.9644
502.0,SD05,-6.189536691972678,106.76238022286304,19.9644
502.0,LNI204,-6.188752063136322,106.76906698581621,19.9644
502.0,BTK702,-6.219837516046434,106.80784121864312,19.9644
502.0,CTV855,-6.160712404179053,106.71454328352561,19.9644
503.0,SD05,-6.1896686957238645,106.76259932529001,19.9644
503.0,LNI204,-6.188684899599963,106.76882014682081,19.9644
503.0,BTK702,-6.2195930960233765,106.80744555472629,19.9644
503.0,CTV855,-6.160904437626072,106.71486194258479,19.9644
504.0,SD05,-6.189800699385236,106.76281842782647,19.9644
504.0,LNI204,-6.188658061174781,106.76856565774597,19.9644
504.0,BTK702,-6.219348675706031,106.80704989117734,19.9644
504.0,CTV855,-6.161096470883981,106.71518060187454,19.9644
505.0,SD05,-6.189932702956792,106.76303753047243,19.9644
505.0,LNI204,-6.1886722460403805,106.7683101388972,19.9644
505.0,BTK702,-6.2191042550944085,106.80665422799629,19.9644
505.0,CTV855,-6.1612885039527745,106.71549926139488,19.9644
506.0,SD05,-6.19006470643853,106.76325663322788,19.9644
506.0,LNI204,-6.188727085189123,106.76806023736842,19.9644
506.0,BTK702,-6.218859834188521,106.80625856518311,19.9644
506.0,CTV855,-6.161480536832447,106.7158179211458,19.9644
507.0,SD05,-6.190196709830447,106.76347573609284,19.9644
507.0,LNI204,-6.188821152025559,106.76782245412606,19.9644
507.0,BTK702,-6.218615412988381,106.80586290273779,19.9644
507.0,CTV855,-6.161672569522991,106.71613658112733,19.9644
508.0,SD05,-6.190328713132542,106.7636948390673,19.9644
508.0,LNI204,-6.188935124436137,106.7675933402353,19.9644
508.0,BTK702,-6.218370991494001,106.8054672406603,19.9644
508.0,CTV855,-6.1618646020244014,106.71645524133947,19.9644
509.0,SD05,-6.1904607163448135,106.76391394215125,19.9644
509.0,LNI204,-6.189049102269443,106.76736422902283,19.9644
509.0,BTK702,-6.218126569705391,106.80507157895066,19.9644
509.0,CTV855,-6.162056634336671,106.7167739017822,19.9644
510.0,SD05,-6.190592719467258,106.7641330453447,19.9644
510.0,LNI204,-6.189163080004537,106.76713511771152,19.9644
510.0,BTK702,-6.217882147622565,106.80467591760882,19.9644
510.0,CTV855,-6.162248666459795,106.71709256245556,19.9644
511.0,SD05,-6.190724722499874,106.76435214864769,19.9644
511.0,LNI204,-6.189277057641417,106.76690600630135,19.9644
511.0,BTK702,-6.217637725245534,106.80428025663477,19.9644
511.0,CTV855,-6.162440698393767,106.71741122335956,19.9644
512.0,SD05,-6.19085672544266,106.76457125206018,19.9644
512.0,LNI204,-6.189391035180079,106.76667689479233,19.9644
512.0,BTK702,-6.217393302574309,106.80388459602852,19.9644
512.0,CTV855,-6.162632730138582,106.7177298844942,19.9644
513.0,SD05,-6.190988728295613,106.76479035558218,19.9644
513.0,LNI204,-6.189505012620521,106.76644778318443,19.9644
513.0,BTK702,-6.217148879608904,106.80348893579003,19.9644
513.0,CTV855,-6.162824761694231,106.71804854585947,19.9644
514.0,SD05,-6.191120731058732,106.76500945921369,19.9644
514.0,LNI204,-6.189618989962744,106.76621867147766,19.9644
514.0,BTK702,-6.216904456349334,106.80309327591931,19.9644
514.0,CTV855,-6.16301679306071,106.7183672074554,19.9644
515.0,SD05,-6.191252733732015,106.76522856295472,19.9644
515.0,LNI204,-6.189732967206743,106.76598955967204,19.9644
515.0,BTK702,-6.2166600327956,106.80269761641632,19.9644
515.0,CTV855,-6.163208824238016,106.71868586928198,19.9644
516.0,SD05,-6.191384736315462,106.76544766680527,19.9644
516.0,LNI204,-6.189846944352518,106.76576044776753,19.9644
516.0,BTK702,-6.216415608947723,106.80230195728107,19.9644
516.0,CTV855,-6.163400855226138,106.71900453133924,19.9644
517.0,SD05,-6.191516738809066,106.76566677076536,19.9644
517.0,LNI204,-6.189960921400066,106.76553133576417,19.9644
517.0,BTK702,-6.216171184805711,106.80190629851353,19.9644
517.0,CTV855,-6.16359288602507,106.71932319362715,19.9644
518.0,SD05,-6.19164874121283,106.76588587483496,19.9644
518.0,LNI204,-6.190074898349384,106.76530222366193,19.9644
518.0,BTK702,-6.215926760369578,106.80151064011368,19.9644
518.0,CTV855,-6.163784916634808,106.71964185614574,19.9644
519.0,SD05,-6.191780743526749,106.7661049790141,19.9644
519.0,LNI204,-6.19018887520047,106.76507311146081,19.9644
519.0,BTK702,-6.215682335639333,106.80111498208151,19.9644
519.0,CTV855,-6.163976947055344,106.71996051889504,19.9644
520.0,SD05,-6.191912745750822,106.76632408330276,19.9644
520.0,LNI204,-6.190302851953324,106.76484399916082,19.9644
520.0,BTK702,-6.215437910614991,106.80071932441703,19.9644
520.0,CTV855,-6.164168977286674,106.720279181875,19.9644
521.0,SD05,-6.192044747885047,106.76654318770095,19.9644
521.0,LNI204,-6.190416828607943,106.76461488676196,19.9644
521.0,BTK702,-6.215193485296563,106.80032366712018,19.9644
521.0,CTV855,-6.16436100732879,106.72059784508568,19.9644
522.0,SD05,-6.1921767499294225,106.76676229220868,19.9644
522.0,LNI204,-6.190530805164323,106.76438577426421,19.9644
522.0,BTK702,-6.21494905968406,106.79992801019098,19.9644
522.0,CTV855,-6.164553037181689,106.72091650852707,19.9644
523.0,SD05,-6.192308751883945,106.76698139682595,19.9644
523.0,LNI204,-6.190644781622463,106.76415666166758,19.9644
523.0,BTK702,-6.214704633777496,106.7995323536294,19.9644
523.0,CTV855,-6.164745066845361,106.72123517219917,19.9644
524.0,SD05,-6.192440753748614,106.76720050155276,19.9644
524.0,LNI204,-6.190758757982362,106.76392754897208,19.9644
524.0,BTK702,-6.21446020757688,106.79913669743547,19.9644
524.0,CTV855,-6.164937096319802,106.72155383610199,19.9644
525.0,SD05,-6.192572755523425,106.76741960638911,19.9644
525.0,LNI204,-6.190872734244017,106.76369843617766,19.9644
525.0,BTK702,-6.214215781082228,106.79874104160912,19.9644
525.0,CTV855,-6.165129125605004,106.72187250023555,19.9644
526.0,SD05,-6.192704757208382,106.767638711335,19.9644
526.0,LNI204,-6.190986710407427,106.76346932328438,19.9644
526.0,BTK702,-6.213971354293548,106.79834538615036,19.9644
526.0,CTV855,-6.1653211547009645,106.72219116459983,19.9644
527.0,SD05,-6.192836758803478,106.76785781639045,19.9644
527.0,LNI204,-6.191100686472588,106.76324021029221,19.9644
527.0,BTK702,-6.213726927210854,106.79794973105916,19.9644
527.0,CTV855,-6.1655131836076755,106.72250982919486,19.9644
528.0,SD05,-6.19296876030871,106.76807692155543,19.9644
528.0,LNI204,-6.191214662439499,106.76301109720113,19.9644
528.0,BTK702,-6.213482499834156,106.79755407633549,19.9644
528.0,CTV855,-6.16570521232513,106.72282849402065,19.9644
529.0,SD05,-6.193100761724079,106.76829602682999,19.9644
529.0,LNI204,-6.191328638308159,106.76278198401116,19.9644
529.0,BTK702,-6.213238072163466,106.79715842197939,19.9644
529.0,CTV855,-6.165897240853323,106.72314715907719,19.9644
530.0,SD05,-6.193232763049583,106.76851513221409,19.9644
530.0,LNI204,-6.1914426140785634,106.76255287072232,19.9644
530.0,BTK702,-6.212993644198798,106.79676276799078,19.9644
530.0,CTV855,-6.16608926919225,106.72346582436451,19.9644
531.0,SD05,-6.193364764285219,106.76873423770775,19.9644
531.0,LNI204,-6.191556589750712,106.76232375733457,19.9644
531.0,BTK702,-6.212749215940162,106.7963671143697,19.9644
531.0,CTV855,-6.166281297341902,106.72378448988256,19.9644
532.0,SD05,-6.193496765430985,106.76895334331095,19.9644
532.0,LNI204,-6.1916705653246025,106.76209464384792,19.9644
532.0,BTK702,-6.212504787387571,106.79597146111611,19.9644
532.0,CTV855,-6.166473325302274,106.7241031556314,19.9644
533.0,SD05,-6.193628766486875,106.76917244902373,19.9644
533.0,LNI204,-6.191784540800231,106.76186553026236,19.9644
533.0,BTK702,-6.2122603585410365,106.79557580823001,19.9644
533.0,CTV855,-6.166665353073359,106.72442182161102,19.9644
534.0,SD05,-6.1937607674529,106.76939155484607,19.9644
534.0,LNI204,-6.191898516177599,106.76163641657789,19.9644
534.0,BTK702,-6.212015929400571,106.79518015571138,19.9644
534.0,CTV855,-6.166857380655153,106.72474048782145,19.9644
535.0,SD05,-6.19389276832904,106.76961066077796,19.9644
535.0,LNI204,-6.1920124914567,106.76140730279451,19.9644
535.0,BTK702,-6.211771499966186,106.7947845035602,19.9644
535.0,CTV855,-6.167049408047649,106.7250591542627,19.9644
536.0,SD05,-6.194024769115309,106.76982976681943,19.9644
536.0,LNI204,-6.192126466637537,106.76117818891223,19.9644
536.0,BTK702,-6.211527070237893,106.79438885177645,19.9644
536.0,CTV855,-6.16724143525084,106.72537782093472,19.9644
537.0,SD05,-6.1941567698117,106.77004887297046,19.9644
537.0,LNI204,-6.192240441720101,106.76094907493103,19.9644
537.0,BTK702,-6.211282640215704,106.79399320036012,19.9644
537.0,CTV855,-6.16743346226472,106.72569648783758,19.9644
538.0,SD05,-6.194288770418208,106.77026797923106,19.9644
538.0,LNI204,-6.192354416704396,106.76071996085093,19.9644
538.0,BTK702,-6.211038209899631,106.79359754931122,19.9644
538.0,CTV855,-6.167625489089285,106.72601515497126,19.9644
539.0,SD05,-6.194420770934832,106.77048708560125,19.9644
539.0,LNI204,-6.192468391590417,106.76049084667193,19.9644
539.0,BTK702,-6.210793779289687,106.79320189862969,19.9644
539.0,CTV855,-6.1678175157245265,106.72633382233577,19.9644
540.0,SD05,-6.194552771361572,106.77070619208101,19.9644
540.0,LNI204,-6.192582366378162,106.76026173239401,19.9644
540.0,BTK702,-6.2105493483858805,106.79280624831554,19.9644
540.0,CTV855,-6.168009542170438,106.72665248993113,19.9644
541.0,SD05,-6.194684771698422,106.77092529867036,19.9644
541.0,LNI204,-6.19269634106763,106.76003261801719,19.9644
541.0,BTK702,-6.210304917188226,106.79241059836879,19.9644
541.0,CTV855,-6.168201568427017,106.72697115775732,19.9644
542.0,SD05,-6.194816771945377,106.77114440536928,19.9644
542.0,LNI204,-6.192810315658816,106.75980350354145,19.9644
542.0,BTK702,-6.210060485696735,106.79201494878937,19.9644
542.0,CTV855,-6.168393594494254,106.72728982581435,19.9644
543.0,SD05,-6.194948772102449,106.7713635121778,19.9644
543.0,LNI204,-6.192924290151721,106.75957438896675,19.9644
543.0,BTK702,-6.209816053911425,106.79161929957729,19.9644
543.0,CTV855,-6.168585620372146,106.72760849410226,19.9644
544.0,SD05,-6.195080772169619,106.77158261909588,19.9644
544.0,LNI204,-6.193038264546341,106.75934527429315,19.9644
544.0,BTK702,-6.209571621832295,106.79122365073255,19.9644
544.0,CTV855,-6.168777646060678,106.72792716262101,19.9644
545.0,SD05,-6.195212772146897,106.77180172612357,19.9644
545.0,LNI204,-6.193152238842674,106.75911615952064,19.9644
545.0,BTK702,-6.2093271894593665,106.7908280022551,19.9644
545.0,CTV855,-6.168969671559851,106.72824583137064,19.9644
546.0,SD05,-6.195344772034279,106.77202083326084,19.9644
546.0,LNI204,-6.193266213040718,106.7588870446492,19.9644
546.0,BTK702,-6.209082756792649,106.79043235414494,19.9644
546.0,CTV855,-6.169161696869664,106.72856450035117,19.9644
547.0,SD05,-6.19547677183176,106.7722399405077,19.9644
547.0,LNI204,-6.19338018714047,106.75865792967882,19.9644
547.0,BTK702,-6.208838323832154,106.79003670640206,19.9644
547.0,CTV855,-6.169353721990105,106.72888316956258,19.9644
548.0,SD05,-6.195608771539338,106.77245904786417,19.9644
548.0,LNI204,-6.19349416114193,106.75842881460953,19.9644
548.0,BTK702,-6.208593890577895,106.78964105902645,19.9644
548.0,CTV855,-6.16954574692117,106.72920183900487,19.9644
549.0,SD05,-6.195740771157014,106.77267815533024,19.9644
549.0,LNI204,-6.193608135045093,106.75819969944128,19.9644
549.0,BTK702,-6.208349457029881,106.78924541201809,19.9644
549.0,CTV855,-6.16973777166285,106.72952050867806,19.9644
550.0,SD05,-6.195872770684784,106.7728972629059,19.9644
550.0,LNI204,-6.193722108849958,106.75797058417412,19.9644
550.0,BTK702,-6.208105023188126,106.78884976537697,19.9644
550.0,CTV855,-6.169929796215141,106.72983917858218,19.9644
551.0,SD05,-6.196004770122648,106.77311637059117,19.9644
551.0,LNI204,-6.193836082556523,106.75774146880799,19.9644
551.0,BTK702,-6.207860589052642,106.78845411910305,19.9644
551.0,CTV855,-6.170121820578036,106.7301578487172,19.9644
552.0,SD05,-6.1961367694706,106.77333547838603,19.9644
552.0,LNI204,-6.193950056164784,106.75751235334296,19.9644
552.0,BTK702,-6.20761615462344,106.78805847319634,19.9644
552.0,CTV855,-6.170313844751529,106.73047651908314,19.9644
553.0,SD05,-6.196268768728643,106.77355458629052,19.9644
553.0,LNI204,-6.19406402967474,106.75728323777896,19.9644
553.0,BTK702,-6.207371719900532,106.78766282765685,19.9644
553.0,CTV855,-6.170505868735615,106.73079518968001,19.9644
554.0,SD05,-6.1964007678967725,106.7737736943046,19.9644
554.0,LNI204,-6.19417800308639,106.75705412211603,19.9644
554.0,BTK702,-6.207127284883931,106.78726718248453,19.9644
554.0,CTV855,-6.1706978925302876,106.73111386050783,19.9644
555.0,SD05,-6.196532766974985,106.7739928024283,19.9644
555.0,LNI204,-6.194291976399729,106.75682500635416,19.9644
555.0,BTK702,-6.206882849573647,106.78687153767937,19.9644
555.0,CTV855,-6.170889916135539,106.7314325315666,19.9644
556.0,SD05,-6.196664765963281,106.77421191066162,19.9644
556.0,LNI204,-6.194405949614756,106.75659589049334,19.9644
556.0,BTK702,-6.206638413969693,106.78647589324136,19.9644
556.0,CTV855,-6.171081939551365,106.7317512028563,19.9644
557.0,SD05,-6.196796764861658,106.77443101900454,19.9644
557.0,LNI204,-6.194519922731469,106.75636677453357,19.9644
557.0,BTK702,-6.2063939780720805,106.7860802491705,19.9644
557.0,CTV855,-6.171273962777758,106.73206987437698,19.9644
558.0,SD05,-6.196928763670114,106.77465012745708,19.9644
558.0,LNI204,-6.194633895749865,106.75613765847486,19.9644
558.0,BTK702,-6.206149541880822,106.78568460546674,19.9644
558.0,CTV855,-6.171465985814713,106.7323885461286,19.9644
559.0,SD05,-6.197060762388645,106.77486923601926,19.9644
559.0,LNI204,-6.19474786866994,106.75590854231719,19.9644
559.0,BTK702,-6.205905105395929,106.7852889621301,19.9644
559.0,CTV855,-6.171658008662225,106.73270721811122,19.9644
560.0,SD05,-6.197192761017252,106.77508834469106,19.9644
560.0,LNI204,-6.194861841491694,106.75567942606055,19.9644
560.0,BTK702,-6.205660668617413,106.78489331916055,19.9644
560.0,CTV855,-6.171850031320285,106.73302589032483,19.9644
561.0,SD05,-6.197324759555932,106.77530745347248,19.9644
561.0,LNI204,-6.194975814215124,106.75545030970495,19.9644
561.0,BTK702,-6.2054162315452865,106.78449767655806,19.9644
561.0,CTV855,-6.172042053788888,106.73334456276942,19.9644
562.0,SD05,-6.197456758004682,106.77552656236352,19.9644
562.0,LNI204,-6.195089786840229,106.7552211932504,19.9644
562.0,BTK702,-6.20517179417956,106.78410203432266,19.9644
562.0,CTV855,-6.172234076068029,106.733663235445,19.9644
563.0,SD05,-6.1975887563635,106.7757456713642,19.9644
563.0,LNI204,-6.195203759367003,106.7549920766969,19.9644
563.0,BTK702,-6.2049273565202485,106.7837063924543,19.9644
563.0,CTV855,-6.1724260981577,106.73398190835157,19.9644
564.0,SD05,-6.197720754632387,106.77596478047451,19.9644
564.0,LNI204,-6.195317731795447,106.75476296004442,19.9644
564.0,BTK702,-6.204682918567363,106.78331075095298,19.9644
564.0,CTV855,-6.172618120057899,106.73430058148917,19.9644
565.0,SD05,-6.197852752811338,106.77618388969447,19.9644
565.0,LNI204,-6.195431704125555,106.75453384329299,19.9644
565.0,BTK702,-6.204438480320911,106.78291510981866,19.9644
565.0,CTV855,-6.172810141768615,106.73461925485776,19.9644
566.0,SD05,-6.197984750900352,106.77640299902406,19.9644
566.0,LNI204,-6.195545676357328,106.75430472644258,19.9644
566.0,BTK702,-6.204194041780908,106.78251946905135,19.9644
566.0,CTV855,-6.173002163289844,106.7349379284574,19.9644
567.0,SD05,-6.198116748899426,106.77662210846329,19.9644
567.0,LNI204,-6.19565964849076,106.75407560949321,19.9644
567.0,BTK702,-6.2039496029473655,106.78212382865104,19.9644
567.0,CTV855,-6.17319418462158,106.73525660228805,19.9644
568.0,SD05,-6.198248746808559,106.77684121801217,19.9644
568.0,LNI204,-6.19577362052585,106.75384649244486,19.9644
568.0,BTK702,-6.203705163820295,106.7817281886177,19.9644
568.0,CTV855,-6.173386205763817,106.73557527634975,19.9644
569.0,SD05,-6.19838074462775,106.77706032767068,19.9644
569.0,LNI204,-6.195887592462595,106.75361737529754,19.9644
569.0,BTK702,-6.20346072439971,106.78133254895133,19.9644
569.0,CTV855,-6.173578226716549,106.73589395064249,19.9644
570.0,SD05,-6.198512742356995,106.77727943743884,19.9644
570.0,LNI204,-6.196001564300993,106.75338825805123,19.9644
570.0,BTK702,-6.20321628468562,106.7809369096519,19.9644
570.0,CTV855,-6.173770247479768,106.73621262516629,19.9644
571.0,SD05,-6.198644739996292,106.77749854731665,19.9644
571.0,LNI204,-6.196115536041042,106.75315914070596,19.9644
571.0,BTK702,-6.202971844678038,106.7805412707194,19.9644
571.0,CTV855,-6.173962268053471,106.73653129992114,19.9644
572.0,SD05,-6.19877673754564,106.77771765730412,19.9644
572.0,LNI204,-6.196229507682736,106.75293002326171,19.9644
572.0,BTK702,-6.202727404376978,106.78014563215382,19.9644
572.0,CTV855,-6.1741542884376495,106.73684997490706,19.9644
573.0,SD05,-6.1989087350050385,106.77793676740124,19.9644
573.0,LNI204,-6.1963434792260745,106.75270090571847,19.9644
573.0,BTK702,-6.2024829637824475,106.77974999395515,19.9644
573.0,CTV855,-6.1743463086323,106.73716865012405,19.9644
574.0,SD05,-6.199040732374482,106.77815587760801,19.9644
574.0,LNI204,-6.196457450671055,106.75247178807625,19.9644
574.0,BTK702,-6.202238522894457,106.77935435612336,19.9644
574.0,CTV855,-6.174538328637414,106.73748732557212,19.9644
575.0,SD05,-6.199172729653971,106.77837498792445,19.9644
575.0,LNI204,-6.196571422017673,106.75224267033504,19.9644
575.0,BTK702,-6.2019940817130275,106.77895871865846,19.9644
575.0,CTV855,-6.174730348452986,106.73780600125129,19.9644
576.0,SD05,-6.199304726843503,106.77859409835055,19.9644
576.0,LNI204,-6.196685393265927,106.75201355249483,19.9644
576.0,BTK702,-6.201749640238165,106.77856308156042,19.9644
576.0,CTV855,-6.1749223680790095,106.73812467716155,19.9644
577.0,SD05,-6.199436723943077,106.77881320888632,19.9644
577.0,LNI204,-6.196799364415813,106.75178443455563,19.9644
577.0,BTK702,-6.2015051984698815,106.77816744482922,19.9644
577.0,CTV855,-6.175114387515479,106.73844335330291,19.9644
578.0,SD05,-6.19956872095269,106.77903231953174,19.9644
578.0,LNI204,-6.196913335467329,106.75155531651745,19.9644
578.0,BTK702,-6.201260756408189,106.77777180846483,19.9644
578.0,CTV855,-6.175306406762388,106.73876202967539,19.9644
579.0,SD05,-6.199700717872339,106.77925143028683,19.9644
579.0,LNI204,-6.197027306420471,106.75132619838027,19.9644
579.0,BTK702,-6.201016314053099,106.77737617246729,19.9644
579.0,CTV855,-6.175498425819732,106.73908070627897,19.9644
580.0,SD05,-6.199832714702025,106.7794705411516,19.9644
580.0,LNI204,-6.197141277275234,106.75109708014409,19.9644
580.0,BTK702,-6.200771871404625,106.77698053683655,19.9644
580.0,CTV855,-6.175690444687502,106.7393993831137,19.9644
581.0,SD05,-6.199964711441743,106.77968965212604,19.9644
581.0,LNI204,-6.19725524803162,106.75086796180891,19.9644
581.0,BTK702,-6.200527428462777,106.77658490157259,19.9644
581.0,CTV855,-6.175882463365695,106.73971806017953,19.9644
582.0,SD05,-6.2000967080914915,106.77990876321016,19.9644
582.0,LNI204,-6.197369218689619,106.75063884337472,19.9644
582.0,BTK702,-6.200282985227568,106.7761892666754,19.9644
582.0,CTV855,-6.176074481854302,106.74003673747652,19.9644
583.0,SD05,-6.200228704651272,106.78012787440395,19.9644
583.0,LNI204,-6.197483189249234,106.75040972484152,19.9644
583.0,BTK702,-6.200038541699008,106.77579363214497,19.9644
583.0,CTV855,-6.17626650015332,106.74035541500466,19.9644
584.0,SD05,-6.2003607011210775,106.78034698570741,19.9644
584.0,LNI204,-6.197597159710457,106.75018060620931,19.9644
584.0,BTK702,-6.199794097877111,106.7753979979813,19.9644
584.0,CTV855,-6.1764585182627405,106.74067409276397,19.9644
585.0,SD05,-6.200492697500908,106.78056609712057,19.9644
585.0,LNI204,-6.197711130073285,106.74995148747809,19.9644
585.0,BTK702,-6.199549653761888,106.77500236418435,19.9644
585.0,CTV855,-6.176650536182558,106.74099277075445,19.9644
586.0,SD05,-6.200624693790762,106.78078520864341,19.9644
586.0,LNI204,-6.1978251003377185,106.74972236864784,19.9644
586.0,BTK702,-6.199305209353352,106.77460673075412,19.9644
586.0,CTV855,-6.176842553912767,106.74131144897608,19.9644
587.0,SD05,-6.200756689990637,106.78100432027593,19.9644
587.0,LNI204,-6.197939070503743,106.74949324971858,19.9644
587.0,BTK702,-6.199060764651513,106.77421109769057,19.9644
587.0,CTV855,-6.177034571453361,106.74163012742888,19.9644
588.0,SD05,-6.200888686100532,106.78122343201814,19.9644
588.0,LNI204,-6.198053040571371,106.7492641306903,19.9644
588.0,BTK702,-6.198816319656384,106.77381546499376,19.9644
588.0,CTV855,-6.177226588804333,106.74194880611284,19.9644
589.0,SD05,-6.2010206821204426,106.78144254387004,19.9644
589.0,LNI204,-6.198167010540589,106.74903501156301,19.9644
589.0,BTK702,-6.1985718743679765,106.77341983266359,19.9644
589.0,CTV855,-6.177418605965678,106.74226748502797,19.9644
590.0,SD05,-6.201152678050368,106.78166165583164,19.9644
590.0,LNI204,-6.198280980411383,106.74880589233668,19.9644
590.0,BTK702,-6.198327428786303,106.77302420070006,19.9644
590.0,CTV855,-6.177610622937389,106.74258616417436,19.9644
591.0,SD05,-6.201284673890308,106.78188076790295,19.9644
591.0,LNI204,-6.198394950183767,106.74857677301132,19.9644
591.0,BTK702,-6.198082982911375,106.77262856910318,19.9644
591.0,CTV855,-6.177802639719462,106.7429048435519,19.9644
592.0,SD05,-6.20141666964026,106.78209988008393,19.9644
592.0,LNI204,-6.198508919857723,106.74834765358692,19.9644
592.0,BTK702,-6.197838536743204,106.77223293787293,19.9644
592.0,CTV855,-6.177994656311889,106.74322352316068,19.9644
593.0,SD05,-6.20154866530022,106.78231899237463,19.9644
593.0,LNI204,-6.198622889433253,106.7481185340635,19.9644
593.0,BTK702,-6.197594090281803,106.77183730700932,19.9644
593.0,CTV855,-6.178186672714664,106.74354220300064,19.9644
594.0,SD05,-6.2016806608701875,106.78253810477503,19.9644
594.0,LNI204,-6.1987368589103475,106.74788941444102,19.9644
594.0,BTK702,-6.197349643527184,106.77144167651234,19.9644
594.0,CTV855,-6.178378688927782,106.74386088307187,19.9644
595.0,SD05,-6.201812656350161,106.78275721728514,19.9644
595.0,LNI204,-6.198850828289005,106.74766029471951,19.9644
595.0,BTK702,-6.197105196479357,106.77104604638187,19.9644
595.0,CTV855,-6.178570704951236,106.74417956337432,19.9644
596.0,SD05,-6.201944651740138,106.78297632990495,19.9644
596.0,LNI204,-6.198964797569218,106.74743117489895,19.9644
596.0,BTK702,-6.1968607491383345,106.77065041661804,19.9644
596.0,CTV855,-6.178762720785019,106.744498243908,19.9644
597.0,SD05,-6.202076647040115,106.78319544263448,19.9644
597.0,LNI204,-6.199078766750981,106.74720205497934,19.9644
597.0,BTK702,-6.196616301504128,106.77025478722071,19.9644
597.0,CTV855,-6.1789547364291275,106.74481692467293,19.9644
598.0,SD05,-6.202208642250095,106.78341455547371,19.9644
598.0,LNI204,-6.199192735834286,106.74697293496067,19.9644
598.0,BTK702,-6.196371853576751,106.76985915818996,19.9644
598.0,CTV855,-6.179146751883554,106.7451356056691,19.9644
599.0,SD05,-6.20234063737007,106.78363366842265,19.9644
599.0,LNI204,-6.1993067048191275,106.74674381484293,19.9644
599.0,BTK702,-6.196127405356213,106.76946352952574,19.9644
599.0,CTV855,-6.179338767148292,106.74545428689655,19.9644
600.0,SD05,-6.20247263240004,106.78385278148133,19.9644
600.0,LNI204,-6.199420673705497,106.74651469462614,19.9644
600.0,BTK702,-6.195882956842527,106.76906790122803,19.9644
600.0,CTV855,-6.179530782223336,106.74577296835527,19.9644
601.0,SD05,-6.202604627340004,106.78407189464971,19.9644
601.0,LNI204,-6.1995346424933855,106.7462855743103,19.9644
601.0,BTK702,-6.195638508035707,106.7686722732968,19.9644
601.0,CTV855,-6.1797227971086786,106.74609165004526,19.9644
602.0,SD05,-6.20273662218996,106.78429100792782,19.9644
602.0,LNI204,-6.199648611182784,106.74605645389535,19.9644
602.0,BTK702,-6.1953940589357614,106.76827664573207,19.9644
602.0,CTV855,-6.179914811804317,106.74641033196653,19.9644
603.0,SD05,-6.202868616949904,106.78451012131565,19.9644
603.0,LNI204,-6.199762579773684,106.74582733338133,19.9644
603.0,BTK702,-6.195149609542705,106.76788101853381,19.9644
603.0,CTV855,-6.180106826310248,106.7467290141191,19.9644
604.0,SD05,-6.203000611619837,106.78472923481321,19.9644
604.0,LNI204,-6.199876548266072,106.74559821276823,19.9644
604.0,BTK702,-6.19490515985655,106.76748539170202,19.9644
604.0,CTV855,-6.1802988406264525,106.74704769650296,19.9644
605.0,SD05,-6.2031326061997545,106.7849483484205,19.9644
605.0,LNI204,-6.199990516659936,106.74536909205602,19.9644
605.0,BTK702,-6.194660709877303,106.76708976523666,19.9644
605.0,CTV855,-6.180490854752936,106.74736637911813,19.9644
606.0,SD05,-6.203264600689656,106.78516746213752,19.9644
606.0,LNI204,-6.200104484955263,106.74513997124473,19.9644
606.0,BTK702,-6.19441625960498,106.76669413913773,19.9644
606.0,CTV855,-6.1806828686896855,106.7476850619646,19.9644
607.0,SD05,-6.203396595089539,106.78538657596428,19.9644
607.0,LNI204,-6.2002184531520355,106.7449108503343,19.9644
607.0,BTK702,-6.194171809039593,106.7662985134052,19.9644
607.0,CTV855,-6.180874882436698,106.7480037450424,19.9644
608.0,SD05,-6.203528589399402,106.78560568990078,19.9644
608.0,LNI204,-6.20033242125023,106.74468172932475,19.9644
608.0,BTK702,-6.193927358181154,106.76590288803908,19.9644
608.0,CTV855,-6.181066895993969,106.74832242835151,19.9644
609.0,SD05,-6.203660583619242,106.78582480394701,19.9644
609.0,LNI204,-6.200446389249827,106.7444526082161,19.9644
609.0,BTK702,-6.193682907029672,106.76550726303934,19.9644
609.0,CTV855,-6.181258909361491,106.74864111189197,19.9644
610.0,SD05,-6.203792577749057,106.78604391810298,19.9644
610.0,LNI204,-6.2005603571507955,106.74422348700827,19.9644
610.0,BTK702,-6.19343845558516,106.76511163840597,19.9644
610.0,CTV855,-6.181450922539257,106.74895979566375,19.9644
611.0,SD05,-6.203924571788845,106.7862630323687,19.9644
611.0,LNI204,-6.200685114072151,106.7440003740674,19.9644
611.0,BTK702,-6.1931940038476325,106.76471601413895,19.9644
611.0,CTV855,-6.181642935527262,106.74927847966688,19.9644
612.0,SD05,-6.204056565738607,106.78648214674415,19.9644
612.0,LNI204,-6.200843066167228,106.74379974234124,19.9644
612.0,BTK702,-6.1929495518171,106.76432039023828,19.9644
612.0,CTV855,-6.1818349483255,106.74959716390137,19.9644
613.0,SD05,-6.204188559598338,106.78670126122935,19.9644
613.0,LNI204,-6.201031029378106,106.7436272626055,19.9644
613.0,BTK702,-6.1927050994935735,106.76392476670395,19.9644
613.0,CTV855,-6.182026960933965,106.74991584836724,19.9644
614.0,SD05,-6.204320553368036,106.7869203758243,19.9644
614.0,LNI204,-6.201244113996098,106.74348742179174,19.9644
614.0,BTK702,-6.192460646877066,106.76352914353592,19.9644
614.0,CTV855,-6.18221897335265,106.75023453306446,19.9644
615.0,SD05,-6.204452547047699,106.787139490529,19.9644
615.0,LNI204,-6.201476776799727,106.74338385776592,19.9644
615.0,BTK702,-6.192216193967588,106.76313352073419,19.9644
615.0,CTV855,-6.182410985581548,106.75055321799306,19.9644
616.0,SD05,-6.2045845406373274,106.78735860534346,19.9644
616.0,LNI204,-6.201722965257083,106.74331926469114,19.9644
616.0,BTK702,-6.191971740765152,106.76273789829874,19.9644
616.0,CTV855,-6.182602997620655,106.75087190315305,19.9644
617.0,SD05,-6.204716534136916,106.78757772026769,19.9644
617.0,LNI204,-6.201976274977479,106.74329532293896,19.9644
617.0,BTK702,-6.191727287269769,106.76234227622955,19.9644
617.0,CTV855,-6.182795009469964,106.75119058854443,19.9644
618.0,SD05,-6.204848527546464,106.78779683530166,19.9644
618.0,LNI204,-6.2022301163164,106.74331265537342,19.9644
618.0,BTK702,-6.191482833481452,106.76194665452662,19.9644
618.0,CTV855,-6.1829870211294695,106.75150927416719,19.9644
619.0,SD05,-6.204980520865972,106.7880159504454,19.9644
619.0,LNI204,-6.202477885799723,106.74337081114473,19.9644
619.0,BTK702,-6.191238379400212,106.76155103318993,19.9644
619.0,CTV855,-6.183179032599164,106.75182796002137,19.9644
620.0,SD05,-6.205112514095434,106.7882350656989,19.9644
620.0,LNI204,-6.202713137907668,106.74346827741455,19.9644
620.0,BTK702,-6.190993925026062,106.76115541221948,19.9644
620.0,CTV855,-6.183371043879044,106.75214664610697,19.9644
621.0,SD05,-6.205244507234852,106.78845418106218,19.9644
621.0,LNI204,-6.2029338071559454,106.74359612300304,19.9644
621.0,BTK702,-6.1907494703590125,106.76075979161523,19.9644
621.0,CTV855,-6.1835630549691,106.75246533242398,19.9644
622.0,SD05,-6.20537650028422,106.78867329653522,19.9644
622.0,LNI204,-6.2031529050839325,106.7437267682186,19.9644
622.0,BTK702,-6.190505015399077,106.76036417137718,19.9644
622.0,CTV855,-6.183755065869329,106.7527840189724,19.9644
623.0,SD05,-6.2055084932435385,106.78889241211803,19.9644
623.0,LNI204,-6.2033720029799175,106.74385741354274,19.9644
623.0,BTK702,-6.190260560146266,106.75996855150531,19.9644
623.0,CTV855,-6.183947076579723,106.75310270575226,19.9644
624.0,SD05,-6.205640486112804,106.7891115278106,19.9644
624.0,LNI204,-6.203591100843901,106.74398805897549,19.9644
624.0,BTK702,-6.190016104600591,106.75957293199961,19.9644
624.0,CTV855,-6.184139087100276,106.75342139276357,19.9644
625.0,SD05,-6.205772478892017,106.78933064361297,19.9644
625.0,LNI204,-6.203810198675878,106.74411870451685,19.9644
625.0,BTK702,-6.189771648762066,106.75917731286006,19.9644
625.0,CTV855,-6.184331097430983,106.75374008000634,19.9644
626.0,SD05,-6.205904471581173,106.7895497595251,19.9644
626.0,LNI204,-6.204029296475851,106.74424935016684,19.9644
626.0,BTK702,-6.189527192630702,106.75878169408665,19.9644
626.0,CTV855,-6.184523107571836,106.75405876748054,19.9644
627.0,SD05,-6.206036464180272,106.78976887554701,19.9644
627.0,LNI204,-6.204248394243819,106.74437999592544,19.9644
627.0,BTK702,-6.1892827362065095,106.75838607567937,19.9644
627.0,CTV855,-6.184715117522831,106.75437745518623,19.9644
628.0,SD05,-6.20616845668931,106.78998799167871,19.9644
628.0,LNI204,-6.204467491979779,106.74451064179267,19.9644
628.0,BTK702,-6.1890382794895,106.75799045763819,19.9644
628.0,CTV855,-6.184907127283962,106.75469614312337,19.9644
629.0,SD05,-6.206300449108287,106.79020710792021,19.9644
629.0,LNI204,-6.20468658968373,106.74464128776853,19.9644
629.0,BTK702,-6.1887938224796875,106.75759483996312,19.9644
629.0,CTV855,-6.185099136855221,106.75501483129199,19.9644
630.0,SD05,-6.2064324414372,106.79042622427149,19.9644
630.0,LNI204,-6.204905687355671,106.74477193385299,19.9644
630.0,BTK702,-6.188549365177083,106.75719922265414,19.9644
630.0,CTV855,-6.185291146236603,106.7553335196921,19.9644
631.0,SD05,-6.2065644336760455,106.79064534073255,19.9644
631.0,LNI204,-6.205124784995601,106.74490258004609,19.9644
631.0,BTK702,-6.188304907581698,106.75680360571123,19.9644
631.0,CTV855,-6.1854831554281,106.7556522083237,19.9644
632.0,SD05,-6.2066964258248225,106.7908644573034,19.9644
632.0,LNI204,-6.205343882603518,106.74503322634786,19.9644
632.0,BTK702,-6.188060449693546,106.75640798913435,19.9644
632.0,CTV855,-6.185675164429712,106.7559708971868,19.9644
633.0,SD05,-6.20682841788353,106.79108357398405,19.9644
633.0,LNI204,-6.205562980179423,106.74516387275825,19.9644
633.0,BTK702,-6.1878159915126325,106.75601237292352,19.9644
633.0,CTV855,-6.185867173241425,106.75628958628141,19.9644
634.0,SD05,-6.206960409852167,106.7913026907745,19.9644
634.0,LNI204,-6.205782077723314,106.74529451927728,19.9644
634.0,BTK702,-6.187571533038973,106.75561675707871,19.9644
634.0,CTV855,-6.186059181863238,106.75660827560753,19.9644
635.0,SD05,-6.207092401730728,106.79152180767474,19.9644
635.0,LNI204,-6.206001175235189,106.74542516590498,19.9644
635.0,BTK702,-6.187327074272587,106.7552211415999,19.9644
635.0,CTV855,-6.186251190295143,106.75692696516516,19.9644
636.0,SD05,-6.207224393519214,106.7917409246848,19.9644
636.0,LNI204,-6.206220272715046,106.74555581264131,19.9644
636.0,BTK702,-6.18708261521348,106.7548255264871,19.9644
636.0,CTV855,-6.186443198537134,106.75724565495432,19.9644
637.0,SD05,-6.207356385217621,106.79196004180466,19.9644
637.0,LNI204,-6.206439370162887,106.74568645948631,19.9644
637.0,BTK702,-6.186838155861662,106.75442991174027,19.9644
637.0,CTV855,-6.186635206589206,106.75756434497501,19.9644
638.0,SD05,-6.207488376825949,106.79217915903432,19.9644
638.0,LNI204,-6.206658467578706,106.74581710643996,19.9644
638.0,BTK702,-6.186593696217146,106.75403429735941,19.9644
638.0,CTV855,-6.186827214451351,106.75788303522725,19.9644
639.0,SD05,-6.2076203683441955,106.7923982763738,19.9644
639.0,LNI204,-6.206877564962506,106.74594775350229,19.9644
639.0,BTK702,-6.186349236279946,106.7536386833445,19.9644
639.0,CTV855,-6.187019222123565,106.75820172571103,19.9644
640.0,SD05,-6.207752359772358,106.79261739382308,19.9644
640.0,LNI204,-6.207096662314284,106.74607840067328,19.9644
640.0,BTK702,-6.1861047760500725,106.75324306969554,19.9644
640.0,CTV855,-6.1872112296058415,106.75852041642638,19.9644
641.0,SD05,-6.207884351110434,106.79283651138218,19.9644
641.0,LNI204,-6.207315759634039,106.74620904795296,19.9644
641.0,BTK702,-6.1858603155275365,106.7528474564125,19.9644
641.0,CTV855,-6.187403236898173,106.75883910737329,19.9644
642.0,SD05,-6.208016342358423,106.79305562905108,19.9644
642.0,LNI204,-6.207534856921771,106.7463396953413,19.9644
642.0,BTK702,-6.185615854712349,106.75245184349536,19.9644
642.0,CTV855,-6.187595244000556,106.75915779855177,19.9644
643.0,SD05,-6.208148333516322,106.7932747468298,19.9644
643.0,LNI204,-6.207753954177478,106.74647034283832,19.9644
643.0,BTK702,-6.185371393604525,106.75205623094412,19.9644
643.0,CTV855,-6.18778725091298,106.75947648996181,19.9644
644.0,SD05,-6.208280324584128,106.79349386471834,19.9644
644.0,LNI204,-6.207973051401158,106.74660099044405,19.9644
644.0,BTK702,-6.185126932204074,106.75166061875875,19.9644
644.0,CTV855,-6.187979257635443,106.75979518160345,19.9644
645.0,SD05,-6.208412315561842,106.79371298271673,19.9644
645.0,LNI204,-6.20819214859281,106.74673163815845,19.9644
645.0,BTK702,-6.184882470511009,106.75126500693925,19.9644
645.0,CTV855,-6.188171264167937,106.7601138734767,19.9644
646.0,SD05,-6.2085443064494585,106.79393210082492,19.9644
646.0,LNI204,-6.208411245752435,106.74686228598155,19.9644
646.0,BTK702,-6.184638008525341,106.75086939548561,19.9644
646.0,CTV855,-6.188363270510456,106.76043256558151,19.9644
647.0,SD05,-6.208676297246979,106.79415121904293,19.9644
647.0,LNI204,-6.20863034288003,106.74699293391335,19.9644
647.0,BTK702,-6.184393546247082,106.75047378439778,19.9644
647.0,CTV855,-6.188555276662993,106.76075125791796,19.9644
648.0,SD05,-6.208808287954398,106.79437033737078,19.9644
648.0,LNI204,-6.208849439975593,106.74712358195384,19.9644
648.0,BTK702,-6.184149083676246,106.75007817367579,19.9644
648.0,CTV855,-6.1887472826255445,106.761069950486,19.9644
649.0,SD05,-6.208940278571716,106.79458945580848,19.9644
649.0,LNI204,-6.2090685370391245,106.74725423010304,19.9644
649.0,BTK702,-6.183904620812841,106.74968256331961,19.9644
649.0,CTV855,-6.188939288398102,106.76138864328566,19.9644
650.0,SD05,-6.209072269098931,106.79480857435597,19.9644
650.0,LNI204,-6.2092876340706225,106.74738487836093,19.9644
650.0,BTK702,-6.183660157656881,106.74928695332922,19.9644
650.0,CTV855,-6.189131293980661,106.76170733631695,19.9644
651.0,SD05,-6.2092042595360395,106.79502769301334,19.9644
651.0,LNI204,-6.209506731070086,106.74751552672755,19.9644
651.0,BTK702,-6.183415694208378,106.7488913437046,19.9644
651.0,CTV855,-6.189323299373214,106.76202602957987,19.9644
652.0,SD05,-6.20933624988304,106.79524681178053,19.9644
652.0,LNI204,-6.209725828037513,106.74764617520287,19.9644
652.0,BTK702,-6.183171230467343,106.74849573444575,19.9644
652.0,CTV855,-6.189515304575757,106.76234472307443,19.9644
653.0,SD05,-6.209468240139931,106.79546593065756,19.9644
653.0,LNI204,-6.209944924972904,106.74777682378695,19.9644
653.0,BTK702,-6.182926766433789,106.74810012555267,19.9644
653.0,CTV855,-6.189707309588282,106.76266341680063,19.9644
654.0,SD05,-6.209600230306711,106.79568504964445,19.9644
654.0,LNI204,-6.210164021876256,106.74790747247974,19.9644
654.0,BTK702,-6.182682302107726,106.7477045170253,19.9644
654.0,CTV855,-6.189899314410784,106.76298211075853,19.9644
655.0,SD05,-6.209732220383376,106.79590416874116,19.9644
655.0,LNI204,-6.210383118747569,106.74803812128124,19.9644
655.0,BTK702,-6.182437837489168,106.74730890886363,19.9644
655.0,CTV855,-6.1900913190432565,106.76330080494807,19.9644
656.0,SD05,-6.209864210369927,106.79612328794775,19.9644
656.0,LNI204,-6.210602215586843,106.7481687701915,19.9644
656.0,BTK702,-6.182193372578125,106.74691330106765,19.9644
656.0,CTV855,-6.190283323485693,106.76361949936928,19.9644
657.0,SD05,-6.209996200266359,106.79634240726415,19.9644
657.0,LNI204,-6.210821312394074,106.74829941921047,19.9644
657.0,BTK702,-6.181948907374608,106.74651769363736,19.9644
657.0,CTV855,-6.190475327738087,106.76393819402217,19.9644
658.0,SD05,-6.210128190072671,106.79656152669044,19.9644
658.0,LNI204,-6.211040409169263,106.74843006833821,19.9644
658.0,BTK702,-6.18170444187863,106.74612208657277,19.9644
658.0,CTV855,-6.190667331800433,106.76425688890676,19.9644
659.0,SD05,-6.210260179788861,106.79678064622655,19.9644
659.0,LNI204,-6.211259505912408,106.74856071757468,19.9644
659.0,BTK702,-6.181459976090204,106.74572647987387,19.9644
659.0,CTV855,-6.1908593356727275,106.76457558402304,19.9644
660.0,SD05,-6.21039216941493,106.79699976587254,19.9644
660.0,LNI204,-6.211478602623509,106.74869136691989,19.9644
660.0,BTK702,-6.18121551000934,106.74533087354062,19.9644
660.0,CTV855,-6.19105133935496,106.764894279371,19.9644
661.0,SD05,-6.210524158950872,106.7972188856284,19.9644
661.0,LNI204,-6.211697699302562,106.74882201637386,19.9644
661.0,BTK702,-6.1809710436360525,106.74493526757301,19.9644
661.0,CTV855,-6.191243342847132,106.76521297495069,19.9644
662.0,SD05,-6.210656148396687,106.79743800549409,19.9644
662.0,LNI204,-6.211916795949568,106.74895266593659,19.9644
662.0,BTK702,-6.1807265769703505,106.744539661971,19.9644
662.0,CTV855,-6.1914353461492295,106.76553167076209,19.9644
663.0,SD05,-6.210788137752372,106.79765712546968,19.9644
663.0,LNI204,-6.2121358925645245,106.74908331560808,19.9644
663.0,BTK702,-6.180482110012251,106.74414405673461,19.9644
663.0,CTV855,-6.1916273492612435,106.76585036680521,19.9644
664.0,SD05,-6.210920127017927,106.79787624555512,19.9644
664.0,LNI204,-6.212354989147432,106.74921396538834,19.9644
664.0,BTK702,-6.180237642761764,106.74374845186382,19.9644
664.0,CTV855,-6.191819352183175,106.76616906308004,19.9644
665.0,SD05,-6.211052116193347,106.79809536575041,19.9644
665.0,LNI204,-6.2125740856982885,106.74934461527735,19.9644
665.0,BTK702,-6.179993175218892,106.7433528473586,19.9644
665.0,CTV855,-6.192011354915017,106.76648775958662,19.9644
666.0,SD05,-6.211184105278631,106.7983144860556,19.9644
666.0,LNI204,-6.2127931822170925,106.74947526527514,19.9644
666.0,BTK702,-6.179748707383655,106.74295724321892,19.9644
666.0,CTV855,-6.19220335745676,106.76680645632494,19.9644
667.0,SD05,-6.211316094273778,106.79853360647068,19.9644
667.0,LNI204,-6.213012278703843,106.74960591538172,19.9644
667.0,BTK702,-6.1795042392560635,106.74256163944482,19.9644
667.0,CTV855,-6.192395359808401,106.76712515329501,19.9644
668.0,SD05,-6.2114480831787855,106.79875272699562,19.9644
668.0,LNI204,-6.213231375158539,106.74973656559708,19.9644
668.0,BTK702,-6.17925977083613,106.74216603603624,19.9644
668.0,CTV855,-6.1925873619699345,106.76744385049685,19.9644
669.0,SD05,-6.2115800719936525,106.7989718476304,19.9644
669.0,LNI204,-6.21345047158118,106.7498672159212,19.9644
669.0,BTK702,-6.179015302123866,106.74177043299318,19.9644
669.0,CTV855,-6.1927793639413515,106.76776254793043,19.9644
670.0,SD05,-6.211712060718375,106.79919096837509,19.9644
670.0,LNI204,-6.213669567971764,106.74999786635412,19.9644
670.0,BTK702,-6.178770833119282,106.74137483031564,19.9644
670.0,CTV855,-6.192971365722648,106.7680812455958,19.9644
671.0,SD05,-6.211844049352952,106.79941008922967,19.9644
671.0,LNI204,-6.21388866433029,106.75012851689584,19.9644
671.0,BTK702,-6.1785263638223915,106.74097922800357,19.9644
671.0,CTV855,-6.193163367313816,106.76839994349294,19.9644
672.0,SD05,-6.211976037897383,106.79962921019414,19.9644
672.0,LNI204,-6.214107760656757,106.75025916754636,19.9644
672.0,BTK702,-6.178281894233206,106.74058362605697,19.9644
672.0,CTV855,-6.193355368714852,106.76871864162189,19.9644
673.0,SD05,-6.212108026351665,106.79984833126852,19.9644
673.0,LNI204,-6.214326856951162,106.75038981830566,19.9644
673.0,BTK702,-6.178037424351737,106.74018802447586,19.9644
673.0,CTV855,-6.193547369925749,106.76903733998262,19.9644
674.0,SD05,-6.212240014715795,106.8000674524528,19.9644
674.0,LNI204,-6.2145459532135074,106.75052046917376,19.9644
674.0,BTK702,-6.177792954177996,106.73979242326017,19.9644
674.0,CTV855,-6.193739370946499,106.76935603857515,19.9644
675.0,SD05,-6.212372002989771,106.80028657374696,19.9644
675.0,LNI204,-6.21476504944379,106.75065112015068,19.9644
675.0,BTK702,-6.177548483711996,106.7393968224099,19.9644
675.0,CTV855,-6.193931371777098,106.76967473739948,19.9644
676.0,SD05,-6.212503991173592,106.80050569515103,19.9644
676.0,LNI204,-6.214984145642009,106.75078177123642,19.9644
676.0,BTK702,-6.177304012953748,106.73900122192507,19.9644
676.0,CTV855,-6.194123372417538,106.76999343645564,19.9644
677.0,SD05,-6.212635979267255,106.800724816665,19.9644
677.0,LNI204,-6.215203241808161,106.75091242243097,19.9644
677.0,BTK702,-6.177059541903263,106.73860562180565,19.9644
677.0,CTV855,-6.194315372867816,106.77031213574361,19.9644
678.0,SD05,-6.21276796727076,106.80094393828885,19.9644
678.0,LNI204,-6.215422337942247,106.75104307373434,19.9644
678.0,BTK702,-6.176815070560554,106.7382100220516,19.9644
678.0,CTV855,-6.194507373127924,106.7706308352634,19.9644
679.0,SD05,-6.212899955184103,106.80116306002262,19.9644
679.0,LNI204,-6.215641434044265,106.75117372514653,19.9644
679.0,BTK702,-6.1765705989256325,106.73781442266295,19.9644
679.0,CTV855,-6.194699373197856,106.77094953501505,19.9644
680.0,SD05,-6.213031943007282,106.80138218186627,19.9644
680.0,LNI204,-6.215860530114216,106.75130437666756,19.9644
680.0,BTK702,-6.17632612699851,106.73741882363966,19.9644
680.0,CTV855,-6.194891373077606,106.77126823499853,19.9644
681.0,SD05,-6.213163930740297,106.80160130381982,19.9644
681.0,LNI204,-6.216079626152095,106.75143502829741,19.9644
681.0,BTK702,-6.176081654779199,106.73702322498171,19.9644
681.0,CTV855,-6.195083372767169,106.77158693521386,19.9644
682.0,SD05,-6.213295918383144,106.80182042588328,19.9644
682.0,LNI204,-6.216298722157904,106.75156568003611,19.9644
682.0,BTK702,-6.17583718226771,106.73662762668908,19.9644
682.0,CTV855,-6.1952753722665355,106.77190563566104,19.9644
683.0,SD05,-6.213427905935823,106.80203954805663,19.9644
683.0,LNI204,-6.21651781813164,106.75169633188364,19.9644
683.0,BTK702,-6.1755927094640555,106.73623202876178,19.9644
683.0,CTV855,-6.1954673715757025,106.77222433634009,19.9644
684.0,SD05,-6.21355989339833,106.80225867033987,19.9644
684.0,LNI204,-6.216736914073304,106.75182698384,19.9644
684.0,BTK702,-6.175348236368247,106.73583643119979,19.9644
684.0,CTV855,-6.195659370694662,106.77254303725101,19.9644
685.0,SD05,-6.2136918807706625,106.80247779273306,19.9644
685.0,LNI204,-6.2169560099828916,106.75195763590523,19.9644
685.0,BTK702,-6.1751037629802985,106.73544083400309,19.9644
685.0,CTV855,-6.1958513696234085,106.77286173839383,19.9644
686.0,SD05,-6.213823868052821,106.8026969152362,19.9644
686.0,LNI204,-6.217175105860403,106.7520882880793,19.9644
686.0,BTK702,-6.174859289300219,106.73504523717165,19.9644
686.0,CTV855,-6.196043368361937,106.77318043976851,19.9644
687.0,SD05,-6.213955855244802,106.80291603784923,19.9644
687.0,LNI204,-6.217394201705839,106.75221894036224,19.9644
687.0,BTK702,-6.174614815328022,106.73464964070548,19.9644
687.0,CTV855,-6.1962353669102415,106.77349914137511,19.9644
688.0,SD05,-6.214087842346605,106.80313516057215,19.9644
688.0,LNI204,-6.217613297519197,106.75234959275403,19.9644
688.0,BTK702,-6.174370341063718,106.73425404460454,19.9644
688.0,CTV855,-6.196427365268313,106.77381784321359,19.9644
689.0,SD05,-6.2142198293582265,106.80335428340504,19.9644
689.0,LNI204,-6.217832393300474,106.75248024525469,19.9644
689.0,BTK702,-6.174125866507319,106.73385844886882,19.9644
689.0,CTV855,-6.196619363436149,106.77413654528398,19.9644
690.0,SD05,-6.214351816279665,106.80357340634787,19.9644
690.0,LNI204,-6.218051489049673,106.75261089786422,19.9644
690.0,BTK702,-6.1738813916588375,106.73346285349831,19.9644
690.0,CTV855,-6.196811361413743,106.77445524758629,19.9644
691.0,SD05,-6.214483803110918,106.80379252940058,19.9644
691.0,LNI204,-6.218270584766788,106.7527415505826,19.9644
691.0,BTK702,-6.173636916518286,106.73306725849302,19.9644
691.0,CTV855,-6.1970033592010845,106.77477395012052,19.9644
692.0,SD05,-6.214615789851983,106.80401165256326,19.9644
692.0,LNI204,-6.21848968045182,106.75287220340986,19.9644
692.0,BTK702,-6.1733924410856735,106.73267166385295,19.9644
692.0,CTV855,-6.197195356798172,106.77509265288667,19.9644
693.0,SD05,-6.214747776502859,106.80423077583586,19.9644
693.0,LNI204,-6.218708776104769,106.75300285634601,19.9644
693.0,BTK702,-6.1731479653610135,106.73227606957803,19.9644
693.0,CTV855,-6.197387354204998,106.77541135588477,19.9644
694.0,SD05,-6.214879763063545,106.80444989921838,19.9644
694.0,LNI204,-6.218927871725633,106.75313350939105,19.9644
694.0,BTK702,-6.17290348934432,106.73188047566828,19.9644
694.0,CTV855,-6.197579351421557,106.77573005911482,19.9644
695.0,SD05,-6.215011749534038,106.80466902271088,19.9644
695.0,LNI204,-6.21914696731441,106.75326416254497,19.9644
695.0,BTK702,-6.1726590130356005,106.73148488212367,19.9644
695.0,CTV855,-6.197771348447842,106.77604876257682,19.9644
696.0,SD05,-6.215143735914336,106.80488814631329,19.9644
696.0,LNI204,-6.2193660628710985,106.75339481580778,19.9644
696.0,BTK702,-6.172414536434869,106.73108928894419,19.9644
696.0,CTV855,-6.1979633452838465,106.77636746627077,19.9644
697.0,SD05,-6.215275722204436,106.80510727002567,19.9644
697.0,LNI204,-6.219585158395699,106.75352546917948,19.9644
697.0,BTK702,-6.172170059542138,106.73069369612982,19.9644
697.0,CTV855,-6.198155341929566,106.7766861701967,19.9644
698.0,SD05,-6.215407708404339,106.80532639384798,19.9644
698.0,LNI204,-6.219804253888209,106.75365612266009,19.9644
698.0,BTK702,-6.171925582357418,106.73029810368055,19.9644
698.0,CTV855,-6.198347338384993,106.7770048743546,19.9644
699.0,SD05,-6.215539694514039,106.80554551778025,19.9644
699.0,LNI204,-6.220023349348629,106.75378677624961,19.9644
699.0,BTK702,-6.171681104880721,106.72990251159638,19.9644
699.0,CTV855,-6.198539334650122,106.77732357874449,19.9644
700.0,SD05,-6.215671680533537,106.80576464182245,19.9644
700.0,LNI204,-6.220242444776956,106.75391742994803,19.9644
700.0,BTK702,-6.17143662711206,106.72950691987728,19.9644
700.0,CTV855,-6.198731330724945,106.77764228336635,19.9644
701.0,SD05,-6.215803666462829,106.80598376597462,19.9644
701.0,LNI204,-6.220461540173191,106.75404808375535,19.9644
701.0,BTK702,-6.171192149051446,106.72911132852325,19.9644
701.0,CTV855,-6.198923326609458,106.77796098822022,19.9644
702.0,SD05,-6.215935652301915,106.80620289023675,19.9644
702.0,LNI204,-6.220680635537328,106.7541787376716,19.9644
702.0,BTK702,-6.17094767069889,106.72871573753424,19.9644
702.0,CTV855,-6.199115322303657,106.77827969330609,19.9644
703.0,SD05,-6.216067638050792,106.80642201460881,19.9644
703.0,LNI204,-6.220899730869371,106.75430939169678,19.9644
703.0,BTK702,-6.170703192054404,106.72832014691028,19.9644
703.0,CTV855,-6.199307317807532,106.77859839862396,19.9644
704.0,SD05,-6.216199623709457,106.80664113909086,19.9644
704.0,LNI204,-6.221118826169316,106.75444004583086,19.9644
704.0,BTK702,-6.170458713117999,106.72792455665132,19.9644
704.0,CTV855,-6.199499313121079,106.77891710417384,19.9644
705.0,SD05,-6.216331609277911,106.80686026368286,19.9644
705.0,LNI204,-6.221337921437162,106.75457070007388,19.9644
705.0,BTK702,-6.1702142338896895,106.72752896675738,19.9644
705.0,CTV855,-6.199691308244292,106.77923580995576,19.9644
706.0,SD05,-6.216463594756148,106.80707938838484,19.9644
706.0,LNI204,-6.221557016672909,106.75470135442582,19.9644
706.0,BTK702,-6.169969754369484,106.72713337722843,19.9644
706.0,CTV855,-6.199883303177162,106.77955451596969,19.9644
707.0,SD05,-6.216595580144168,106.80729851319676,19.9644
707.0,LNI204,-6.221776111876554,106.75483200888671,19.9644
707.0,BTK702,-6.169725274557397,106.72673778806444,19.9644
707.0,CTV855,-6.200075297919685,106.77987322221568,19.9644
708.0,SD05,-6.21672756544197,106.80751763811867,19.9644
708.0,LNI204,-6.221995207048098,106.75496266345654,19.9644
708.0,BTK702,-6.169480794453439,106.72634219926542,19.9644
708.0,CTV855,-6.200267292471857,106.78019192869371,19.9644
709.0,SD05,-6.216859550649551,106.80773676315054,19.9644
709.0,LNI204,-6.222214302187539,106.75509331813531,19.9644
709.0,BTK702,-6.1692363140576205,106.72594661083133,19.9644
709.0,CTV855,-6.200459286833668,106.78051063540379,19.9644
710.0,SD05,-6.216991535766911,106.8079558882924,19.9644
710.0,LNI204,-6.222433397294876,106.75522397292305,19.9644
710.0,BTK702,-6.168991833369956,106.72555102276218,19.9644
710.0,CTV855,-6.200651281005115,106.78082934234592,19.9644
711.0,SD05,-6.217123520794046,106.80817501354423,19.9644
711.0,LNI204,-6.2226524923701065,106.75535462781973,19.9644
711.0,BTK702,-6.168747352390456,106.72515543505794,19.9644
711.0,CTV855,-6.20084327498619,106.78114804952013,19.9644
712.0,SD05,-6.217255505730952,106.80839413890604,19.9644
712.0,LNI204,-6.2228715874132305,106.75548528282535,19.9644
712.0,BTK702,-6.168502871119132,106.7247598477186,19.9644
712.0,CTV855,-6.201035268776887,106.7814667569264,19.9644
713.0,SD05,-6.2173874905776305,106.80861326437783,19.9644
713.0,LNI204,-6.223090682424246,106.75561593793994,19.9644
713.0,BTK702,-6.168258389555996,106.72436426074414,19.9644
713.0,CTV855,-6.2012272623772,106.78178546456476,19.9644
714.0,SD05,-6.2175194753340755,106.8088323899596,19.9644
714.0,LNI204,-6.223309777403153,106.75574659316347,19.9644
714.0,BTK702,-6.1680139077010585,106.72396867413455,19.9644
714.0,CTV855,-6.201419255787124,106.78210417243521,19.9644
715.0,SD05,-6.217651460000294,106.80905151565136,19.9644
715.0,LNI204,-6.2235288723499504,106.75587724849598,19.9644
715.0,BTK702,-6.167769425554334,106.72357308788983,19.9644
715.0,CTV855,-6.201611249006652,106.78242288053778,19.9644
716.0,SD05,-6.217783444576273,106.80927064145311,19.9644
716.0,LNI204,-6.223747967264635,106.75600790393746,19.9644
716.0,BTK702,-6.167524943115832,106.72317750200995,19.9644
716.0,CTV855,-6.201803242035779,106.78274158887241,19.9644
717.0,SD05,-6.217915429062014,106.80948976736485,19.9644
717.0,LNI204,-6.223967062147207,106.75613855948791,19.9644
717.0,BTK702,-6.167280460385565,106.7227819164949,19.9644
717.0,CTV855,-6.201995234874497,106.78306029743915,19.9644
718.0,SD05,-6.218047413457516,106.80970889338658,19.9644
718.0,LNI204,-6.224186156997665,106.75626921514736,19.9644
718.0,BTK702,-6.167035977363546,106.72238633134465,19.9644
718.0,CTV855,-6.202187227522801,106.78337900623805,19.9644
719.0,SD05,-6.218179397762778,106.80992801951831,19.9644
719.0,LNI204,-6.224405251816009,106.75639987091577,19.9644
719.0,BTK702,-6.166791494049784,106.72199074655921,19.9644
719.0,CTV855,-6.2023792199806795,106.78369771526906,19.9644
720.0,SD05,-6.218311381977802,106.81014714576004,19.9644
720.0,LNI204,-6.224624346602237,106.75653052679318,19.9644
720.0,BTK702,-6.166547010444292,106.72159516213857,19.9644
720.0,CTV855,-6.202571212248133,106.78401642453218,19.9644
721.0,SD05,-6.218443366102578,106.81036627211178,19.9644
721.0,LNI204,-6.224843441356345,106.75666118277958,19.9644
721.0,BTK702,-6.166302526547081,106.72119957808268,19.9644
721.0,CTV855,-6.20276320432516,106.78433513402746,19.9644
722.0,SD05,-6.218575350137106,106.81058539857351,19.9644
722.0,LNI204,-6.225062536078336,106.75679183887497,19.9644
722.0,BTK702,-6.166058042358166,106.72080399439155,19.9644
722.0,CTV855,-6.202955196211745,106.78465384375488,19.9644
723.0,SD05,-6.218707334081387,106.81080452514524,19.9644
723.0,LNI204,-6.225281630768206,106.75692249507937,19.9644
723.0,BTK702,-6.165813557877553,106.72040841106515,19.9644
723.0,CTV855,-6.203147187907886,106.78497255371445,19.9644
724.0,SD05,-6.218839317935418,106.81102365182699,19.9644
724.0,LNI204,-6.225500725425956,106.75705315139277,19.9644
724.0,BTK702,-6.165569073105259,106.72001282810349,19.9644
724.0,CTV855,-6.203339179413576,106.78529126390617,19.9644
725.0,SD05,-6.218971301699194,106.81124277861873,19.9644
725.0,LNI204,-6.225719820051583,106.75718380781517,19.9644
725.0,BTK702,-6.165324588041293,106.71961724550654,19.9644
725.0,CTV855,-6.20353117072881,106.78560997433007,19.9644
726.0,SD05,-6.219103285372716,106.8114619055205,19.9644
726.0,LNI204,-6.225938914645086,106.75731446434659,19.9644
726.0,BTK702,-6.1650801026856685,106.7192216632743,19.9644
726.0,CTV855,-6.203723161853581,106.78592868498615,19.9644
727.0,SD05,-6.219235268955982,106.81168103253229,19.9644
727.0,LNI204,-6.226158009206463,106.75744512098701,19.9644
727.0,BTK702,-6.164835617038396,106.71882608140673,19.9644
727.0,CTV855,-6.203915152787881,106.7862473958744,19.9644
728.0,SD05,-6.219367252448991,106.81190015965409,19.9644
728.0,LNI204,-6.226377103735716,106.75757577773648,19.9644
728.0,BTK702,-6.164591131099487,106.71843049990385,19.9644
728.0,CTV855,-6.204107143531707,106.78656610699484,19.9644
729.0,SD05,-6.219499235851735,106.8121192868859,19.9644
729.0,LNI204,-6.22659619823284,106.75770643459495,19.9644
729.0,BTK702,-6.164346644868955,106.71803491876562,19.9644
729.0,CTV855,-6.204299134085052,106.78688481834749,19.9644
730.0,SD05,-6.219631219164219,106.81233841422774,19.9644
730.0,LNI204,-6.226815292697836,106.75783709156245,19.9644
730.0,BTK702,-6.164102158346809,106.71763933799203,19.9644
730.0,CTV855,-6.204491124447909,106.78720352993233,19.9644
731.0,SD05,-6.219763202386439,106.81255754167961,19.9644
731.0,LNI204,-6.227034387130702,106.75796774863899,19.9644
731.0,BTK702,-6.163857671533062,106.71724375758308,19.9644
731.0,CTV855,-6.204683114620272,106.78752224174939,19.9644
732.0,SD05,-6.219895185518391,106.81277666924149,19.9644
732.0,LNI204,-6.227253481531438,106.75809840582455,19.9644
732.0,BTK702,-6.163613184427726,106.71684817753875,19.9644
732.0,CTV855,-6.204875104602136,106.78784095379866,19.9644
733.0,SD05,-6.220027168560074,106.8129957969134,19.9644
733.0,LNI204,-6.227472575900041,106.75822906311916,19.9644
733.0,BTK702,-6.163368697030813,106.716452597859,19.9644
733.0,CTV855,-6.205067094393494,106.78815966608016,19.9644
734.0,SD05,-6.220159151511488,106.81321492469534,19.9644
734.0,LNI204,-6.227691670236511,106.75835972052282,19.9644
734.0,BTK702,-6.163124209342335,106.71605701854385,19.9644
734.0,CTV855,-6.205259083994338,106.78847837859391,19.9644
735.0,SD05,-6.220291134372629,106.81343405258733,19.9644
735.0,LNI204,-6.227910764540846,106.75849037803552,19.9644
735.0,BTK702,-6.162879721362302,106.71566143959325,19.9644
735.0,CTV855,-6.2054510734046655,106.7887970913399,19.9644
736.0,SD05,-6.220423117143495,106.81365318058934,19.9644
736.0,LNI204,-6.228129858813045,106.75862103565727,19.9644
736.0,BTK702,-6.162635233090727,106.71526586100723,19.9644
736.0,CTV855,-6.2056430626244685,106.78911580431813,19.9644
737.0,SD05,-6.220555099824085,106.81387230870139,19.9644
737.0,LNI204,-6.228348953053106,106.75875169338808,19.9644
737.0,BTK702,-6.16239074452762,106.71487028278574,19.9644
737.0,CTV855,-6.205835051653742,106.7894345175286,19.9644
738.0,SD05,-6.220687082414397,106.81409143692349,19.9644
738.0,LNI204,-6.22856804726103,106.75888235122795,19.9644
738.0,BTK702,-6.162146255672996,106.71447470492876,19.9644
738.0,CTV855,-6.206027040492479,106.78975323097133,19.9644
739.0,SD05,-6.220819064914427,106.81431056525562,19.9644
739.0,LNI204,-6.228787141436814,106.75901300917688,19.9644
739.0,BTK702,-6.161901766526862,106.71407912743632,19.9644
739.0,CTV855,-6.206219029140674,106.79007194464634,19.9644
740.0,SD05,-6.220951047324175,106.8145296936978,19.9644
740.0,LNI204,-6.2290062355804565,106.7591436672349,19.9644
740.0,BTK702,-6.161657277089234,106.71368355030836,19.9644
740.0,CTV855,-6.206411017598319,106.79039065855363,19.9644
741.0,SD05,-6.221083029643639,106.81474882225004,19.9644
741.0,LNI204,-6.229225329691958,106.75927432540198,19.9644
741.0,BTK702,-6.161412787360121,106.7132879735449,19.9644
741.0,CTV855,-6.20660300586541,106.79070937269319,19.9644
742.0,SD05,-6.2212150118728164,106.8149679509123,19.9644
742.0,LNI204,-6.229444423771315,106.75940498367812,19.9644
742.0,BTK702,-6.161168297339537,106.71289239714591,19.9644
742.0,CTV855,-6.20679499394194,106.79102808706503,19.9644
743.0,SD05,-6.2213469940117045,106.81518707968465,19.9644
743.0,LNI204,-6.229663517818529,106.75953564206335,19.9644
743.0,BTK702,-6.160923807027491,106.71249682111136,19.9644
743.0,CTV855,-6.206986981827902,106.79134680166918,19.9644
744.0,SD05,-6.221478976060302,106.81540620856703,19.9644
744.0,LNI204,-6.229882611833594,106.75966630055767,19.9644
744.0,BTK702,-6.160679316423998,106.71210124544125,19.9644
744.0,CTV855,-6.207178969523293,106.79166551650563,19.9644
745.0,SD05,-6.2216109580186085,106.81562533755947,19.9644
745.0,LNI204,-6.230101705816515,106.75979695916108,19.9644
745.0,BTK702,-6.160434825529067,106.71170567013559,19.9644
745.0,CTV855,-6.207370957028103,106.79198423157439,19.9644
746.0,SD05,-6.22174293988662,106.81584446666197,19.9644
746.0,LNI204,-6.230320799767283,106.75992761787359,19.9644
746.0,BTK702,-6.160190334342709,106.71131009519434,19.9644
746.0,CTV855,-6.207562944342328,106.79230294687548,19.9644
747.0,SD05,-6.221874921664334,106.81606359587454,19.9644
747.0,LNI204,-6.230539893685909,106.76005827669519,19.9644
747.0,BTK702,-6.159945842864937,106.71091452061748,19.9644
747.0,CTV855,-6.207754931465962,106.79262166240888,19.9644
748.0,SD05,-6.22200690335175,106.81628272519715,19.9644
748.0,LNI204,-6.230758987572382,106.76018893562588,19.9644
748.0,BTK702,-6.159701351095763,106.710518946405,19.9644
748.0,CTV855,-6.2079469183989975,106.79294037817463,19.9644
749.0,SD05,-6.222138884948866,106.81650185462983,19.9644
749.0,LNI204,-6.230978081426703,106.76031959466567,19.9644
749.0,BTK702,-6.159456859035199,106.71012337255691,19.9644
749.0,CTV855,-6.20813890514143,106.79325909417271,19.9644
750.0,SD05,-6.222270866455681,106.81672098417259,19.9644
750.0,LNI204,-6.231197175248869,106.76045025381458,19.9644
750.0,BTK702,-6.159212366683255,106.70972779907315,19.9644
750.0,CTV855,-6.208330891693254,106.79357781040316,19.9644
751.0,SD05,-6.22240284787219,106.81694011382541,19.9644
751.0,LNI204,-6.231416269038877,106.7605809130726,19.9644
751.0,BTK702,-6.158967874039944,106.70933222595374,19.9644
751.0,CTV855,-6.20852287805446,106.79389652686594,19.9644
752.0,SD05,-6.222534829198393,106.8171592435883,19.9644
752.0,LNI204,-6.231635362796733,106.76071157243973,19.9644
752.0,BTK702,-6.158723381105276,106.70893665319865,19.9644
752.0,CTV855,-6.208714864225044,106.79421524356108,19.9644
753.0,SD05,-6.222666810434287,106.8173783734613,19.9644
753.0,LNI204,-6.231854456522428,106.760842231916,19.9644
753.0,BTK702,-6.158478887879265,106.70854108080788,19.9644
753.0,CTV855,-6.208906850205,106.7945339604886,19.9644
754.0,SD05,-6.222798791579871,106.81759750344435,19.9644
754.0,LNI204,-6.232073550215966,106.76097289150141,19.9644
754.0,BTK702,-6.158234394361922,106.70814550878141,19.9644
754.0,CTV855,-6.2090988359943236,106.79485267764849,19.9644
755.0,SD05,-6.222930772635143,106.81781663353748,19.9644
755.0,LNI204,-6.2322926438773445,106.76110355119593,19.9644
755.0,BTK702,-6.157989900553257,106.70774993711923,19.9644
755.0,CTV855,-6.209290821593005,106.79517139504077,19.9644
756.0,SD05,-6.223062753600101,106.8180357637407,19.9644
756.0,LNI204,-6.23251173750656,106.76123421099956,19.9644
756.0,BTK702,-6.157745406453283,106.7073543658213,19.9644
756.0,CTV855,-6.209482807001041,106.79549011266543,19.9644
757.0,SD05,-6.223194734474743,106.818254894054,19.9644
757.0,LNI204,-6.2327308311036145,106.76136487091233,19.9644
757.0,BTK702,-6.1575009120620114,106.70695879488767,19.9644
757.0,CTV855,-6.209674792218423,106.7958088305225,19.9644
758.0,SD05,-6.2233267152590654,106.81847402447737,19.9644
758.0,LNI204,-6.232949924668502,106.76149553093424,19.9644
758.0,BTK702,-6.157256417379453,106.70656322431823,19.9644
758.0,CTV855,-6.209866777245148,106.79612754861198,19.9644
759.0,SD05,-6.2234586959530676,106.81869315501085,19.9644
759.0,LNI204,-6.2331690182012265,106.76162619106535,19.9644
759.0,BTK702,-6.157011922405621,106.70616765411306,19.9644
759.0,CTV855,-6.210058762081206,106.79644626693386,19.9644
760.0,SD05,-6.223590676556747,106.81891228565442,19.9644
760.0,LNI204,-6.233388111701783,106.76175685130559,19.9644
760.0,BTK702,-6.156767427140527,106.70577208427206,19.9644
760.0,CTV855,-6.210250746726594,106.79676498548817,19.9644
761.0,SD05,-6.223722657070104,106.81913141640808,19.9644
761.0,LNI204,-6.233607205170172,106.76188751165498,19.9644
761.0,BTK702,-6.156522931584181,106.7053765147953,19.9644
761.0,CTV855,-6.210442731181304,106.79708370427491,19.9644
762.0,SD05,-6.223854637493134,106.81935054727185,19.9644
762.0,LNI204,-6.23382629860639,106.76201817211353,19.9644
762.0,BTK702,-6.156278435736596,106.7049809456827,19.9644
762.0,CTV855,-6.210634715445332,106.79740242329409,19.9644
763.0,SD05,-6.223986617825837,106.81956967824571,19.9644
763.0,LNI204,-6.234045392010438,106.76214883268125,19.9644
763.0,BTK702,-6.156033939597782,106.70458537693426,19.9644
763.0,CTV855,-6.210826699518669,106.7977211425457,19.9644
764.0,SD05,-6.224118598068207,106.81978880932967,19.9644
764.0,LNI204,-6.2342644853823135,106.76227949335814,19.9644
764.0,BTK702,-6.155789443167751,106.70418980855001,19.9644
764.0,CTV855,-6.211018683401312,106.79803986202974,19.9644
765.0,SD05,-6.224250578220246,106.82000794052374,19.9644
765.0,LNI204,-6.234483578722015,106.76241015414419,19.9644
765.0,BTK702,-6.155544946446516,106.70379424052989,19.9644
765.0,CTV855,-6.211210667093252,106.79835858174624,19.9644
766.0,SD05,-6.224382558281951,106.8202270718279,19.9644
766.0,LNI204,-6.234702672029541,106.76254081503943,19.9644
766.0,BTK702,-6.155300449434087,106.70339867287389,19.9644
766.0,CTV855,-6.211402650594486,106.79867730169522,19.9644
767.0,SD05,-6.224514538253319,106.82044620324218,19.9644
767.0,LNI204,-6.2349217653048905,106.76267147604385,19.9644
767.0,BTK702,-6.155055952130477,106.703003105582,19.9644
767.0,CTV855,-6.211594633905006,106.79899602187666,19.9644
768.0,SD05,-6.2246465181343495,106.82066533476657,19.9644
768.0,LNI204,-6.235140858548061,106.76280213715745,19.9644
768.0,BTK702,-6.154811454535696,106.7026075386542,19.9644
768.0,CTV855,-6.211786617024805,106.79931474229059,19.9644
769.0,SD05,-6.22477849792504,106.82088446640107,19.9644
769.0,LNI204,-6.235359951759053,106.76293279838025,19.9644
769.0,BTK702,-6.154566956649757,106.70221197209051,19.9644
769.0,CTV855,-6.211978599953879,106.79963346293701,19.9644
770.0,SD05,-6.224910477625388,106.82110359814568,19.9644
770.0,LNI204,-6.235579044937862,106.76306345971224,19.9644
770.0,BTK702,-6.154322458472669,106.70181640589088,19.9644
770.0,CTV855,-6.212170582692219,106.79995218381592,19.9644
771.0,SD05,-6.225042457235391,106.82132273000042,19.9644
771.0,LNI204,-6.235798138084487,106.76319412115343,19.9644
771.0,BTK702,-6.154077960004447,106.7014208400553,19.9644
771.0,CTV855,-6.2123625652398236,106.80027090492732,19.9644
772.0,SD05,-6.225174436755048,106.82154186196526,19.9644
772.0,LNI204,-6.236017231198927,106.76332478270383,19.9644
772.0,BTK702,-6.1538334612451004,106.70102527458377,19.9644
772.0,CTV855,-6.212554547596681,106.80058962627122,19.9644
773.0,SD05,-6.225306416184357,106.82176099404023,19.9644
773.0,LNI204,-6.23623632428118,106.76345544436343,19.9644
773.0,BTK702,-6.153588962194642,106.70062970947625,19.9644
773.0,CTV855,-6.21274652976279,106.80090834784764,19.9644
774.0,SD05,-6.225438395523316,106.82198012622534,19.9644
774.0,LNI204,-6.2364554173312445,106.76358610613227,19.9644
774.0,BTK702,-6.153344462853083,106.70023414473276,19.9644
774.0,CTV855,-6.212938511738141,106.80122706965658,19.9644
775.0,SD05,-6.225570374771921,106.82219925852057,19.9644
775.0,LNI204,-6.236674510349119,106.76371676801031,19.9644
775.0,BTK702,-6.153099963220433,106.69983858035329,19.9644
775.0,CTV855,-6.21313049352273,106.80154579169805,19.9644
776.0,SD05,-6.225702353930175,106.82241839092592,19.9644
776.0,LNI204,-6.236893603334801,106.76384742999758,19.9644
776.0,BTK702,-6.152855463296706,106.69944301633775,19.9644
776.0,CTV855,-6.213322475116546,106.80186451397205,19.9644
777.0,SD05,-6.225834332998072,106.82263752344139,19.9644
777.0,LNI204,-6.237112696288288,106.76397809209409,19.9644
777.0,BTK702,-6.152610963081912,106.69904745268623,19.9644
777.0,CTV855,-6.213514456519596,106.8021832364786,19.9644
778.0,SD05,-6.225966311975611,106.822856656067,19.9644
778.0,LNI204,-6.237331789209579,106.76410875429984,19.9644
778.0,BTK702,-6.1523664625760635,106.69865188939865,19.9644
778.0,CTV855,-6.213706437731866,106.8025019592177,19.9644
779.0,SD05,-6.226098290862788,106.82307578880274,19.9644
779.0,LNI204,-6.237550882098669,106.76423941661481,19.9644
779.0,BTK702,-6.152121961779171,106.698256326475,19.9644
779.0,CTV855,-6.213898418753337,106.80282068218935,19.9644
780.0,SD05,-6.226230269659604,106.82329492164864,19.9644
780.0,LNI204,-6.237769974955559,106.76437007903907,19.9644
780.0,BTK702,-6.151877460691247,106.69786076391529,19.9644
780.0,CTV855,-6.21409039958402,106.80313940539355,19.9644
781.0,SD05,-6.226362248366056,106.82351405460469,19.9644
781.0,LNI204,-6.237989067780242,106.76450074157256,19.9644
781.0,BTK702,-6.151632959312303,106.69746520171952,19.9644
781.0,CTV855,-6.214282380223903,106.80345812883033,19.9644
782.0,SD05,-6.22649422698214,106.82373318767087,19.9644
782.0,LNI204,-6.238208160572717,106.76463140421532,19.9644
782.0,BTK702,-6.151388457642348,106.69706963988756,19.9644
782.0,CTV855,-6.21447436067298,106.80377685249971,19.9644
783.0,SD05,-6.226626205507857,106.82395232084718,19.9644
783.0,LNI204,-6.238427253332977,106.76476206696736,19.9644
783.0,BTK702,-6.151143955681395,106.69667407841959,19.9644
783.0,CTV855,-6.214666340931245,106.80409557640166,19.9644
784.0,SD05,-6.226758183943205,106.82417145413366,19.9644
784.0,LNI204,-6.238646346061023,106.76489272982869,19.9644
784.0,BTK702,-6.150899453429456,106.6962785173155,19.9644
784.0,CTV855,-6.214858320998692,106.8044143005362,19.9644
785.0,SD05,-6.226890162288179,106.82439058753027,19.9644
785.0,LNI204,-6.238865438756845,106.76502339279929,19.9644
785.0,BTK702,-6.150654950886541,106.69588295657522,19.9644
785.0,CTV855,-6.215050300875316,106.80473302490336,19.9644
786.0,SD05,-6.227022140542781,106.82460972103706,19.9644
786.0,LNI204,-6.239084531420435,106.76515405587922,19.9644
786.0,BTK702,-6.150410448052662,106.69548739619873,19.9644
786.0,CTV855,-6.215242280561109,106.8050517495031,19.9644
787.0,SD05,-6.227154118707006,106.82482885465399,19.9644
787.0,LNI204,-6.2392985653254005,106.76529263270942,19.9644
787.0,BTK702,-6.150165944927833,106.69509183618604,19.9644
787.0,CTV855,-6.215434260056065,106.80537047433545,19.9644
788.0,SD05,-6.227286096780851,106.82504798838107,19.9644
788.0,LNI204,-6.239489025120028,106.76546233113493,19.9644
788.0,BTK702,-6.1499214415120615,106.69469627653714,19.9644
788.0,CTV855,-6.21562623936018,106.80568919940042,19.9644
789.0,SD05,-6.227418074764319,106.82526712221832,19.9644
789.0,LNI204,-6.239649887827971,106.76566062383544,19.9644
789.0,BTK702,-6.149676937805362,106.69430071725205,19.9644
789.0,CTV855,-6.215818218473444,106.80600792469804,19.9644
790.0,SD05,-6.227550052657403,106.82548625616573,19.9644
790.0,LNI204,-6.2397769687378855,106.76588235239306,19.9644
790.0,BTK702,-6.149432433807743,106.69390515833075,19.9644
790.0,CTV855,-6.216010197395855,106.80632665022829,19.9644
791.0,SD05,-6.227682030460103,106.8257053902233,19.9644
791.0,LNI204,-6.2398669619441876,106.76612174871633,19.9644
791.0,BTK702,-6.149187929519217,106.69350959977325,19.9644
791.0,CTV855,-6.216202176127405,106.80664537599118,19.9644
792.0,SD05,-6.227814008172417,106.82592452439104,19.9644
792.0,LNI204,-6.239917526347463,106.76637258509406,19.9644
792.0,BTK702,-6.148943424939795,106.69311404157955,19.9644
792.0,CTV855,-6.216394154668087,106.80696410198671,19.9644
793.0,SD05,-6.227945985794343,106.82614365866894,19.9644
793.0,LNI204,-6.239927346556259,106.76662833620631,19.9644
793.0,BTK702,-6.1486989200694895,106.69271848374964,19.9644
793.0,CTV855,-6.2165861330178975,106.80728282821492,19.9644
794.0,SD05,-6.2280779633258785,106.82636279305703,19.9644
794.0,LNI204,-6.2399175441693036,106.76688436575532,19.9644
794.0,BTK702,-6.148454414908312,106.69232292628354,19.9644
794.0,CTV855,-6.216778111176828,106.80760155467577,19.9644
795.0,SD05,-6.228209940767023,106.82658192755528,19.9644
795.0,LNI204,-6.2399077416587,106.76714039529475,19.9644
795.0,BTK702,-6.148209909456274,106.69192736918097,19.9644
795.0,CTV855,-6.216970089144873,106.8079202813693,19.9644
796.0,SD05,-6.228341918117773,106.82680106216371,19.9644
796.0,LNI204,-6.23989793902445,106.76739642482458,19.9644
796.0,BTK702,-6.147965403713386,106.69153181244218,19.9644
796.0,CTV855,-6.217162066922026,106.80823900829554,19.9644
797.0,SD05,-6.228473895378127,106.82702019688232,19.9644
797.0,LNI204,-6.239888136266552,106.76765245434486,19.9644
797.0,BTK702,-6.147720897679658,106.69113625606715,19.9644
797.0,CTV855,-6.217354044508281,106.80855773545443,19.9644
798.0,SD05,-6.2286058725480835,106.82723933171111,19.9644
798.0,LNI204,-6.239878333385006,106.76790848385554,19.9644
798.0,BTK702,-6.147476391355104,106.69074070005567,19.9644
798.0,CTV855,-6.217546021903633,106.80887646284602,19.9644
799.0,SD05,-6.228737849627639,106.82745846665009,19.9644
799.0,LNI204,-6.239868530379808,106.76816451335664,19.9644
799.0,BTK702,-6.147231884739732,106.69034514440797,19.9644
799.0,CTV855,-6.217737999108076,106.80919519047032,19.9644
800.0,SD05,-6.228869826616793,106.82767760169924,19.9644
800.0,LNI204,-6.2398587272509625,106.76842054284818,19.9644
800.0,BTK702,-6.146987377833556,106.6899495891238,19.9644
800.0,CTV855,-6.217929976121602,106.80951391832734,19.9644
801.0,SD05,-6.229001803515542,106.82789673685858,19.9644
801.0,LNI204,-6.239848923998468,106.76867657233012,19.9644
801.0,BTK702,-6.1467428706365865,106.68955403420334,19.9644
801.0,CTV855,-6.218121952944206,106.80983264641704,19.9644
802.0,SD05,-6.2291337803238855,106.82811587212811,19.9644
802.0,LNI204,-6.239839120622325,106.76893260180248,19.9644
802.0,BTK702,-6.146498363148833,106.68915847964648,19.9644
802.0,CTV855,-6.218313929575881,106.81015137473946,19.9644
803.0,SD05,-6.229265757041822,106.82833500750785,19.9644
803.0,LNI204,-6.239829317122534,106.76918863126525,19.9644
803.0,BTK702,-6.146253855370309,106.68876292545319,19.9644
803.0,CTV855,-6.218505906016624,106.81047010329463,19.9644
804.0,SD05,-6.229397733669348,106.82855414299777,19.9644
804.0,LNI204,-6.239819513499092,106.76944466071846,19.9644
804.0,BTK702,-6.146009347301026,106.68836737162353,19.9644
804.0,CTV855,-6.218697882266424,106.81078883208255,19.9644
805.0,SD05,-6.22952971020646,106.82877327859788,19.9644
805.0,LNI204,-6.239809709751999,106.76970069016208,19.9644
805.0,BTK702,-6.145764838940993,106.68797181815745,19.9644
805.0,CTV855,-6.218889858325278,106.81110756110321,19.9644
806.0,SD05,-6.229661686653156,106.8289924143082,19.9644
806.0,LNI204,-6.239799905881256,106.76995671959612,19.9644
806.0,BTK702,-6.145520330290224,106.68757626505493,19.9644
806.0,CTV855,-6.219081834193181,106.81142629035662,19.9644
807.0,SD05,-6.229793663009439,106.82921155012873,19.9644
807.0,LNI204,-6.239790101886863,106.77021274902059,19.9644
807.0,BTK702,-6.145275821348726,106.68718071231592,19.9644
807.0,CTV855,-6.219273809870124,106.81174501984279,19.9644
808.0,SD05,-6.229925639275302,106.82943068605945,19.9644
808.0,LNI204,-6.23978029776882,106.77046877843547,19.9644
808.0,BTK702,-6.1450313121165125,106.68678515994047,19.9644
808.0,CTV855,-6.219465785356101,106.81206374956172,19.9644
809.0,SD05,-6.230057615450748,106.82964982210038,19.9644
809.0,LNI204,-6.239770493527126,106.77072480784076,19.9644
809.0,BTK702,-6.144786802593595,106.68638960792853,19.9644
809.0,CTV855,-6.219657760651106,106.81238247951342,19.9644
810.0,SD05,-6.230189591535771,106.82986895825152,19.9644
810.0,LNI204,-6.239760689161781,106.77098083723646,19.9644
810.0,BTK702,-6.144542292779983,106.68599405628011,19.9644
810.0,CTV855,-6.219849735755134,106.81270120969789,19.9644
811.0,SD05,-6.23032156753037,106.83008809451289,19.9644
811.0,LNI204,-6.239750884672786,106.7712368666226,19.9644
811.0,BTK702,-6.144297782675688,106.68559850499518,19.9644
811.0,CTV855,-6.22004171066818,106.81301994011515,19.9644
812.0,SD05,-6.230453543434544,106.83030723088446,19.9644
812.0,LNI204,-6.239741080060138,106.77149289599915,19.9644
812.0,BTK702,-6.144053272280721,106.68520295407372,19.9644
812.0,CTV855,-6.220233685390236,106.8133386707652,19.9644
813.0,SD05,-6.23058551924829,106.83052636736625,19.9644
813.0,LNI204,-6.239731275323837,106.77174892536611,19.9644
813.0,BTK702,-6.1438087615950945,106.6848074035157,19.9644
813.0,CTV855,-6.220425659921294,106.81365740164807,19.9644
814.0,SD05,-6.230717494971605,106.83074550395824,19.9644
814.0,LNI204,-6.239721470463885,106.7720049547235,19.9644
814.0,BTK702,-6.143564250618819,106.68441185332117,19.9644
814.0,CTV855,-6.220617634261352,106.81397613276374,19.9644
815.0,SD05,-6.230849470604489,106.83096464066045,19.9644
815.0,LNI204,-6.2397116654802804,106.77226098407131,19.9644
815.0,BTK702,-6.143319739351903,106.68401630349007,19.9644
815.0,CTV855,-6.220809608410401,106.81429486411224,19.9644
816.0,SD05,-6.230981446146938,106.8311837774729,19.9644
816.0,LNI204,-6.239701860373023,106.77251701340953,19.9644
816.0,BTK702,-6.14307522779436,106.68362075402239,19.9644
816.0,CTV855,-6.221001582368438,106.81461359569357,19.9644
817.0,SD05,-6.231113421598952,106.83140291439557,19.9644
817.0,LNI204,-6.239692055142112,106.77277304273815,19.9644
817.0,BTK702,-6.142830715946205,106.6832252049181,19.9644
817.0,CTV855,-6.221193556135453,106.8149323275077,19.9644
818.0,SD05,-6.231245396960528,106.83162205142847,19.9644
818.0,LNI204,-6.239682249787547,106.77302907205721,19.9644
818.0,BTK702,-6.142586203807437,106.68282965617723,19.9644
818.0,CTV855,-6.2213855297114415,106.81525105955467,19.9644
819.0,SD05,-6.231377372231663,106.83184118857159,19.9644
819.0,LNI204,-6.239672444309329,106.77328510136668,19.9644
819.0,BTK702,-6.1423416913780775,106.68243410779972,19.9644
819.0,CTV855,-6.2215775030963965,106.81556979183449,19.9644
820.0,SD05,-6.2315093474123575,106.83206032582495,19.9644
820.0,LNI204,-6.239662638707457,106.77354113066657,19.9644
820.0,BTK702,-6.142097178658131,106.68203855978561,19.9644
820.0,CTV855,-6.221769476290313,106.8158885243472,19.9644
821.0,SD05,-6.231641322502607,106.83227946318854,19.9644
821.0,LNI204,-6.23965283298193,106.77379715995689,19.9644
821.0,BTK702,-6.141852665647613,106.68164301213483,19.9644
821.0,CTV855,-6.221961449293185,106.81620725709271,19.9644
822.0,SD05,-6.231773297502411,106.83249860066238,19.9644
822.0,LNI204,-6.239643027132746,106.7740531892376,19.9644
822.0,BTK702,-6.14160815234653,106.68124746484739,19.9644
822.0,CTV855,-6.222153422105006,106.81652599007111,19.9644
823.0,SD05,-6.231905272411766,106.83271773824646,19.9644
823.0,LNI204,-6.239633221159906,106.77430921850873,19.9644
823.0,BTK702,-6.141363638754894,106.68085191792329,19.9644
823.0,CTV855,-6.222345394725769,106.81684472328244,19.9644
824.0,SD05,-6.232037247230671,106.83293687594076,19.9644
824.0,LNI204,-6.239623415063411,106.77456524777028,19.9644
824.0,BTK702,-6.141119124872717,106.68045637136248,19.9644
824.0,CTV855,-6.222537367155469,106.81716345672656,19.9644
825.0,SD05,-6.232169221959123,106.83315601374532,19.9644
825.0,LNI204,-6.2396136088432606,106.77482127702226,19.9644
825.0,BTK702,-6.140874610700009,106.68006082516497,19.9644
825.0,CTV855,-6.2227293393941,106.81748219040362,19.9644
826.0,SD05,-6.232301196597123,106.83337515166012,19.9644
826.0,LNI204,-6.239603802499451,106.77507730626465,19.9644
826.0,BTK702,-6.140630096236779,106.67966527933075,19.9644
826.0,CTV855,-6.222921311441654,106.81780092431357,19.9644
827.0,SD05,-6.232433171144666,106.83359428968518,19.9644
827.0,LNI204,-6.239593996031983,106.77533333549745,19.9644
827.0,BTK702,-6.14038558148304,106.67926973385981,19.9644
827.0,CTV855,-6.223113283298127,106.81811965845641,19.9644
828.0,SD05,-6.232565145601752,106.83381342782047,19.9644
828.0,LNI204,-6.239584189440859,106.77558936472067,19.9644
828.0,BTK702,-6.140141066438801,106.67887418875213,19.9644
828.0,CTV855,-6.2233052549635115,106.81843839283219,19.9644
829.0,SD05,-6.232697119968378,106.83403256606604,19.9644
829.0,LNI204,-6.239574382726074,106.7758453939343,19.9644
829.0,BTK702,-6.139896551104072,106.6784786440077,19.9644
829.0,CTV855,-6.223497226437803,106.81875712744085,19.9644
830.0,SD05,-6.232829094244542,106.83425170442185,19.9644
830.0,LNI204,-6.239564575887631,106.77610142313834,19.9644
830.0,BTK702,-6.139652035478864,106.67808309962649,19.9644
830.0,CTV855,-6.223689197720994,106.81907586228246,19.9644
831.0,SD05,-6.232961068430241,106.83447084288791,19.9644
831.0,LNI204,-6.239554768925527,106.7763574523328,19.9644
831.0,BTK702,-6.139407519563187,106.6776875556085,19.9644
831.0,CTV855,-6.223881168813077,106.819394597357,19.9644
832.0,SD05,-6.233093042525474,106.83468998146425,19.9644
832.0,LNI204,-6.239544961839761,106.77661348151769,19.9644
832.0,BTK702,-6.139163003357052,106.67729201195371,19.9644
832.0,CTV855,-6.224073139714048,106.81971333266445,19.9644
833.0,SD05,-6.233225016530239,106.83490912015087,19.9644
833.0,LNI204,-6.239535154630334,106.77686951069299,19.9644
833.0,BTK702,-6.138918486860468,106.67689646866212,19.9644
833.0,CTV855,-6.224265110423901,106.82003206820495,19.9644
834.0,SD05,-6.233356990444535,106.8351282589477,19.9644
834.0,LNI204,-6.239525347297246,106.7771255398587,19.9644
834.0,BTK702,-6.138673970073445,106.6765009257337,19.9644
834.0,CTV855,-6.224457080942631,106.82035080397824,19.9644
835.0,SD05,-6.233488964268357,106.83534739785482,19.9644
835.0,LNI204,-6.239515539840493,106.77738156901482,19.9644
835.0,BTK702,-6.138429452995995,106.67610538316846,19.9644
835.0,CTV855,-6.22464905127023,106.82066953998458,19.9644
836.0,SD05,-6.233620938001709,106.83556653687221,19.9644
836.0,LNI204,-6.239505732260078,106.77763759816136,19.9644
836.0,BTK702,-6.138184935628126,106.67570984096636,19.9644
836.0,CTV855,-6.224841021406693,106.82098827622397,19.9644
837.0,SD05,-6.233752911644584,106.83578567599987,19.9644
837.0,LNI204,-6.239495924555997,106.77789362729831,19.9644
837.0,BTK702,-6.1379404179698485,106.6753142991274,19.9644
837.0,CTV855,-6.225032991352009,106.82130701269617,19.9644
838.0,SD05,-6.233884885196979,106.83600481523781,19.9644
838.0,LNI204,-6.23948611672825,106.77814965642568,19.9644
838.0,BTK702,-6.137695900021171,106.67491875765157,19.9644
838.0,CTV855,-6.225224961106176,106.82162574940139,19.9644
839.0,SD05,-6.234016858658894,106.83622395458603,19.9644
839.0,LNI204,-6.239476308776836,106.77840568554348,19.9644
839.0,BTK702,-6.137451381782106,106.67452321653884,19.9644
839.0,CTV855,-6.225416930669187,106.82194448633967,19.9644
840.0,SD05,-6.2341488320303275,106.83644309404453,19.9644
840.0,LNI204,-6.239466500701755,106.77866171465168,19.9644
840.0,BTK702,-6.137206863252661,106.67412767578922,19.9644
840.0,CTV855,-6.225608900041037,106.82226322351102,19.9644
841.0,SD05,-6.234280805311277,106.8366622336133,19.9644
841.0,LNI204,-6.239456692503006,106.77891774375028,19.9644
841.0,BTK702,-6.136962344432846,106.67373213540267,19.9644
841.0,CTV855,-6.225800869221718,106.82258196091522,19.9644
842.0,SD05,-6.23441277850174,106.83688137329234,19.9644
842.0,LNI204,-6.239446884180587,106.7791737728393,19.9644
842.0,BTK702,-6.1367178253226715,106.67333659537923,19.9644
842.0,CTV855,-6.2259928382112255,106.82290069855239,19.9644
843.0,SD05,-6.234544751601716,106.8371005130817,19.9644
843.0,LNI204,-6.239437075734497,106.77942980191874,19.9644
843.0,BTK702,-6.136473305922144,106.67294105571881,19.9644
843.0,CTV855,-6.2261848070095525,106.82321943642262,19.9644
844.0,SD05,-6.234676724611201,106.83731965298135,19.9644
844.0,LNI204,-6.239427267164735,106.7796858309886,19.9644
844.0,BTK702,-6.136228786231275,106.67254551642145,19.9644
844.0,CTV855,-6.226376775616693,106.82353817452591,19.9644
845.0,SD05,-6.234808697530195,106.83753879299128,19.9644
845.0,LNI204,-6.2394174584713,106.77994186004887,19.9644
845.0,BTK702,-6.135984266250073,106.67214997748714,19.9644
845.0,CTV855,-6.226568744032641,106.82385691286225,19.9644
846.0,SD05,-6.234940670358694,106.83775793311149,19.9644
846.0,LNI204,-6.23940764965419,106.78019788909953,19.9644
846.0,BTK702,-6.1357397459785465,106.67175443891583,19.9644
846.0,CTV855,-6.22676071225739,106.82417565143166,19.9644
847.0,SD05,-6.2350726430966965,106.83797707334203,19.9644
847.0,LNI204,-6.239397840713404,106.78045391814062,19.9644
847.0,BTK702,-6.135495225416705,106.67135890070753,19.9644
847.0,CTV855,-6.2269526802909345,106.82449439023412,19.9644
848.0,SD05,-6.235204615744203,106.83819621368285,19.9644
848.0,LNI204,-6.239388031648942,106.78070994717213,19.9644
848.0,BTK702,-6.135250704564555,106.67096336286225,19.9644
848.0,CTV855,-6.227144648133268,106.82481312926964,19.9644
849.0,SD05,-6.235336588301208,106.83841535413397,19.9644
849.0,LNI204,-6.239378222460799,106.78096597619404,19.9644
849.0,BTK702,-6.135006183422107,106.67056782537996,19.9644
849.0,CTV855,-6.227336615784384,106.82513186853822,19.9644
850.0,SD05,-6.2354685607677105,106.8386344946954,19.9644
850.0,LNI204,-6.239368413148978,106.78122200520637,19.9644
850.0,BTK702,-6.134761661989368,106.67017228826062,19.9644
850.0,CTV855,-6.227528583244276,106.82545060803986,19.9644
851.0,SD05,-6.235600533143711,106.83885363536712,19.9644
851.0,LNI204,-6.239358603713474,106.78147803420912,19.9644
851.0,BTK702,-6.134517140266346,106.66977675150424,19.9644
851.0,CTV855,-6.22772055051294,106.82576934777455,19.9644
852.0,SD05,-6.235732505429205,106.83907277614915,19.9644
852.0,LNI204,-6.239348794154286,106.78173406320226,19.9644
852.0,BTK702,-6.134272618253051,106.66938121511082,19.9644
852.0,CTV855,-6.227912517590368,106.8260880877423,19.9644
853.0,SD05,-6.23586447762419,106.8392919170415,19.9644
853.0,LNI204,-6.239338984471412,106.78199009218582,19.9644
853.0,BTK702,-6.134028095949483,106.66898567908032,19.9644
853.0,CTV855,-6.228104484476554,106.82640682794312,19.9644
854.0,SD05,-6.235996449728664,106.83951105804415,19.9644
854.0,LNI204,-6.23932917466485,106.7822461211598,19.9644
854.0,BTK702,-6.1337835733556565,106.66859014341276,19.9644
854.0,CTV855,-6.2282964511714916,106.82672556837699,19.9644
855.0,SD05,-6.236128421742627,106.83973019915713,19.9644
855.0,LNI204,-6.239319364734599,106.7825021501242,19.9644
855.0,BTK702,-6.133539050471574,106.66819460810811,19.9644
855.0,CTV855,-6.228488417675175,106.82704430904403,19.9644
856.0,SD05,-6.236260393666075,106.83994934038041,19.9644
856.0,LNI204,-6.239309554680653,106.782758179079,19.9644
856.0,BTK702,-6.133294527297252,106.66779907316636,19.9644
856.0,CTV855,-6.228680383987598,106.8273630499443,19.9644
857.0,SD05,-6.236392365499009,106.84016848171403,19.9644
857.0,LNI204,-6.239299744503014,106.7830142080242,19.9644
857.0,BTK702,-6.133050003832687,106.66740353858751,19.9644
857.0,CTV855,-6.228872350108755,106.82768179107762,19.9644
858.0,SD05,-6.236524337241424,106.84038762315795,19.9644
858.0,LNI204,-6.239289934201678,106.78327023695982,19.9644
858.0,BTK702,-6.132805480077888,106.66700800437155,19.9644
858.0,CTV855,-6.229064316038638,106.82800053244401,19.9644
859.0,SD05,-6.236656308893319,106.8406067647122,19.9644
859.0,LNI204,-6.239280123776642,106.78352626588585,19.9644
859.0,BTK702,-6.132560956032859,106.66661247051843,19.9644
859.0,CTV855,-6.229256281777242,106.8283192740435,19.9644
860.0,SD05,-6.236788280454692,106.84082590637679,19.9644
860.0,LNI204,-6.239270313227904,106.78378229480231,19.9644
860.0,BTK702,-6.132316431697606,106.66621693702821,19.9644
860.0,CTV855,-6.229448247324561,106.82863801587628,19.9644
861.0,SD05,-6.2369202519255404,106.8410450481517,19.9644
861.0,LNI204,-6.239260502555459,106.78403832370915,19.9644
861.0,BTK702,-6.132071907072134,106.66582140390085,19.9644
861.0,CTV855,-6.229640212680589,106.82895675794212,19.9644
862.0,SD05,-6.237052223305863,106.84126419003694,19.9644
862.0,LNI204,-6.239250691759304,106.78429435260642,19.9644
862.0,BTK702,-6.1318273821564455,106.66542587113628,19.9644
862.0,CTV855,-6.22983217784532,106.82927550024105,19.9644
863.0,SD05,-6.237184194595656,106.84148333203251,19.9644
863.0,LNI204,-6.239240880839437,106.7845503814941,19.9644
863.0,BTK702,-6.131582856950543,106.66503033873457,19.9644
863.0,CTV855,-6.230024142818747,106.8295942427733,19.9644
864.0,SD05,-6.237316165794921,106.84170247413842,19.9644
864.0,LNI204,-6.239231069795851,106.78480641037218,19.9644
864.0,BTK702,-6.131338331454431,106.66463480669569,19.9644
864.0,CTV855,-6.230216107600862,106.8299129855386,19.9644
865.0,SD05,-6.237448136903652,106.84192161635467,19.9644
865.0,LNI204,-6.239221258628546,106.78506243924066,19.9644
865.0,BTK702,-6.131093805668109,106.66423927501963,19.9644
865.0,CTV855,-6.230408072191663,106.83023172853713,19.9644
866.0,SD05,-6.237580107921849,106.84214075868124,19.9644
866.0,LNI204,-6.239211447337514,106.78531846809956,19.9644
866.0,BTK702,-6.130849279591577,106.66384374370637,19.9644
866.0,CTV855,-6.2306000365911425,106.83055047176883,19.9644
867.0,SD05,-6.23771207884951,106.84235990111817,19.9644
867.0,LNI204,-6.23920163592275,106.78557449694887,19.9644
867.0,BTK702,-6.130604753224837,106.66344821275591,19.9644
867.0,CTV855,-6.230792000799293,106.8308692152337,19.9644
868.0,SD05,-6.237844049686633,106.84257904366544,19.9644
868.0,LNI204,-6.23919182438425,106.78583052578858,19.9644
868.0,BTK702,-6.130360226567884,106.66305268216826,19.9644
868.0,CTV855,-6.23098396481611,106.8311879589318,19.9644
869.0,SD05,-6.237976020433217,106.84279818632307,19.9644
869.0,LNI204,-6.239182012722007,106.78608655461869,19.9644
869.0,BTK702,-6.130115699620717,106.66265715194339,19.9644
869.0,CTV855,-6.231175928641586,106.8315067028631,19.9644
870.0,SD05,-6.238107991089258,106.84301732909103,19.9644
870.0,LNI204,-6.239172200936014,106.78634258343922,19.9644
870.0,BTK702,-6.129871172383328,106.66226162208132,19.9644
870.0,CTV855,-6.231367892275714,106.8318254470276,19.9644
871.0,SD05,-6.238239961654755,106.84323647196936,19.9644
871.0,LNI204,-6.239162389026267,106.78659861225016,19.9644
871.0,BTK702,-6.129626644855712,106.66186609258203,19.9644
871.0,CTV855,-6.2315598557184915,106.83214419142534,19.9644
872.0,SD05,-6.238371932129705,106.84345561495803,19.9644
872.0,LNI204,-6.239152576992755,106.7868546410515,19.9644
872.0,BTK702,-6.129382117037853,106.66147056344552,19.9644
872.0,CTV855,-6.231751818969909,106.83246293605625,19.9644
873.0,SD05,-6.2385039025141085,106.84367475805706,19.9644
873.0,LNI204,-6.23914276483547,106.78711066984324,19.9644
873.0,BTK702,-6.129137588929745,106.66107503467181,19.9644
873.0,CTV855,-6.231943782029961,106.83278168092049,19.9644
874.0,SD05,-6.2386358728079605,106.84389390126645,19.9644
874.0,LNI204,-6.239132952554401,106.7873666986254,19.9644
874.0,BTK702,-6.128893060531365,106.66067950626089,19.9644
874.0,CTV855,-6.232135744898643,106.83310042601792,19.9644
875.0,SD05,-6.238767843011261,106.84411304458622,19.9644
875.0,LNI204,-6.239123140149537,106.78762272739797,19.9644
875.0,BTK702,-6.1286485318426935,106.66028397821277,19.9644
875.0,CTV855,-6.232327707575945,106.83341917134857,19.9644
876.0,SD05,-6.238899813124007,106.84433218801634,19.9644
876.0,LNI204,-6.239113327620863,106.78787875616095,19.9644
876.0,BTK702,-6.128404002863701,106.65988845052745,19.9644
876.0,CTV855,-6.232519670061864,106.83373791691255,19.9644
877.0,SD05,-6.2390317831461966,106.84455133155681,19.9644
877.0,LNI204,-6.239103514968368,106.78813478491432,19.9644
877.0,BTK702,-6.12815947359435,106.65949292320497,19.9644
877.0,CTV855,-6.232711632356391,106.83405666270977,19.9644
878.0,SD05,-6.239163753077828,106.84477047520767,19.9644
878.0,LNI204,-6.239093702192033,106.7883908136581,19.9644
878.0,BTK702,-6.12791494403459,106.65909739624533,19.9644
878.0,CTV855,-6.232903594459524,106.83437540874024,19.9644
879.0,SD05,-6.239295722918898,106.8449896189689,19.9644
879.0,LNI204,-6.239083889291839,106.78864684239228,19.9644
879.0,BTK702,-6.127670417262812,106.65870187462797,18.960231
879.0,CTV855,-6.233095556371254,106.83469415500397,19.9644
880.0,SD05,-6.2394276926694054,106.84520876284049,19.9644
880.0,LNI204,-6.239074076267761,106.78890287111686,19.9644
880.0,BTK702,-6.127425914389324,106.65830639249883,16.151971
880.0,CTV855,-6.233287518091575,106.83501290150105,19.9644
881.0,SD05,-6.23955966232935,106.84542790682247,19.9644
881.0,LNI204,-6.239064263119767,106.78915889983183,19.9644
881.0,BTK702,-6.12718144397021,106.65791096369723,13.343711
881.0,CTV855,-6.23347947962048,106.8353316482314,19.9644
882.0,SD05,-6.239691631898727,106.84564705091482,19.9644
882.0,LNI204,-6.239054449847828,106.78941492853721,19.9644
882.0,BTK702,-6.126937005999025,106.65751558821292,10.535451
882.0,CTV855,-6.2336714409579645,106.83565039519505,19.9644
883.0,SD05,-6.2398236013775366,106.84586619511755,19.9644
883.0,LNI204,-6.239044636451893,106.78967095723299,19.9644
883.0,BTK702,-6.126692600469228,106.65712026603549,7.727191
883.0,CTV855,-6.233863402104022,106.83596914239199,19.9644
884.0,SD05,-6.239955570765774,106.84608533943067,19.9644
884.0,LNI204,-6.239034822931906,106.78992698591915,19.9644
884.0,BTK702,-6.12644822737406,106.65672499715485,4.918931
884.0,CTV855,-6.234055363058645,106.83628788982224,19.9644
885.0,SD05,-6.240087540063439,106.84630448385417,19.9644
885.0,LNI204,-6.239025009287789,106.79018301459571,19.9644
885.0,BTK702,-6.1262038867061435,106.65632978156115,2.110671
885.0,CTV855,-6.2342473238218306,106.83660663748583,19.9644
886.0,SD05,-6.240219509270531,106.84652362838807,19.9644
886.0,LNI204,-6.23901509280014,106.79043903886047,19.9644
886.0,BTK702,-6.12595957765178,106.65593461794427,0.0
886.0,CTV855,-6.234439284393567,106.83692538538274,19.9644
887.0,SD05,-6.240351478387046,106.84674277303235,19.9644
887.0,LNI204,-6.23898176187721,106.79069277447384,19.9644
887.0,BTK702,-6.125715278337828,106.65553947051355,0.0
887.0,CTV855,-6.234631244773854,106.837244133513,19.9644
888.0,SD05,-6.240483447412984,106.84696191778701,19.9644
888.0,LNI204,-6.23890831459376,106.79093781936885,19.9644
888.0,BTK702,-6.125470979023876,106.65514432326364,0.0
888.0,CTV855,-6.234823204962682,106.8375628818766,19.9644
889.0,SD05,-6.2406154163483425,106.84718106265208,19.9644
889.0,LNI204,-6.238796661620597,106.79116779888894,19.9644
889.0,BTK702,-6.125226679709924,106.65474917619456,0.0
889.0,CTV855,-6.2350151649600445,106.83788163047355,19.9644
890.0,SD05,-6.2407473851931154,106.84740020762754,19.9644
890.0,LNI204,-6.238649707518194,106.79137673029751,19.9644
890.0,BTK702,-6.124982380395973,106.65435402930628,0.0
890.0,CTV855,-6.235207124765937,106.83820037930386,19.9644
891.0,SD05,-6.240879353947307,106.84761935271341,19.9644
891.0,LNI204,-6.2384712751769325,106.7915591784157,19.9644
891.0,BTK702,-6.124738081082021,106.65395888259881,0.0
891.0,CTV855,-6.235399084380354,106.83851912836754,19.9644
892.0,SD05,-6.241011322610905,106.84783849790968,19.9644
892.0,LNI204,-6.2382660063677475,106.79171039701511,19.9644
892.0,BTK702,-6.124493781768069,106.65356373607212,0.0
892.0,CTV855,-6.23559104380328,106.83883787766459,19.9644
893.0,SD05,-6.241143291183926,106.84805764321635,19.9644
893.0,LNI204,-6.238040060408226,106.7918282808041,19.9644
893.0,BTK702,-6.124249482454117,106.65316858972622,0.0
893.0,CTV855,-6.235783003034717,106.83915662719501,19.9644
894.0,SD05,-6.241275259666352,106.84827678863341,19.9644
894.0,LNI204,-6.237809641730204,106.7919374630957,19.9644
894.0,BTK702,-6.124005183140166,106.6527734435611,0.0
894.0,CTV855,-6.2359749620746605,106.83947537695882,19.9644
895.0,SD05,-6.2414072280581845,106.84849593416091,19.9644
895.0,LNI204,-6.237579223029709,106.79204664529131,19.9644
895.0,BTK702,-6.123760883826214,106.65237829757675,0.0
895.0,CTV855,-6.236166920923107,106.83979412695604,19.9644
896.0,SD05,-6.2415391963594224,106.84871507979881,19.9644
896.0,LNI204,-6.23734880430674,106.79215582739093,19.9644
896.0,BTK702,-6.123516584512262,106.65198315177315,0.0
896.0,CTV855,-6.236358879580045,106.84011287718667,19.9644
897.0,SD05,-6.241671164570066,106.84893422554711,19.9644
897.0,LNI204,-6.237118385561301,106.79226500939458,19.9644
897.0,BTK702,-6.12327228519831,106.65158800615032,0.0
897.0,CTV855,-6.23655083804547,106.84043162765069,19.9644
898.0,SD05,-6.2418031326901104,106.84915337140583,19.9644
898.0,LNI204,-6.2368879667933905,106.79237419130224,19.9644
898.0,BTK702,-6.123027985884359,106.65119286070825,0.0
898.0,CTV855,-6.236742796319373,106.84075037834812,19.9644
899.0,SD05,-6.241935100719548,106.84937251737497,19.9644
899.0,LNI204,-6.236657548003009,106.79248337311392,19.9644
899.0,BTK702,-6.122783686570407,106.6507977154469,0.0
899.0,CTV855,-6.23693475440175,106.84106912927899,19.9644
900.0,SD05,-6.24206706865839,106.84959166345455,19.9644
900.0,LNI204,-6.236427129190157,106.79259255482967,19.9644
900.0,BTK702,-6.122539387256455,106.6504025703663,0.0
900.0,CTV855,-6.237126712292593,106.84138788044329,19.9644
901.0,SD05,-6.242199036506621,106.84981080964452,19.9644
901.0,LNI204,-6.236196710354837,106.79270173644943,19.9644
901.0,BTK702,-6.122295087942503,106.6500074254664,0.0
901.0,CTV855,-6.2373186699918985,106.841706631841,19.9644
902.0,SD05,-6.242331004264248,106.85002995594493,19.9644
902.0,LNI204,-6.235966291497048,106.79281091797321,19.9644
902.0,BTK702,-6.122050788628552,106.64961228074723,0.0
902.0,CTV855,-6.237510627499657,106.84202538347219,19.9644
903.0,SD05,-6.242462971931266,106.85024910235579,19.9644
903.0,LNI204,-6.235735872616793,106.79292009940106,19.9644
903.0,BTK702,-6.1218064893146,106.64921713620879,0.0
903.0,CTV855,-6.237702584815866,106.84234413533683,19.9644
904.0,SD05,-6.242594939507673,106.85046824887704,19.9644
904.0,LNI204,-6.2355054537140715,106.79302928073294,19.9644
904.0,BTK702,-6.121562190000648,106.64882199185105,0.0
904.0,CTV855,-6.2378945419405145,106.84266288743491,19.9644
905.0,SD05,-6.242726906993467,106.85068739550873,19.9644
905.0,LNI204,-6.235275034788884,106.79313846196887,19.9644
905.0,BTK702,-6.121317890686696,106.648426847674,0.0
905.0,CTV855,-6.2380864988736,106.84298163976649,19.9644
906.0,SD05,-6.242858874388647,106.85090654225085,19.9644
906.0,LNI204,-6.235044615841233,106.79324764310884,19.9644
906.0,BTK702,-6.1210735913727445,106.64803170367765,0.0
906.0,CTV855,-6.2382784556151165,106.8433003923315,19.9644
907.0,SD05,-6.242990841693211,106.85112568910343,19.9644
907.0,LNI204,-6.234814196871118,106.79335682415287,19.9644
907.0,BTK702,-6.120829292058793,106.64763655986197,0.0
907.0,CTV855,-6.238470412165056,106.84361914513005,19.9644
908.0,SD05,-6.243122808907153,106.85134483606643,19.9644
908.0,LNI204,-6.234583777878539,106.79346600510097,19.9644
908.0,BTK702,-6.120584992744841,106.64724141622698,0.0
908.0,CTV855,-6.238662368523413,106.84393789816203,19.9644
909.0,SD05,-6.2432547760304775,106.85156398313988,19.9644
909.0,LNI204,-6.234353358863499,106.79357518595312,19.9644
909.0,BTK702,-6.120340693430889,106.64684627277263,0.0
909.0,CTV855,-6.23885432469018,106.84425665142754,19.9644
910.0,SD05,-6.243386743063176,106.85178313032377,19.9644
910.0,LNI204,-6.234122939825998,106.79368436670934,19.9644
910.0,BTK702,-6.1200963941169375,106.64645112949896,0.0
910.0,CTV855,-6.239046280665352,106.84457540492654,19.9644
911.0,SD05,-6.243518710005252,106.85200227761811,19.9644
911.0,LNI204,-6.233892520766036,106.79379354736962,19.9644
911.0,BTK702,-6.119852094802986,106.64605598640594,0.0
911.0,CTV855,-6.239238236448923,106.84489415865907,19.9644
912.0,SD05,-6.2436506768567,106.85222142502292,19.9644
912.0,LNI204,-6.233662101683614,106.79390272793398,19.9644
912.0,BTK702,-6.119607795489034,106.64566084349354,0.0
912.0,CTV855,-6.239430192040884,106.84521291262512,19.9644
913.0,SD05,-6.243782643617519,106.85244057253816,19.9644
913.0,LNI204,-6.233431682578735,106.79401190840241,19.9644
913.0,BTK702,-6.119363496175082,106.64526570076183,0.0
913.0,CTV855,-6.239622147441233,106.84553166682467,19.9644
914.0,SD05,-6.243914610287707,106.85265972016386,19.9644
914.0,LNI204,-6.233201263451397,106.79412108877493,19.9644
914.0,BTK702,-6.1191191968611305,106.6448705582107,0.0
914.0,CTV855,-6.239814102649962,106.84585042125778,19.9644
915.0,SD05,-6.2440465768672615,106.85287886790002,19.9644
915.0,LNI204,-6.232970844301602,106.79423026905151,19.9644
915.0,BTK702,-6.118874897547179,106.64447541584022,0.0
915.0,CTV855,-6.240006057667064,106.84616917592442,19.9644
916.0,SD05,-6.244178543356182,106.85309801574662,19.9644
916.0,LNI204,-6.232740425129351,106.79433944923223,19.9644
916.0,BTK702,-6.118630598233227,106.64408027365035,0.0
916.0,CTV855,-6.240198012492534,106.8464879308246,19.9644
917.0,SD05,-6.244310509754464,106.85331716370371,19.9644
917.0,LNI204,-6.232510005934644,106.79444862931699,19.9644
917.0,BTK702,-6.118386298919275,106.64368513164109,0.0
917.0,CTV855,-6.240389967126364,106.84680668595833,19.9644
918.0,SD05,-6.244442476062108,106.85353631177124,19.9644
918.0,LNI204,-6.232279586717484,106.79455780930589,19.9644
918.0,BTK702,-6.1181419996053235,106.64328998981243,0.0
918.0,CTV855,-6.240581921568549,106.84712544132564,19.9644
919.0,SD05,-6.24457444227911,106.85375545994923,19.9644
919.0,LNI204,-6.23204916747787,106.79466698919886,19.9644
919.0,BTK702,-6.117897700291372,106.64289484816436,0.0
919.0,CTV855,-6.240773875819084,106.84744419692652,19.9644
920.0,SD05,-6.244706408405469,106.8539746082377,19.9644
920.0,LNI204,-6.231818748215803,106.79477616899594,19.9644
920.0,BTK702,-6.11765340097742,106.64249970669688,0.0
920.0,CTV855,-6.24096582987796,106.84776295276096,19.9644
921.0,SD05,-6.2448383744411835,106.85419375663665,19.9644
921.0,LNI204,-6.231588328931283,106.79488534869712,19.9644
921.0,BTK702,-6.117409101663468,106.64210456540998,0.0
921.0,CTV855,-6.24115778374517,106.848081708829,19.9644
922.0,SD05,-6.24497034038625,106.85441290514606,19.9644
922.0,LNI204,-6.231357909624312,106.7949945283024,19.9644
922.0,BTK702,-6.117164802349516,106.64170942430367,0.0
922.0,CTV855,-6.241349737420712,106.84840046513062,19.9644
923.0,SD05,-6.245102306240668,106.85463205376595,19.9644
923.0,LNI204,-6.231127490294891,106.79510370781182,19.9644
923.0,BTK702,-6.116920503035565,106.64131428337791,0.0
923.0,CTV855,-6.241541690904578,106.84871922166585,19.9644
924.0,SD05,-6.245234272004433,106.85485120249632,19.9644
924.0,LNI204,-6.23089707094302,106.79521288722533,19.9644
924.0,BTK702,-6.116676203721613,106.64091914263271,0.0
924.0,CTV855,-6.24173364419676,106.84903797843467,19.9644
925.0,SD05,-6.245366237677545,106.85507035133718,19.9644
925.0,LNI204,-6.230666651568701,106.79532206654297,19.9644
925.0,BTK702,-6.116431904407661,106.64052400206806,0.0
925.0,CTV855,-6.241925597297253,106.84935673543711,19.9644
926.0,SD05,-6.245498203260003,106.85528950028849,19.9644
926.0,LNI204,-6.230436232171932,106.79543124576475,19.9644
926.0,BTK702,-6.116187605093709,106.64012886168396,0.0
926.0,CTV855,-6.242117550206051,106.84967549267319,19.9644
927.0,SD05,-6.245630168751801,106.85550864935031,19.9644
927.0,LNI204,-6.230205812752718,106.79554042489063,19.9644
927.0,BTK702,-6.115943305779758,106.63973372148038,0.0
927.0,CTV855,-6.242309502923146,106.84999425014288,19.9644
928.0,SD05,-6.245762134152941,106.85572779852261,19.9644
928.0,LNI204,-6.229975393311057,106.79564960392064,19.9644
928.0,BTK702,-6.115699006465806,106.63933858145735,0.0
928.0,CTV855,-6.242501455448534,106.85031300784621,19.9644
929.0,SD05,-6.24589409946342,106.8559469478054,19.9644
929.0,LNI204,-6.229744973846951,106.7957587828548,19.9644
929.0,BTK702,-6.115454707151854,106.63894344161483,0.0
929.0,CTV855,-6.242693407782207,106.85063176578319,19.9644
930.0,SD05,-6.246026064683234,106.85616609719868,19.9644
930.0,LNI204,-6.2295145543604,106.7958679616931,19.9644
930.0,BTK702,-6.115210407837902,106.63854830195282,0.0
930.0,CTV855,-6.24288535992416,106.85095052395381,19.9644
931.0,SD05,-6.246158029812384,106.85638524670246,19.9644
931.0,LNI204,-6.229284134851405,106.79597714043554,19.9644
931.0,BTK702,-6.114966108523951,106.6381531624713,0.0
931.0,CTV855,-6.243077311874385,106.85126928235809,19.9644
932.0,SD05,-6.246289994850866,106.85660439631673,19.9644
932.0,LNI204,-6.229053715319968,106.79608631908212,19.9644
932.0,BTK702,-6.114721809209999,106.63775802317032,0.0
932.0,CTV855,-6.243269263632878,106.85158804099603,19.9644
933.0,SD05,-6.246421959798677,106.8568235460415,19.9644
933.0,LNI204,-6.22882329576609,106.79619549763285,19.9644
933.0,BTK702,-6.114477509896047,106.63736288404982,0.0
933.0,CTV855,-6.2434612151996305,106.85190679986765,19.9644
934.0,SD05,-6.246553924655817,106.85704269587676,19.9644
934.0,LNI204,-6.228592876189769,106.79630467608773,19.9644
934.0,BTK702,-6.114233210582095,106.6369677451098,0.0
934.0,CTV855,-6.243653166574638,106.85222555897295,19.9644
935.0,SD05,-6.246685889422284,106.85726184582252,19.9644
935.0,LNI204,-6.228362456591007,106.79641385444677,19.9644
935.0,BTK702,-6.113988911268144,106.63657260635026,0.0
935.0,CTV855,-6.243845117757893,106.85254431831194,19.9644
936.0,SD05,-6.246817854098073,106.85748099587882,19.9644
936.0,LNI204,-6.228132036969806,106.79652303270994,19.9644
936.0,BTK702,-6.113744611954192,106.63617746777119,0.0
936.0,CTV855,-6.244037068749389,106.85286307788463,19.9644
937.0,SD05,-6.246949818683186,106.8577001460456,19.9644
937.0,LNI204,-6.227901617326166,106.7966322108773,19.9644
937.0,BTK702,-6.11350031264024,106.63578232937257,0.0
937.0,CTV855,-6.24422901954912,106.85318183769101,19.9644
938.0,SD05,-6.247081783177619,106.85791929632289,19.9644
938.0,LNI204,-6.227671197660087,106.79674138894885,19.9644
938.0,BTK702,-6.113256013326288,106.6353871911544,0.0
938.0,CTV855,-6.244420970157082,106.85350059773108,19.9644
939.0,SD05,-6.2472137475813705,106.85813844671071,19.9644
939.0,LNI204,-6.227440777971571,106.79685056692453,19.9644
939.0,BTK702,-6.113011714012337,106.63499205311669,0.0
939.0,CTV855,-6.244612920573264,106.85381935800488,19.9644
940.0,SD05,-6.247345711894437,106.85835759720902,19.9644
940.0,LNI204,-6.227210358260619,106.79695974480438,19.9644
940.0,BTK702,-6.112767414698385,106.6345969152594,0.0
940.0,CTV855,-6.2448048707976636,106.85413811851241,19.9644
941.0,SD05,-6.247477676116817,106.85857674781786,19.9644
941.0,LNI204,-6.226979938527231,106.79706892258841,19.9644
941.0,BTK702,-6.112523115384433,106.63420177758256,0.0
941.0,CTV855,-6.244996820830273,106.85445687925365,19.9644
942.0,SD05,-6.247609640248508,106.85879589853724,19.9644
942.0,LNI204,-6.226749518771408,106.79717810027661,19.9644
942.0,BTK702,-6.112278816070481,106.63380664008614,0.0
942.0,CTV855,-6.245188770671085,106.85477564022865,19.9644
943.0,SD05,-6.24774160428951,106.85901504936713,19.9644
943.0,LNI204,-6.226519098993151,106.79728727786902,19.9644
943.0,BTK702,-6.1120345167565295,106.63341150277013,0.0
943.0,CTV855,-6.245380720320095,106.85509440143738,19.9644
944.0,SD05,-6.24787356823982,106.85923420030753,19.9644
944.0,LNI204,-6.226288679192462,106.79739645536563,19.9644
944.0,BTK702,-6.111790217442578,106.63301636563453,0.0
944.0,CTV855,-6.245572669777295,106.85541316287987,19.9644
945.0,SD05,-6.248005532099435,106.85945335135845,19.9644
945.0,LNI204,-6.2260582593693385,106.79750563276642,19.9644
945.0,BTK702,-6.111545918128626,106.63262122867935,0.0
945.0,CTV855,-6.245764619042678,106.85573192455612,19.9644
946.0,SD05,-6.248137495868354,106.85967250251991,19.9644
946.0,LNI204,-6.225827839523784,106.7976148100714,19.9644
946.0,BTK702,-6.111301618814674,106.63222609190456,0.0
946.0,CTV855,-6.245956568116242,106.85605068646615,19.9644
947.0,SD05,-6.248269459546574,106.8598916537919,19.9644
947.0,LNI204,-6.225597419655798,106.79772398728058,19.9644
947.0,BTK702,-6.1110573195007225,106.63183095531015,0.0
947.0,CTV855,-6.246148516997975,106.85636944860994,19.9644
948.0,SD05,-6.248401423134094,106.86011080517444,19.9644
948.0,LNI204,-6.225366999765383,106.79783316439395,19.9644
948.0,BTK702,-6.110813020186771,106.63143581889614,0.0
948.0,CTV855,-6.246340465687878,106.85668821098751,19.9644
949.0,SD05,-6.248533386630911,106.86032995666751,19.9644
949.0,LNI204,-6.225136579852537,106.79794234141153,19.9644
949.0,BTK702,-6.110568720872819,106.63104068266249,0.0
949.0,CTV855,-6.246532414185934,106.85700697359887,19.9644
950.0,SD05,-6.248665350037024,106.86054910827112,19.9644
950.0,LNI204,-6.224906159917262,106.79805151833332,19.9644
950.0,BTK702,-6.110324421558867,106.63064554660922,0.0
950.0,CTV855,-6.246724362492143,106.85732573644404,19.9644
951.0,SD05,-6.24879731335243,106.86076825998528,19.9644
951.0,LNI204,-6.224675739959561,106.79816069515932,19.9644
951.0,BTK702,-6.1100801222449155,106.6302504107363,0.0
951.0,CTV855,-6.246916310606502,106.85764449952299,19.9644
952.0,SD05,-6.248929276577127,106.86098741180997,19.9644
952.0,LNI204,-6.224445319979431,106.79826987188954,19.9644
952.0,BTK702,-6.109835822930964,106.62985527504371,0.0
952.0,CTV855,-6.247108258528999,106.85796326283577,19.9644
953.0,SD05,-6.249061239711112,106.86120656374521,19.9644
953.0,LNI204,-6.224214899976875,106.79837904852398,19.9644
953.0,BTK702,-6.109591523617012,106.62946013953149,0.0
953.0,CTV855,-6.247300206259628,106.85828202638237,19.9644
954.0,SD05,-6.249193202754384,106.861425715791,19.9644
954.0,LNI204,-6.223984479951894,106.79848822506264,19.9644
954.0,BTK702,-6.10934722430306,106.62906500419959,0.0
954.0,CTV855,-6.247492153798386,106.85860079016278,19.9644
955.0,SD05,-6.249325165706943,106.86164486794735,19.9644
955.0,LNI204,-6.223754059904487,106.79859740150552,19.9644
955.0,BTK702,-6.1091029249891085,106.62866986904804,0.0
955.0,CTV855,-6.247684101145263,106.85891955417702,19.9644
956.0,SD05,-6.2494571285687845,106.86186402021424,19.9644
956.0,LNI204,-6.223523639834657,106.79870657785263,19.9644
956.0,BTK702,-6.108858625675157,106.6282747340768,0.0
956.0,CTV855,-6.247876048300254,106.85923831842513,19.9644
957.0,SD05,-6.2495890913399075,106.8620831725917,19.9644
957.0,LNI204,-6.223293219742402,106.79881575410397,19.9644
957.0,BTK702,-6.108614326361205,106.62787959928588,0.0
957.0,CTV855,-6.248067995263353,106.85955708290707,19.9644
958.0,SD05,-6.249721054020308,106.86230232507971,19.9644
958.0,LNI204,-6.223062799627725,106.79892493025955,19.9644
958.0,BTK702,-6.108370027047253,106.62748446467526,0.0
958.0,CTV855,-6.2482599420345535,106.85987584762289,19.9644
959.0,SD05,-6.249853016609986,106.86252147767829,19.9644
959.0,LNI204,-6.222832379490625,106.79903410631937,19.9644
959.0,BTK702,-6.108125727733301,106.62708933024494,0.0
959.0,CTV855,-6.2484518886138485,106.86019461257253,19.9644
960.0,SD05,-6.249984979108939,106.86274063038742,19.9644
960.0,LNI204,-6.2226019593311035,106.79914328228342,19.9644
960.0,BTK702,-6.10788142841935,106.62669419599493,0.0
960.0,CTV855,-6.248643835001231,106.86051337775605,19.9644
961.0,SD05,-6.250116941517164,106.86295978320712,19.9644
961.0,LNI204,-6.222371539149162,106.79925245815173,19.9644
961.0,BTK702,-6.107637129105398,106.6262990619252,0.0
961.0,CTV855,-6.248835781196696,106.86083214317347,19.9644
962.0,SD05,-6.2502489038346605,106.86317893613737,19.9644
962.0,LNI204,-6.2221411189447995,106.79936163392426,19.9644
962.0,BTK702,-6.107392829791446,106.62590392803574,0.0
962.0,CTV855,-6.249027727200236,106.86115090882477,19.9644
963.0,SD05,-6.250380866061425,106.8633980891782,19.9644
963.0,LNI204,-6.221910698718017,106.79947080960108,19.9644
963.0,BTK702,-6.107148530477494,106.62550879432656,0.0
963.0,CTV855,-6.249219673011845,106.86146967470997,19.9644
964.0,SD05,-6.250512828197455,106.86361724232961,19.9644
964.0,LNI204,-6.221680278468816,106.79957998518213,19.9644
964.0,BTK702,-6.106904231163543,106.62511366079765,0.0
964.0,CTV855,-6.249411618631517,106.86178844082906,19.9644
965.0,SD05,-6.2506447902427515,106.86383639559159,19.9644
965.0,LNI204,-6.221449858197196,106.79968916066744,19.9644
965.0,BTK702,-6.106659931849591,106.62471852744898,0.0
965.0,CTV855,-6.249603564059244,106.86210720718206,19.9644
966.0,SD05,-6.250776752197308,106.86405554896415,19.9644
966.0,LNI204,-6.221219437903158,106.79979833605701,19.9644
966.0,BTK702,-6.106415632535639,106.62432339428057,0.0
966.0,CTV855,-6.249795509295021,106.86242597376898,19.9644
967.0,SD05,-6.250908714061126,106.86427470244729,19.9644
967.0,LNI204,-6.220989017586702,106.79990751135084,19.9644
967.0,BTK702,-6.106171333221687,106.62392826129239,0.0
967.0,CTV855,-6.249987454338841,106.86274474058982,19.9644
968.0,SD05,-6.251040675834201,106.86449385604102,19.9644
968.0,LNI204,-6.220758597247829,106.80001668654893,19.9644
968.0,BTK702,-6.105927033907736,106.62353312848445,0.0
968.0,CTV855,-6.250179399190697,106.86306350764457,19.9644
969.0,SD05,-6.2511726375165315,106.86471300974534,19.9644
969.0,LNI204,-6.220528176886539,106.8001258616513,19.9644
969.0,BTK702,-6.105682734593784,106.62313799585674,0.0
969.0,CTV855,-6.250371343850583,106.86338227493329,19.9644
970.0,SD05,-6.251304599108116,106.86493216356024,19.9644
970.0,LNI204,-6.220297756502832,106.80023503665794,19.9644
970.0,BTK702,-6.105438435279832,106.62274286340924,0.0
970.0,CTV855,-6.250563288318491,106.86370104245594,19.9644
971.0,SD05,-6.251436560608954,106.86515131748573,19.9644
971.0,LNI204,-6.22006733609671,106.80034421156886,19.9644
971.0,BTK702,-6.10519413596588,106.62234773114197,0.0
971.0,CTV855,-6.250755232594417,106.86401981021255,19.9644
972.0,SD05,-6.25156852201904,106.8653704715218,19.9644
972.0,LNI204,-6.21983691566817,106.80045338638404,19.9644
972.0,BTK702,-6.104949836651929,106.6219525990549,0.0
972.0,CTV855,-6.250947176678354,106.86433857820312,19.9644
973.0,SD05,-6.251700483338375,106.86558962566846,19.9644
973.0,LNI204,-6.219606495217213,106.80056256110349,19.9644
973.0,BTK702,-6.104705537337977,106.62155746714801,0.0
973.0,CTV855,-6.251139120570293,106.86465734642763,19.9644
974.0,SD05,-6.251832444566955,106.86580877992573,19.9644
974.0,LNI204,-6.219376074743837,106.80067173572722,19.9644
974.0,BTK702,-6.104461238024025,106.62116233542132,0.0
974.0,CTV855,-6.251331064270229,106.86497611488613,19.9644
975.0,SD05,-6.251964405704779,106.86602793429358,19.9644
975.0,LNI204,-6.219145654248043,106.80078091025524,19.9644
975.0,BTK702,-6.104216938710073,106.6207672038748,0.0
975.0,CTV855,-6.251523007778156,106.86529488357863,19.9644
976.0,SD05,-6.252096366751844,106.86624708877206,19.9644
976.0,LNI204,-6.21891523372983,106.80089008468752,19.9644
976.0,BTK702,-6.103972639396122,106.62037207250847,0.0
976.0,CTV855,-6.251714951094064,106.86561365250512,19.9644
977.0,SD05,-6.2522283277081465,106.86646624336113,19.9644
977.0,LNI204,-6.218684813189196,106.80099925902408,19.9644
977.0,BTK702,-6.10372834008217,106.6199769413223,0.0
977.0,CTV855,-6.251906894217948,106.86593242166558,19.9644
978.0,SD05,-6.252360288573688,106.8666853980608,19.9644
978.0,LNI204,-6.218454392626135,106.8011084332649,19.9644
978.0,BTK702,-6.103484040768218,106.61958181031629,0.0
978.0,CTV855,-6.252098837149806,106.86625119106004,19.9644
979.0,SD05,-6.252492249348465,106.86690455287108,19.9644
979.0,LNI204,-6.218223972040642,106.80121760740997,19.9644
979.0,BTK702,-6.103239741454266,106.61918667949044,0.0
979.0,CTV855,-6.252290779889628,106.86656996068855,19.9644
980.0,SD05,-6.252624210032471,106.86712370779198,19.9644
980.0,LNI204,-6.217986864775944,106.80131043727252,19.9644
980.0,BTK702,-6.1029954421403145,106.61879154884473,0.0
980.0,CTV855,-6.252482722437406,106.86688873055105,19.9644
981.0,SD05,-6.252756170625711,106.86734286282348,19.9644
981.0,LNI204,-6.2177380343917426,106.80136381513182,19.9644
981.0,BTK702,-6.102751142826363,106.61839641837918,0.0
981.0,CTV855,-6.252674664793136,106.8672075006476,19.9644
982.0,SD05,-6.252888131128182,106.86756201796561,19.9644
982.0,LNI204,-6.21748390982131,106.80137625906046,19.9644
982.0,BTK702,-6.102506843512411,106.61800128809374,0.0
982.0,CTV855,-6.252866606956808,106.86752627097816,19.9644
983.0,SD05,-6.253020091539873,106.86778117321836,19.9644
983.0,LNI204,-6.217231101906809,106.80134744537928,19.9644
983.0,BTK702,-6.102262544198459,106.61760615798842,0.0
983.0,CTV855,-6.2530585489284185,106.86784504154278,19.9644
984.0,SD05,-6.253152051860792,106.86800032858172,19.9644
984.0,LNI204,-6.216981530298297,106.80129628418328,19.9644
984.0,BTK702,-6.1020182448845075,106.61721102806322,0.0
984.0,CTV855,-6.253250490707959,106.86816381234144,19.9644
985.0,SD05,-6.2532840120909325,106.8682194840557,19.9644
985.0,LNI204,-6.2167319678344874,106.80124507749322,19.9644
985.0,BTK702,-6.101773945570556,106.61681589831815,0.0
985.0,CTV855,-6.253442432295424,106.86848258337416,19.9644
986.0,SD05,-6.253415972230293,106.8684386396403,19.9644
986.0,LNI204,-6.216482405365752,106.80119387085176,19.9644
986.0,BTK702,-6.101529646256604,106.61642076875316,0.0
986.0,CTV855,-6.253634373690805,106.86880135464094,19.9644
987.0,SD05,-6.253547932278873,106.86865779533555,19.9644
987.0,LNI204,-6.216232842892089,106.80114266425889,19.9644
987.0,BTK702,-6.101285346942652,106.61602563936827,0.0
987.0,CTV855,-6.253826314894096,106.86912012614181,19.9644
988.0,SD05,-6.253679892236667,106.86887695114142,19.9644
988.0,LNI204,-6.2159832804135,106.8010914577146,19.9644
988.0,BTK702,-6.1010410476287005,106.61563051016347,0.0
988.0,CTV855,-6.254018255905288,106.86943889787675,19.9644
989.0,SD05,-6.253811852103675,106.86909610705793,19.9644
989.0,LNI204,-6.215733717929985,106.80104025121891,19.9644
989.0,BTK702,-6.100796748314749,106.61523538113876,0.0
989.0,CTV855,-6.254210196724379,106.86975766984577,19.9644
990.0,SD05,-6.253943811879895,106.86931526308506,19.9644
990.0,LNI204,-6.215484155441544,106.8009890447718,19.9644
990.0,BTK702,-6.100552449000797,106.61484025229412,0.0
990.0,CTV855,-6.254402137351358,106.8700764420489,19.9644
991.0,SD05,-6.254075771565324,106.86953441922284,19.9644
991.0,LNI204,-6.2152345929481765,106.80093783837327,19.9644
991.0,BTK702,-6.100308149686845,106.61444512362951,0.0
991.0,CTV855,-6.254594077786219,106.87039521448612,19.9644
992.0,SD05,-6.254207731159961,106.86975357547126,19.9644
992.0,LNI204,-6.214985030449884,106.80088663202332,19.9644
992.0,BTK702,-6.1000638503728934,106.61404999514501,0.0
992.0,CTV855,-6.254786018028955,106.87071398715746,19.9644
993.0,SD05,-6.2543396906638025,106.86997273183032,19.9644
993.0,LNI204,-6.214735467946666,106.80083542572194,19.9644
993.0,BTK702,-6.099819551058942,106.6136548668405,0.0
993.0,CTV855,-6.254977958079562,106.87103276006292,19.9644
994.0,SD05,-6.254471650076847,106.87019188830003,19.9644
994.0,LNI204,-6.214485905438523,106.80078421946914,19.9644
994.0,BTK702,-6.09957525174499,106.61325973871611,0.0
994.0,CTV855,-6.2551698979380275,106.8713515332025,19.9644
995.0,SD05,-6.254603609399092,106.87041104488037,19.9644
995.0,LNI204,-6.214236342925455,106.80073301326492,19.9644
995.0,BTK702,-6.099330952431038,106.61286461077171,0.0
995.0,CTV855,-6.255361837604349,106.87167030657622,19.9644
996.0,SD05,-6.254735568630537,106.87063020157137,19.9644
996.0,LNI204,-6.213986780407462,106.80068180710927,19.9644
996.0,BTK702,-6.099086653117086,106.61246948300732,0.0
996.0,CTV855,-6.25555377707852,106.87198908018408,19.9644
997.0,SD05,-6.254867527771178,106.87084935837304,19.9644
997.0,LNI204,-6.213737217884545,106.8006306010022,19.9644
997.0,BTK702,-6.098842353803135,106.61207435542293,0.0
997.0,CTV855,-6.25574571636053,106.8723078540261,19.9644
998.0,SD05,-6.254999486821013,106.87106851528534,19.9644
998.0,LNI204,-6.213487655356705,106.80057939494367,19.9644
998.0,BTK702,-6.098598054489183,106.61167922801864,0.0
998.0,CTV855,-6.255937655450374,106.87262662810227,19.9644
999.0,SD05,-6.25513144578004,106.87128767230831,19.9644
999.0,LNI204,-6.213238092823938,106.80052818893371,19.9644
999.0,BTK702,-6.098353755175231,106.61128410079436,0.0
999.0,CTV855,-6.256129594348043,106.87294540241261,19.9644
1000.0,SD05,-6.2552634046482565,106.87150682944194,19.9644
1000.0,LNI204,-6.212988530286249,106.80047698297234,19.9644
1000.0,BTK702,-6.098109455861279,106.61088897375006,0.0
1000.0,CTV855,-6.256321533053533,106.87326417695711,19.9644
1001.0,SD05,-6.255395363425661,106.87172598668623,19.9644
1001.0,LNI204,-6.212738967743636,106.80042577705952,19.9644
1001.0,BTK702,-6.097865156547328,106.61049384688569,0.0
1001.0,CTV855,-6.256513471566837,106.8735829517358,19.9644
1002.0,SD05,-6.255527322112252,106.87194514404118,19.9644
1002.0,LNI204,-6.2124894051960995,106.80037457119525,19.9644
1002.0,BTK702,-6.097620857233376,106.61009872020132,0.0
1002.0,CTV855,-6.256705409887941,106.87390172674868,19.9644
1003.0,SD05,-6.255659280708026,106.87216430150681,19.9644
1003.0,LNI204,-6.212239842643639,106.80032336537955,19.9644
1003.0,BTK702,-6.097376557919424,106.60970359369696,0.0
1003.0,CTV855,-6.256897348016842,106.87422050199577,19.9644
1004.0,SD05,-6.255791239212981,106.87238345908311,19.9644
1004.0,LNI204,-6.211990280086255,106.8002721596124,19.9644
1004.0,BTK702,-6.097132258605472,106.60930846737257,0.0
1004.0,CTV855,-6.257089285953538,106.87453927747704,19.9644
1005.0,SD05,-6.255923197627115,106.87260261677007,19.9644
1005.0,LNI204,-6.211740717523948,106.8002209538938,19.9644
1005.0,BTK702,-6.096887959291521,106.60891334122812,0.0
1005.0,CTV855,-6.257281223698015,106.87485805319253,19.9644
1006.0,SD05,-6.256055155950425,106.87282177456771,19.9644
1006.0,LNI204,-6.211491154956718,106.80016974822375,19.9644
1006.0,BTK702,-6.096643659977569,106.60851821526364,0.0
1006.0,CTV855,-6.257473161250267,106.87517682914225,19.9644
1007.0,SD05,-6.256187114182911,106.87304093247603,19.9644
1007.0,LNI204,-6.211241592384567,106.80011854260226,19.9644
1007.0,BTK702,-6.096399360663617,106.60812308947911,0.0
1007.0,CTV855,-6.257665098610287,106.8754956053262,19.9644
1008.0,SD05,-6.256319072324568,106.87326009049504,19.9644
1008.0,LNI204,-6.210992029807493,106.8000673370293,19.9644
1008.0,BTK702,-6.096155061349665,106.6077279638745,0.0
1008.0,CTV855,-6.257857035778069,106.87581438174438,19.9644
1009.0,SD05,-6.256451030375398,106.87347924862472,19.9644
1009.0,LNI204,-6.210742467225497,106.80001613150492,19.9644
1009.0,BTK702,-6.095910762035714,106.60733283844984,0.0
1009.0,CTV855,-6.258048972753602,106.87613315839681,19.9644
1010.0,SD05,-6.256582988335393,106.87369840686509,19.9644
1010.0,LNI204,-6.21049290463858,106.79996492602906,19.9644
1010.0,BTK702,-6.095666462721762,106.6069377132051,0.0
1010.0,CTV855,-6.25824090953688,106.8764519352835,19.9644
1011.0,SD05,-6.256714946204555,106.87391756521613,19.9644
1011.0,LNI204,-6.2102433420467404,106.79991372060175,19.9644
1011.0,BTK702,-6.09542216340781,106.60654258814029,0.0
1011.0,CTV855,-6.258432846127896,106.87677071240444,19.9644
1012.0,SD05,-6.25684690398288,106.87413672367786,19.9644
1012.0,LNI204,-6.20999377944998,106.79986251522298,19.9644
1012.0,BTK702,-6.095177864093858,106.60614746325537,0.0
1012.0,CTV855,-6.258624782526642,106.87708948975964,19.9644
1013.0,SD05,-6.256978861670365,106.8743558822503,19.9644
1013.0,LNI204,-6.209744216848298,106.79981130989275,19.9644
1013.0,BTK702,-6.0949335647799066,106.60575233855036,0.0
1013.0,CTV855,-6.258816718733109,106.87740826734914,19.9644
1014.0,SD05,-6.257110819267011,106.87457504093342,19.9644
1014.0,LNI204,-6.209494654241695,106.79976010461105,19.9644
1014.0,BTK702,-6.094689265465955,106.60535721402525,0.0
1014.0,CTV855,-6.259008654747289,106.87772704517292,19.9644
1015.0,SD05,-6.257242776772812,106.87479419972725,19.9644
1015.0,LNI204,-6.20924509163017,106.79970889937788,19.9644
1015.0,BTK702,-6.094444966152003,106.60496208968003,0.0
1015.0,CTV855,-6.259200590569176,106.87804582323099,19.9644
1016.0,SD05,-6.257374734187768,106.87501335863176,19.9644
1016.0,LNI204,-6.208995529013725,106.79965769419326,19.9644
1016.0,BTK702,-6.094200666838051,106.60456696551469,0.0
1016.0,CTV855,-6.259392526198759,106.87836460152337,19.9644
1017.0,SD05,-6.2575066915118756,106.87523251764699,19.9644
1017.0,LNI204,-6.208745966392359,106.79960648905715,19.9644
1017.0,BTK702,-6.0939563675240995,106.60417184152922,0.0
1017.0,CTV855,-6.259584461636033,106.87868338005006,19.9644
1018.0,SD05,-6.257638648745133,106.87545167677291,19.9644
1018.0,LNI204,-6.208496403766074,106.79955528396958,19.9644
1018.0,BTK702,-6.093712068210148,106.60377671772363,0.0
1018.0,CTV855,-6.259776396880986,106.87900215881109,19.9644
1019.0,SD05,-6.257770605887538,106.87567083600955,19.9644
1019.0,LNI204,-6.208246841134868,106.79950407893052,19.9644
1019.0,BTK702,-6.093467768896196,106.6033815940979,0.0
1019.0,CTV855,-6.259968331933613,106.87932093780643,19.9644
1020.0,SD05,-6.257902562939089,106.87588999535689,19.9644
1020.0,LNI204,-6.207997278498743,106.79945287394,19.9644
1020.0,BTK702,-6.093223469582244,106.60298647065201,0.0
1020.0,CTV855,-6.260160266793903,106.8796397170361,19.9644
1021.0,SD05,-6.25803451989978,106.87610915481496,19.9644
1021.0,LNI204,-6.207747715857697,106.799401668998,19.9644
1021.0,BTK702,-6.0929791702682925,106.60259134738597,0.0
1021.0,CTV855,-6.260352201461847,106.87995849650011,19.9644
1022.0,SD05,-6.258166476769613,106.87632831438373,19.9644
1022.0,LNI204,-6.207498153211732,106.79935046410452,19.9644
1022.0,BTK702,-6.092734870954341,106.60219622429976,0.0
1022.0,CTV855,-6.2605441359374385,106.8802772761985,19.9644
1023.0,SD05,-6.258298433548584,106.87654747406322,19.9644
1023.0,LNI204,-6.207248590560848,106.79929925925956,19.9644
1023.0,BTK702,-6.092490571640389,106.60180110139338,0.0
1023.0,CTV855,-6.260736070220666,106.88059605613122,19.9644
1024.0,SD05,-6.258430390236691,106.87676663385342,19.9644
1024.0,LNI204,-6.206999027905045,106.79924805446309,19.9644
1024.0,BTK702,-6.092246272326437,106.60140597866682,0.0
1024.0,CTV855,-6.260928004311518,106.88091483629834,19.9644
1025.0,SD05,-6.258562346833932,106.87698579375434,19.9644
1025.0,LNI204,-6.206749465244323,106.79919684971517,19.9644
1025.0,BTK702,-6.0920019730124855,106.60101085612008,0.0
1025.0,CTV855,-6.2611199382099905,106.88123361669984,19.9644
1026.0,SD05,-6.258694303340303,106.877204953766,19.9644
1026.0,LNI204,-6.206499902578682,106.79914564501574,19.9644
1026.0,BTK702,-6.091757673698534,106.60061573375316,0.0
1026.0,CTV855,-6.261311871916072,106.88155239733574,19.9644
1027.0,SD05,-6.258826259755804,106.87742411388838,19.9644
1027.0,LNI204,-6.206250339908123,106.79909444036481,19.9644
1027.0,BTK702,-6.091513374384582,106.60022061156603,0.0
1027.0,CTV855,-6.2615038054297525,106.88187117820603,19.9644
1028.0,SD05,-6.258958216080431,106.87764327412151,19.9644
1028.0,LNI204,-6.206000777232645,106.79904323576241,19.9644
1028.0,BTK702,-6.09126907507063,106.59982548955871,0.0
1028.0,CTV855,-6.261695738751021,106.88218995931074,19.9644
1029.0,SD05,-6.25909017231418,106.87786243446536,19.9644
1029.0,LNI204,-6.205751214552249,106.7989920312085,19.9644
1029.0,BTK702,-6.0910247757566784,106.59943036773114,0.0
1029.0,CTV855,-6.261887671879866,106.88250874064985,19.9644
1030.0,SD05,-6.2592221284570515,106.87808159491992,19.9644
1030.0,LNI204,-6.2055016518669355,106.79894082670309,19.9644
1030.0,BTK702,-6.090780476442727,106.59903524608339,0.0
1030.0,CTV855,-6.26207960481628,106.88282752222341,19.9644
1031.0,SD05,-6.2593540845090425,106.87830075548524,19.9644
1031.0,LNI204,-6.205252089176703,106.79888962224621,19.9644
1031.0,BTK702,-6.090536177128775,106.5986401246154,0.0
1031.0,CTV855,-6.262271537560247,106.8831463040314,19.9644
1032.0,SD05,-6.25948604047015,106.87851991616131,19.9644
1032.0,LNI204,-6.205002526481555,106.79883841783781,19.9644
1032.0,BTK702,-6.090291877814823,106.59824500332718,0.0
1032.0,CTV855,-6.26246347011176,106.88346508607387,19.9644
1033.0,SD05,-6.2596179963403715,106.87873907694811,19.9644
1033.0,LNI204,-6.204752963781488,106.79878721347791,19.9644
1033.0,BTK702,-6.090047578500871,106.5978498822187,0.0
1033.0,CTV855,-6.262655402470804,106.88378386835076,19.9644
1034.0,SD05,-6.259749952119702,106.87895823784565,19.9644
1034.0,LNI204,-6.204503401076504,106.79873600916652,19.9644
1034.0,BTK702,-6.08980327918692,106.59745476128998,0.0
1034.0,CTV855,-6.2628473346373665,106.88410265086212,19.9644
1035.0,SD05,-6.259881907808144,106.87917739885395,19.9644
1035.0,LNI204,-6.204253838366603,106.79868480490362,19.9644
1035.0,BTK702,-6.089558979872968,106.59705964054099,0.0
1035.0,CTV855,-6.263039266611434,106.884421433608,19.9644
1036.0,SD05,-6.260013863405692,106.879396559973,19.9644
1036.0,LNI204,-6.204004275651786,106.7986336006892,19.9644
1036.0,BTK702,-6.089314680559016,106.59666451997174,0.0
1036.0,CTV855,-6.263231198392995,106.88474021658838,19.9644
1037.0,SD05,-6.260145818912344,106.8796157212028,19.9644
1037.0,LNI204,-6.203754712932052,106.79858239652327,19.9644
1037.0,BTK702,-6.089070381245064,106.59626939958221,0.0
1037.0,CTV855,-6.26342312998203,106.88505899980325,19.9644
1038.0,SD05,-6.260277774328097,106.87983488254338,19.9644
1038.0,LNI204,-6.203505150207402,106.79853119240583,19.9644
1038.0,BTK702,-6.088826081931113,106.5958742793724,0.0
1038.0,CTV855,-6.26361506137853,106.88537778325266,19.9644
1039.0,SD05,-6.260409729652949,106.88005404399468,19.9644
1039.0,LNI204,-6.203255587477836,106.7984799883369,19.9644
1039.0,BTK702,-6.088581782617161,106.59547915934229,0.0
1039.0,CTV855,-6.263806992582474,106.8856965669366,19.9644
1040.0,SD05,-6.260541684886897,106.88027320555676,19.9644
1040.0,LNI204,-6.2030060247433525,106.79842878431643,19.9644
1040.0,BTK702,-6.088337483303209,106.59508403949191,0.0
1040.0,CTV855,-6.263998923593842,106.88601535085509,19.9644
1041.0,SD05,-6.260673640029939,106.8804923672296,19.9644
1041.0,LNI204,-6.202756462003954,106.79837758034445,19.9644
1041.0,BTK702,-6.088093183989257,106.59468891982121,0.0
1041.0,CTV855,-6.264190854412618,106.88633413500816,19.9644
1042.0,SD05,-6.260805595082071,106.88071152901321,19.9644
1042.0,LNI204,-6.2025068992596415,106.79832637642095,19.9644
1042.0,BTK702,-6.087848884675306,106.59429380033022,0.0
1042.0,CTV855,-6.264382785038779,106.8866529193958,19.9644
1043.0,SD05,-6.260937550043291,106.8809306909076,19.9644
1043.0,LNI204,-6.202257336510411,106.79827517254593,19.9644
1043.0,BTK702,-6.087604585361354,106.5938986810189,0.0
1043.0,CTV855,-6.264574715472302,106.88697170401805,19.9644
1044.0,SD05,-6.261069504913596,106.88114985291276,19.9644
1044.0,LNI204,-6.202007773756265,106.79822396871937,19.9644
1044.0,BTK702,-6.087360286047402,106.59350356188726,0.0
1044.0,CTV855,-6.26476664571316,106.88729048887491,19.9644
1045.0,SD05,-6.261201459692984,106.8813690150287,19.9644
1045.0,LNI204,-6.201758210997206,106.7981727649413,19.9644
1045.0,BTK702,-6.08711598673345,106.59310844293529,0.0
1045.0,CTV855,-6.264958575761322,106.88760927396642,19.9644
1046.0,SD05,-6.2613334143814505,106.8815881772554,19.9644
1046.0,LNI204,-6.201508648233232,106.79812156121172,19.9644
1046.0,BTK702,-6.086871687419499,106.59271332416299,0.0
1046.0,CTV855,-6.265150505582769,106.88792805923613,19.890339
1047.0,SD05,-6.261465368978996,106.88180733959288,19.9644
1047.0,LNI204,-6.201259085464343,106.79807035753059,19.9644
1047.0,BTK702,-6.086627388105547,106.59231820557032,0.0
1047.0,CTV855,-6.265342432413375,106.8882468400931,19.396599
1048.0,SD05,-6.261597323485614,106.88202650204119,19.9644
1048.0,LNI204,-6.20100952269054,106.79801915389794,19.9644
1048.0,BTK702,-6.086383088791595,106.59192308715733,0.0
1048.0,CTV855,-6.265534354520005,106.88856561365873,18.902859
1049.0,SD05,-6.261729277901304,106.88224566460022,19.9644
1049.0,LNI204,-6.200759959911822,106.79796795031375,19.9644
1049.0,BTK702,-6.086138789477643,106.59152796892396,0.0
1049.0,CTV855,-6.265726271902767,106.88888437993332,18.409119
1050.0,SD05,-6.26186123222606,106.8824648272701,19.9644
1050.0,LNI204,-6.2005103971281885,106.79791674677804,19.9644
1050.0,BTK702,-6.0858944901636916,106.59113285087021,0.0
1050.0,CTV855,-6.2659181845617535,106.88920313891714,17.915379
1051.0,SD05,-6.261993186459882,106.88268399005074,19.9644
1051.0,LNI204,-6.200260834339642,106.79786554329078,19.9644
1051.0,BTK702,-6.08565019084974,106.59073773299609,0.0
1051.0,CTV855,-6.266110092497039,106.88952189061051,17.421639
1052.0,SD05,-6.262125140602765,106.88290315294216,19.9644
1052.0,LNI204,-6.200011335221198,106.79781403628438,19.9644
1052.0,BTK702,-6.085405891535788,106.5903426153016,0.0
1052.0,CTV855,-6.266301995708637,106.88984063501378,16.927899
1053.0,SD05,-6.262257094654706,106.88312231594443,19.9644
1053.0,LNI204,-6.19976843377795,106.7977378860686,19.9644
1053.0,BTK702,-6.085161592221836,106.58994749778672,0.0
1053.0,CTV855,-6.266493894196509,106.89015937212731,16.434159
1054.0,SD05,-6.2623890486157086,106.88334147905749,19.9644
1054.0,LNI204,-6.199540862370468,106.79762344690222,19.9644
1054.0,BTK702,-6.0849172929078845,106.58955238045144,0.0
1054.0,CTV855,-6.266685787960429,106.89047810195157,15.940419
1055.0,SD05,-6.262521002485761,106.88356064228131,19.9644
1055.0,LNI204,-6.1993345410821705,106.7974736958538,19.9644
1055.0,BTK702,-6.084672993593933,106.58915726329576,0.0
1055.0,CTV855,-6.266877676999617,106.89079682448741,15.446679
1056.0,SD05,-6.262652956264865,106.88377980561597,19.9644
1056.0,LNI204,-6.199154837192057,106.79729252859306,19.9644
1056.0,BTK702,-6.084428694279981,106.58876214631965,0.0
1056.0,CTV855,-6.267069561223334,106.89111553956826,14.846259
1057.0,SD05,-6.262784909953005,106.88399896906148,19.9644
1057.0,LNI204,-6.199006425549366,106.79708465804752,19.9644
1057.0,BTK702,-6.084184394966029,106.58836702952313,0.0
1057.0,CTV855,-6.26726143534435,106.89143423808484,13.019019
1058.0,SD05,-6.262916863550192,106.8842181326178,19.9644
1058.0,LNI204,-6.19889316696119,106.7968554917992,19.9644
1058.0,BTK702,-6.0839400956520775,106.58797191290618,0.0
1058.0,CTV855,-6.267453286064122,106.89175289784966,9.667779
1059.0,SD05,-6.263048817056415,106.88443729628486,19.9644
1059.0,LNI204,-6.198804802970715,106.79661521063947,19.9644
1059.0,BTK702,-6.083695796338126,106.5875767964688,0.0
1059.0,CTV855,-6.2676450994118555,106.8920714956575,4.792539
1060.0,SD05,-6.263180770471672,106.88465646006276,19.9644
1060.0,LNI204,-6.198717044173903,106.79637469946223,19.9644
1060.0,BTK702,-6.083451497024174,106.58718168021097,0.0
1060.0,CTV855,-6.267836861889094,106.89239000908762,0.0
1061.0,SD05,-6.263312723795961,106.8848756239515,19.9644
1061.0,LNI204,-6.198629285268695,106.79613418836504,19.9644
1061.0,BTK702,-6.083207197710222,106.5867865641327,0.0
1061.0,CTV855,-6.26802860667787,106.89270849325464,0.0
1062.0,SD05,-6.263444677029272,106.88509478795109,19.9644
1062.0,LNI204,-6.198541526255092,106.79589367734788,19.9644
1062.0,BTK702,-6.0829628983962705,106.58639144823397,0.0
1062.0,CTV855,-6.2682203514666455,106.89302697753875,0.0
1063.0,SD05,-6.263576630171609,106.88531395206152,19.9644
1063.0,LNI204,-6.198453767133095,106.79565316641073,19.9644
1063.0,BTK702,-6.082718599082319,106.58599633251477,0.0
1063.0,CTV855,-6.268412096255421,106.89334546193992,0.0
1064.0,SD05,-6.263708583222962,106.8855331162828,19.9644
1064.0,LNI204,-6.198366007902705,106.79541265555363,19.9644
1064.0,BTK702,-6.082474299768367,106.58560121697509,0.0
1064.0,CTV855,-6.268603841044197,106.89366394645818,0.0
1065.0,SD05,-6.263840536183329,106.88575228061492,19.9644
1065.0,LNI204,-6.198278248563924,106.79517214477652,19.9644
1065.0,BTK702,-6.082230000454415,106.58520610161496,0.0
1065.0,CTV855,-6.268795585832972,106.89398243109349,0.0
1066.0,SD05,-6.263972489052705,106.88597144505789,19.9644
1066.0,LNI204,-6.1981904891167545,106.79493163407948,19.9644
1066.0,BTK702,-6.081985701140463,106.58481098643433,0.0
1066.0,CTV855,-6.268987330621748,106.89430091584589,0.0
1067.0,SD05,-6.264104441831085,106.8861906096117,19.9644
1067.0,LNI204,-6.198102729561198,106.79469112346243,19.9644
1067.0,BTK702,-6.081741401826512,106.58441587143321,0.0
1067.0,CTV855,-6.269179075410523,106.89461940071538,0.0
1068.0,SD05,-6.2642363945184645,106.88640977427636,19.9644
1068.0,LNI204,-6.198014969897253,106.79445061292542,19.9644
1068.0,BTK702,-6.08149710251256,106.58402075661158,0.0
1068.0,CTV855,-6.269370820199299,106.89493788570198,0.0
1069.0,SD05,-6.264368347114837,106.88662893905186,19.9644
1069.0,LNI204,-6.197927210124923,106.79421010246841,19.9644
1069.0,BTK702,-6.081252803198608,106.58362564196945,0.0
1069.0,CTV855,-6.269562564988075,106.89525637080567,0.0
1070.0,SD05,-6.264500299620194,106.8868481039382,19.9644
1070.0,LNI204,-6.197839450244209,106.79396959209143,19.9644
1070.0,BTK702,-6.081008503884656,106.5832305275068,0.0
1070.0,CTV855,-6.26975430977685,106.89557485602646,0.0
1071.0,SD05,-6.264632252034531,106.8870672689354,19.9644
1071.0,LNI204,-6.197751690255114,106.7937290817945,19.9644
1071.0,BTK702,-6.080764204570705,106.58283541322363,0.0
1071.0,CTV855,-6.269946054565626,106.89589334136434,0.0
1072.0,SD05,-6.26476420435784,106.88728643404352,19.9644
1072.0,LNI204,-6.197663930157635,106.79348857157756,19.9644
1072.0,BTK702,-6.080519905256753,106.58244029911994,0.0
1072.0,CTV855,-6.270137799354401,106.89621182681933,0.0
1073.0,SD05,-6.264896156590118,106.88750559926254,19.9644
1073.0,LNI204,-6.197576169951777,106.79324806144066,19.9644
1073.0,BTK702,-6.080275605942801,106.5820451851957,0.0
1073.0,CTV855,-6.270329544143177,106.8965303123914,0.0
1074.0,SD05,-6.265028108122423,106.887724763581,19.643469
1074.0,LNI204,-6.197488409637541,106.79300755138375,19.9644
1074.0,BTK702,-6.080031306628849,106.58165007145092,0.0
1074.0,CTV855,-6.270521288931953,106.89684879808058,0.0
1075.0,SD05,-6.2651600566596075,106.88794392318687,19.149729
1075.0,LNI204,-6.197400649214928,106.79276704140688,19.9644
1075.0,BTK702,-6.079787007314898,106.58125495788559,0.0
1075.0,CTV855,-6.270713033720728,106.8971672838869,0.0
1076.0,SD05,-6.265292001983183,106.88816307771721,18.655989
1076.0,LNI204,-6.197312888683939,106.79252653150998,19.9644
1076.0,BTK702,-6.079542708000946,106.5808598444997,0.0
1076.0,CTV855,-6.270904778509504,106.89748576981033,0.0
1077.0,SD05,-6.265423944093252,106.8883822271722,18.162249
1077.0,LNI204,-6.197225128044575,106.79228602169314,19.9644
1077.0,BTK702,-6.079298408686994,106.58046473129325,0.0
1077.0,CTV855,-6.271096523298279,106.89780425585087,0.0
1078.0,SD05,-6.265555882989916,106.88860137155204,17.668509
1078.0,LNI204,-6.197137367296839,106.79204551195629,19.9644
1078.0,BTK702,-6.079054109373042,106.58006961826622,0.0
1078.0,CTV855,-6.271288268087055,106.89812274200855,0.0
1079.0,SD05,-6.265687818673276,106.88882051085693,17.174769
1079.0,LNI204,-6.197049606440731,106.79180500229948,19.9644
1079.0,BTK702,-6.078809810059091,106.57967450541861,0.0
1079.0,CTV855,-6.271480012875831,106.89844122828336,0.0
1080.0,SD05,-6.265819751143429,106.88903964508702,16.681029
1080.0,LNI204,-6.196961845476253,106.79156449272264,19.9644
1080.0,BTK702,-6.078565510745139,106.57927939275041,0.0
1080.0,CTV855,-6.271671757664606,106.8987597146753,0.0
1081.0,SD05,-6.265951680400473,106.8892587742425,16.187289
1081.0,LNI204,-6.196874084403404,106.79132398322585,19.9644
1081.0,BTK702,-6.078321211431187,106.57888428026162,0.0
1081.0,CTV855,-6.271863502453382,106.89907820118437,0.0
1082.0,SD05,-6.266083606444491,106.88947789832358,15.693549
1082.0,LNI204,-6.1967863232221925,106.79108347380904,19.9644
1082.0,BTK702,-6.078076912117235,106.57848916795221,0.0
1082.0,CTV855,-6.272055247242157,106.89939668781057,0.0
1083.0,SD05,-6.266215529275569,106.88969701733042,15.199809
1083.0,LNI204,-6.196698561932606,106.79084296447226,19.9644
1083.0,BTK702,-6.077832612803284,106.5780940558222,0.0
1083.0,CTV855,-6.272246992030933,106.89971517455392,0.0
1084.0,SD05,-6.266347448893775,106.88991613126326,14.706069
1084.0,LNI204,-6.196610800534661,106.79060245521546,19.9644
1084.0,BTK702,-6.077588313489332,106.57769894387157,0.0
1084.0,CTV855,-6.2724387368197085,106.90003366141441,0.0
1085.0,SD05,-6.266479365299169,106.89013524012229,14.212329
1085.0,LNI204,-6.19652303902835,106.7903619460387,19.9644
1085.0,BTK702,-6.07734401417538,106.57730383210031,0.0
1085.0,CTV855,-6.272630481608484,106.90035214839207,0.0
1086.0,SD05,-6.266611278491775,106.89035434390772,13.718589
1086.0,LNI204,-6.196435277413673,106.79012143694192,19.9644
1086.0,BTK702,-6.077099714861428,106.57690872050843,0.0
1086.0,CTV855,-6.27282222639726,106.90067063548689,0.0
1087.0,SD05,-6.266743188471552,106.89057344261984,13.224849
1087.0,LNI204,-6.196347515690637,106.78988092792517,19.9644
1087.0,BTK702,-6.0768554155474765,106.5765136090959,0.0
1087.0,CTV855,-6.273013971186035,106.90098912269886,0.0
1088.0,SD05,-6.266875095137141,106.89079253609098,12.593949
1088.0,LNI204,-6.196259753859244,106.78964041898838,19.9644
1088.0,BTK702,-6.076611116233525,106.57611849786272,0.0
1088.0,CTV855,-6.273205715974811,106.901307610028,0.0
1089.0,SD05,-6.2670069943907105,106.89101161751796,10.690509
1089.0,LNI204,-6.196171991919493,106.78939991013164,19.9644
1089.0,BTK702,-6.076366816919573,106.57572338680889,0.0
1089.0,CTV855,-6.2733974607635865,106.90162609747429,0.0
1090.0,SD05,-6.267138876995567,106.89123067144497,7.263069
1090.0,LNI204,-6.196084229871384,106.78915940135485,19.9644
1090.0,BTK702,-6.076122517605621,106.5753282759344,0.0
1090.0,CTV855,-6.273589205552362,106.90194458503775,0.0
1091.0,SD05,-6.267270733368839,106.8914496818573,2.311629
1091.0,LNI204,-6.1959964677149175,106.78891889265812,19.9644
1091.0,BTK702,-6.0758782182916695,106.57493316523923,0.0
1091.0,CTV855,-6.273780950341138,106.9022630727184,0.0
1092.0,SD05,-6.267402561126182,106.89166864479455,0.0
1092.0,LNI204,-6.195908705450093,106.78867838404133,19.9644
1092.0,BTK702,-6.075633918977718,106.57453805472339,0.0
1092.0,CTV855,-6.273972695129913,106.90258156051621,0.0
1093.0,SD05,-6.267534385675911,106.89188760245938,0.0
1093.0,LNI204,-6.195820943076912,106.7884378755046,19.9644
1093.0,BTK702,-6.075389619663766,106.57414294438686,0.0
1093.0,CTV855,-6.274164439918689,106.9029000484312,0.0
1094.0,SD05,-6.267666210225641,106.89210656017951,0.0
1094.0,LNI204,-6.19573318059539,106.78819736704781,19.9644
1094.0,BTK702,-6.075145320349814,106.57374783422965,0.0
1094.0,CTV855,-6.2743561847074645,106.90321853646338,0.0
1095.0,SD05,-6.26779803477537,106.89232551795499,0.0
1095.0,LNI204,-6.19564541800551,106.78795685867107,19.9644
1095.0,BTK702,-6.0749010210358625,106.57335272425175,0.0
1095.0,CTV855,-6.27454792949624,106.90353702461275,0.0
1096.0,SD05,-6.2679298593251,106.8925444757858,0.0
1096.0,LNI204,-6.19555765530728,106.78771635037428,19.9644
1096.0,BTK702,-6.074656721721911,106.57295761445313,0.0
1096.0,CTV855,-6.274739674285016,106.9038555128793,0.0
1097.0,SD05,-6.268061683874829,106.89276343367192,0.0
1097.0,LNI204,-6.195469892500703,106.78747584215752,19.9644
1097.0,BTK702,-6.074412422407959,106.5725625048338,0.0
1097.0,CTV855,-6.274931419073791,106.90417400126306,0.0
1098.0,SD05,-6.268193508424559,106.89298239161337,0.0
1098.0,LNI204,-6.195382129585779,106.78723533402074,19.9644
1098.0,BTK702,-6.074168123094007,106.57216739539375,0.0
1098.0,CTV855,-6.275123163862567,106.90449248976401,0.0
1099.0,SD05,-6.268325332974288,106.89320134961018,0.0
1099.0,LNI204,-6.195294366562505,106.78699482596394,19.9644
1099.0,BTK702,-6.0739238237800555,106.57177228613297,0.0
1099.0,CTV855,-6.2753149086513424,106.90481097838217,0.0
1100.0,SD05,-6.2684571575240176,106.89342030766231,0.0
1100.0,LNI204,-6.19520660343089,106.78675431798716,19.9644
1100.0,BTK702,-6.073679524466104,106.57137717705146,0.0
1100.0,CTV855,-6.275506653440118,106.90512946711753,0.0
1101.0,SD05,-6.268588982073747,106.89363926576978,0.0
1101.0,LNI204,-6.19511884019093,106.78651381009034,19.9644
1101.0,BTK702,-6.073435225152152,106.57098206814919,0.0
1101.0,CTV855,-6.275698398228894,106.9054479559701,0.0
1102.0,SD05,-6.2687208066234765,106.89385822393258,0.0
1102.0,LNI204,-6.195031076842627,106.78627330227354,19.9644
1102.0,BTK702,-6.0731909258382,106.57058695942618,0.0
1102.0,CTV855,-6.275890143017669,106.90576644493989,0.0
1103.0,SD05,-6.268852631173206,106.89407718215072,0.0
1103.0,LNI204,-6.1949433133859815,106.7860327945367,19.9644
1103.0,BTK702,-6.072946626524248,106.57019185088242,0.0
1103.0,CTV855,-6.276081887806445,106.90608493402688,0.0
1104.0,SD05,-6.2689844557229355,106.8942961404242,0.0
1104.0,LNI204,-6.194855549820996,106.78579228687987,19.9644
1104.0,BTK702,-6.072702327210297,106.5697967425179,0.0
1104.0,CTV855,-6.27627363259522,106.9064034232311,0.0
1105.0,SD05,-6.269116280272665,106.89451509875303,0.0
1105.0,LNI204,-6.194767786147672,106.785551779303,19.9644
1105.0,BTK702,-6.072458027896345,106.56940163433259,0.0
1105.0,CTV855,-6.276465377383996,106.90672191255254,0.0
1106.0,SD05,-6.2692481048223945,106.89473405713721,0.0
1106.0,LNI204,-6.194680022366009,106.78531127180614,19.9644
1106.0,BTK702,-6.072213728582393,106.5690065263265,0.0
1106.0,CTV855,-6.276657122172772,106.90704040199121,0.0
1107.0,SD05,-6.269379929372124,106.89495301557672,0.0
1107.0,LNI204,-6.194592258476008,106.78507076438926,19.9644
1107.0,BTK702,-6.071969429268441,106.56861141849963,0.0
1107.0,CTV855,-6.276848866961547,106.9073588915471,0.0
1108.0,SD05,-6.2695117539218534,106.89517197407157,0.0
1108.0,LNI204,-6.194504494477671,106.78483025705235,19.9644
1108.0,BTK702,-6.07172512995449,106.56821631085195,0.0
1108.0,CTV855,-6.277040611750323,106.90767738122025,0.0
